customer_id,customer_name,customer_type,business_type,occupation,home_country,is_pep,risk_rating,expected_activity_level,expected_monthly_volume,expected_monthly_txn_count,onboarding_date
CUST00001,"Rodriguez, Figueroa and Sanchez",Business,Cash-Intensive Retail (Car Wash),,KR,False,Medium,Low,28528.39,10,2022-10-21
CUST00002,"Garcia, Yang and Gardner",Business,Precious Metals Dealer,,IT,False,Medium,High,767534.9,84,2025-03-16
CUST00003,Brandon Hall,Individual,,Retired,AU,False,Low,Medium,5896.07,13,2021-11-04
CUST00004,Michelle Miles,Individual,,Business Owner,US,False,Low,Low,1807.19,6,2025-03-09
CUST00005,Kevin Pacheco,Individual,,Freelancer / Gig Worker,IN,False,Medium,Low,1128.22,7,2021-09-03
CUST00006,Caitlin Henderson,Individual,,Self-Employed,SG,False,Low,Medium,7782.66,16,2023-12-25
CUST00007,Lewis LLC,Business,Education Services,,DE,False,Low,Medium,64884.13,30,2022-06-27
CUST00008,Brent Abbott,Individual,,Government Employee,PK,False,Medium,Medium,5089.24,11,2023-11-13
CUST00009,Monica Herrera,Individual,,Self-Employed,US,False,Low,Medium,5336.39,14,2024-11-02
CUST00010,Arnold Ltd,Business,Technology / SaaS,,US,False,Low,Medium,81015.15,23,2024-09-10
CUST00011,"Lee, Jones and Stanley",Business,Import/Export Trading,,US,False,Low,Low,57301.82,8,2024-01-30
CUST00012,Wyatt Inc,Business,Professional Services (Legal/Accounting),,LY,False,High,Low,13210.1,8,2024-11-07
CUST00013,Chavez-Flowers,Business,Charity / NPO,,AU,False,Medium,Low,52612.22,12,2023-01-01
CUST00014,Daniel Adams,Individual,,Retired,US,False,Low,Low,944.14,4,2022-03-23
CUST00015,"Reid, Ferguson and Sanchez",Business,Manufacturing,,IN,False,Medium,High,323626.92,45,2025-07-20
CUST00016,William Bowman,Individual,,Salaried Employee,US,False,Low,Low,1746.32,6,2023-06-27
CUST00017,Sarah Parsons,Individual,,Government Employee,SG,False,Low,Low,1511.52,9,2023-07-26
CUST00018,Trujillo Group,Business,Casino / Gaming,,ZA,False,Low,Medium,241108.2,27,2023-11-23
CUST00019,Thomas Bradley,Individual,,Educator,US,False,Medium,Medium,3705.87,16,2024-04-17
CUST00020,Jonathan Wilkerson,Individual,,Business Owner,US,False,Low,Low,3017.17,14,2025-07-09
CUST00021,Baker and Sons,Business,Technology / SaaS,,US,False,Low,Medium,51881.88,20,2023-11-08
CUST00022,Jessica Silva,Individual,,Government Employee,US,False,Low,Medium,3338.83,12,2024-09-11
CUST00023,Zachary Hicks,Individual,,Educator,US,False,Low,Low,1259.5,4,2022-05-23
CUST00024,Shannon Hernandez,Individual,,Healthcare Worker,US,False,Low,Medium,4374.25,18,2022-12-24
CUST00025,Jennifer Brown,Individual,,Healthcare Worker,IN,False,Medium,Low,1279.18,4,2024-11-11
CUST00026,"Ferrell, Rice and Maddox",Business,Retail - E-commerce,,US,False,Medium,High,276303.55,88,2021-09-18
CUST00027,"Le, Maldonado and Herrera",Business,Professional Services (Legal/Accounting),,US,False,Low,Medium,63973.99,17,2023-11-20
CUST00028,Gina Carter,Individual,,Self-Employed,US,False,Low,Low,2501.7,4,2022-12-18
CUST00029,Troy Liu,Individual,,Freelancer / Gig Worker,LY,False,High,Low,1688.12,9,2023-11-10
CUST00030,Pamela Romero,Individual,,Freelancer / Gig Worker,US,False,Low,Medium,3916.41,10,2022-07-10
CUST00031,"Evans, Fowler and Lynch",Business,Manufacturing,,US,False,Low,Low,17797.0,8,2022-12-01
CUST00032,Christopher Ashley,Individual,,Healthcare Worker,US,False,Medium,Low,1175.73,5,2021-08-15
CUST00033,"Nguyen, Smith and Hickman",Business,Professional Services (Legal/Accounting),,US,False,Low,Medium,144815.49,43,2024-03-26
CUST00034,Brown PLC,Business,Education Services,,BR,False,Low,Low,22876.24,8,2022-04-15
CUST00035,Dennis Inc,Business,Import/Export Trading,,SG,False,Medium,High,1626096.92,51,2022-09-08
CUST00036,John Pierce,Individual,,Student,KH,False,Medium,Low,3160.41,4,2023-11-15
CUST00037,"Brennan, Henderson and Lewis",Business,Education Services,,AE,False,Low,Medium,67619.0,41,2023-04-30
CUST00038,Jennifer Powers,Individual,,Self-Employed,LB,False,Low,Low,1431.36,3,2024-10-17
CUST00039,Joseph Martinez,Individual,,Salaried Employee,SG,False,Low,Medium,8552.38,14,2023-07-13
CUST00040,Alex Spencer,Individual,,Healthcare Worker,VE,False,High,Low,1449.78,11,2023-06-29
CUST00041,Jones Ltd,Business,Cash-Intensive Retail (Car Wash),,SY,False,Medium,Medium,121950.21,35,2022-02-12
CUST00042,Taylor Heath,Individual,,Business Owner,US,False,Low,High,13559.42,26,2022-03-22
CUST00043,"Young, Caldwell and Lewis",Business,Professional Services (Legal/Accounting),,ZA,False,Low,Medium,63290.89,38,2022-09-29
CUST00044,Sonya Johnston,Individual,,Student,KR,False,Low,Low,811.08,6,2023-09-07
CUST00045,Rhonda Lee,Individual,,Student,US,False,Low,Low,1037.64,5,2022-06-11
CUST00046,"Jordan, Henderson and Owens",Business,Retail - E-commerce,,GB,False,Low,Medium,110467.53,28,2022-01-29
CUST00047,"Valdez, Lucas and Brown",Business,Consulting Services,,CA,False,Low,Medium,39723.31,31,2024-07-03
CUST00048,Wright and Sons,Business,Precious Metals Dealer,,LB,False,Medium,Medium,232462.28,15,2025-06-07
CUST00049,Clifford Ford,Individual,,Business Owner,AF,False,High,Medium,4697.99,10,2022-04-05
CUST00050,Scott Pierce,Individual,,Educator,CH,False,Low,Low,2247.51,7,2022-01-18
CUST00051,Kimberly Smith,Individual,,Healthcare Worker,CA,False,Low,Low,728.57,5,2022-05-30
CUST00052,Sarah Martin,Individual,,Self-Employed,HK,False,Low,Low,1228.3,7,2025-09-30
CUST00053,Dr. Steven Martin,Individual,,Business Owner,BR,False,Low,Low,1424.51,5,2021-08-20
CUST00054,Mrs. Rachel Gibson,Individual,,Business Owner,US,False,Low,Medium,4625.13,10,2025-03-20
CUST00055,"Bernard, Cowan and Peters",Business,Charity / NPO,,BR,False,High,Medium,241675.01,29,2025-10-04
CUST00056,Lee and Sons,Business,Professional Services (Legal/Accounting),,PH,False,Medium,Medium,62308.8,37,2022-02-11
CUST00057,"Fitzgerald, Brown and Edwards",Business,Cash-Intensive Retail (Convenience Store),,DE,False,Medium,Medium,216247.29,27,2022-01-16
CUST00058,Kathryn Farrell,Individual,,Business Owner,US,False,Low,Medium,7670.97,14,2022-12-16
CUST00059,Jordan York,Individual,,Business Owner,DE,False,Low,Low,1606.95,7,2022-03-14
CUST00060,"Jones, Hensley and Powell",Business,Professional Services (Legal/Accounting),,US,False,Low,Low,7466.89,6,2023-09-17
CUST00061,Amanda Miller,Individual,,Government Employee,US,False,Low,High,21433.58,41,2026-01-24
CUST00062,Donovan-Harris,Business,Money Service Business,,AU,False,Low,Medium,289082.44,25,2024-04-16
CUST00063,Baker and Sons,Business,Precious Metals Dealer,,AU,False,Low,Low,59615.6,16,2024-03-03
CUST00064,Stewart-Walton,Business,Money Service Business,,IT,False,Low,High,395146.34,79,2022-03-27
CUST00065,Marc Hart,Individual,,Self-Employed,ES,False,Low,Medium,5615.46,15,2022-06-20
CUST00066,Daniel Baker,Individual,,Business Owner,US,False,Low,Medium,5342.74,19,2024-08-02
CUST00067,Sherry Wood,Individual,,Healthcare Worker,SG,False,Low,Low,1536.87,6,2022-12-17
CUST00068,Joshua Turner,Individual,,Student,BR,False,Low,Low,1120.51,3,2026-02-12
CUST00069,Contreras PLC,Business,Cash-Intensive Retail (Convenience Store),,NL,False,Medium,Medium,265086.06,18,2024-03-01
CUST00070,"Garcia, Humphrey and Baker",Business,Manufacturing,,SG,False,Low,Medium,53282.29,34,2022-07-12
CUST00071,Brittney Campbell,Individual,,Educator,KR,False,Low,Medium,6195.3,16,2023-05-30
CUST00072,Christina Walters,Individual,,Healthcare Worker,MX,False,Low,Medium,7573.95,19,2023-11-12
CUST00073,Danielle Odonnell,Individual,,Retired,US,False,Low,Low,790.15,5,2022-01-18
CUST00074,Walters LLC,Business,Real Estate Agency,,JP,False,Low,Medium,35462.24,10,2021-12-28
CUST00075,Cook and Sons,Business,Construction,,US,False,Low,Medium,34744.08,22,2023-11-05
CUST00076,Figueroa PLC,Business,Money Service Business,,US,False,Medium,Low,35365.34,13,2025-04-03
CUST00077,"Smith, Jones and Ware",Business,Technology / SaaS,,MM,False,High,Low,24517.51,8,2022-11-20
CUST00078,Sandra Aguilar,Individual,,Freelancer / Gig Worker,PA,False,Medium,Low,1079.04,5,2022-11-17
CUST00079,Andrew Diaz,Individual,,Retired,IT,False,Low,Medium,2595.47,11,2021-12-15
CUST00080,Christine Wright,Individual,,Government Employee,AE,False,Medium,Medium,5674.85,14,2022-06-29
CUST00081,Justin Baxter,Individual,,Healthcare Worker,IN,False,Low,Low,1663.98,11,2022-12-07
CUST00082,Cynthia Martin,Individual,,Business Owner,DE,False,Medium,Low,1098.98,5,2023-02-15
CUST00083,Johnson-Doyle,Business,Professional Services (Legal/Accounting),,ZA,False,Low,Low,14184.83,8,2024-06-11
CUST00084,Jennifer Santiago,Individual,,Retired,GB,False,Low,Low,1094.8,6,2023-09-24
CUST00085,Moore-Haynes,Business,Professional Services (Legal/Accounting),,NG,False,Medium,High,107553.48,42,2024-11-14
CUST00086,Garrison and Sons,Business,Real Estate Agency,,SG,False,Low,Medium,44756.31,26,2023-04-26
CUST00087,Bailey-Hoover,Business,Construction,,US,False,Low,Medium,51726.73,15,2023-07-22
CUST00088,Matthew Ross,Individual,,Freelancer / Gig Worker,IT,False,Medium,Low,805.92,7,2023-12-27
CUST00089,Rasmussen LLC,Business,Casino / Gaming,,SE,False,Medium,High,979554.11,68,2024-08-08
CUST00090,Jennifer Zavala,Individual,,Salaried Employee,MM,False,High,Medium,7014.45,10,2024-06-07
CUST00091,Wilson LLC,Business,Education Services,,US,False,Low,Medium,51424.58,25,2023-02-19
CUST00092,Victoria Johnson,Individual,,Freelancer / Gig Worker,US,False,Low,Medium,9666.67,10,2025-04-25
CUST00093,Chandler-Edwards,Business,Cash-Intensive Retail (Restaurant),,SE,False,Low,Medium,161464.85,22,2025-12-19
CUST00094,Cruz PLC,Business,Cryptocurrency Exchange,,PK,False,Medium,Medium,229907.19,46,2023-03-27
CUST00095,Michael Smith,Individual,,Student,SE,False,Low,High,12819.39,17,2023-04-18
CUST00096,Benjamin Beck,Individual,,Business Owner,IN,False,Low,Low,1019.34,7,2024-06-04
CUST00097,Mary Martinez,Individual,,Healthcare Worker,US,False,Low,Low,829.67,5,2024-03-04
CUST00098,Mary Nguyen,Individual,,Retired,VE,False,Medium,Low,1775.69,5,2024-02-18
CUST00099,"Martinez, Fisher and Bentley",Business,Technology / SaaS,,US,False,Low,Low,20097.25,11,2023-02-05
CUST00100,"Carroll, Sullivan and Bass",Business,Cash-Intensive Retail (Convenience Store),,US,False,Medium,High,998191.12,72,2024-03-15
CUST00101,Clark-Floyd,Business,Manufacturing,,SG,False,Medium,High,211404.81,76,2024-05-11
CUST00102,Jeremy Lewis,Individual,,Educator,CA,False,Low,Low,2093.18,3,2025-08-23
CUST00103,Toni Fitzgerald,Individual,,Salaried Employee,US,False,Low,Low,1398.05,8,2022-05-04
CUST00104,Matthew Harvey,Individual,,Self-Employed,LB,False,Low,Medium,4362.56,16,2022-05-31
CUST00105,Nicole Chambers,Individual,,Student,US,True,Low,Medium,5974.68,13,2023-07-12
CUST00106,Brittany Williams,Individual,,Retired,US,False,Low,Medium,5801.39,19,2025-08-29
CUST00107,Patricia Gibson,Individual,,Healthcare Worker,AE,False,Low,Low,1962.12,4,2023-04-10
CUST00108,Janet Ross,Individual,,Freelancer / Gig Worker,PK,False,Low,Low,1653.37,6,2022-11-15
CUST00109,Abigail Potter,Individual,,Salaried Employee,TR,False,Medium,Low,2273.16,4,2022-07-11
CUST00110,Robinson-Brock,Business,Money Service Business,,IN,False,Medium,Low,39510.31,7,2026-01-09
CUST00111,Justin Lowery,Individual,,Business Owner,US,False,Low,High,29765.48,22,2022-08-26
CUST00112,Robert Contreras,Individual,,Government Employee,GB,False,Low,Low,1943.46,7,2024-04-25
CUST00113,Stephanie Salazar,Individual,,Student,MX,False,Low,Medium,10809.17,23,2025-11-29
CUST00114,Terry Griffin,Individual,,Business Owner,US,False,Low,Low,1023.01,6,2022-12-21
CUST00115,Karen Green,Individual,,Business Owner,US,True,Low,High,27349.74,30,2023-09-21
CUST00116,"Ramirez, Strickland and Washington",Business,Real Estate Agency,,US,False,Low,Low,11552.66,6,2023-08-27
CUST00117,Billy Mitchell,Individual,,Educator,US,False,Low,Medium,8692.74,19,2023-12-06
CUST00118,Steven Miller,Individual,,Educator,IN,False,Low,Medium,9415.2,19,2022-11-25
CUST00119,Reyes and Sons,Business,Construction,,CH,False,Low,Low,12253.2,10,2023-06-09
CUST00120,Jason Daniels,Individual,,Salaried Employee,KP,False,Medium,Medium,6602.05,9,2025-02-25
CUST00121,Ross Price,Individual,,Self-Employed,DE,False,Medium,Low,715.08,3,2021-10-13
CUST00122,"James, Smith and Bell",Business,Cash-Intensive Retail (Restaurant),,SE,False,Medium,Medium,206754.83,39,2024-12-07
CUST00123,Tiffany Barnes,Individual,,Business Owner,KR,False,Low,Low,2472.14,10,2023-06-30
CUST00124,Don Tucker MD,Individual,,Business Owner,US,False,Low,Medium,6281.63,15,2025-01-21
CUST00125,"Martin, Mcdonald and Anderson",Business,Technology / SaaS,,AU,False,Low,High,210618.48,78,2021-11-05
CUST00126,Leslie Alvarado,Individual,,Student,US,False,Low,Medium,3045.97,17,2022-05-01
CUST00127,Brandy Murray,Individual,,Salaried Employee,US,False,Medium,Low,2006.37,4,2022-01-17
CUST00128,Garrett Gibson,Individual,,Healthcare Worker,US,False,Low,Low,1932.79,6,2024-06-27
CUST00129,Jamie Walton,Individual,,Salaried Employee,TR,False,Low,Medium,5941.52,14,2025-03-15
CUST00130,Conley-Ruiz,Business,Construction,,BR,False,Low,Low,23191.41,8,2022-01-22
CUST00131,Mrs. Marie Harrington DDS,Individual,,Government Employee,TR,False,Medium,Low,1520.39,5,2021-11-18
CUST00132,Gonzalez Inc,Business,Technology / SaaS,,US,False,Low,Medium,68767.87,25,2022-11-30
CUST00133,Martinez Ltd,Business,Cryptocurrency Exchange,,US,False,Low,High,479679.15,61,2022-08-04
CUST00134,"Gould, Marshall and Scott",Business,Cryptocurrency Exchange,,BR,False,Medium,Low,63577.16,14,2024-10-03
CUST00135,Obrien Ltd,Business,Cash-Intensive Retail (Restaurant),,IN,False,Low,Low,40261.48,7,2022-08-04
CUST00136,Oconnell Inc,Business,Healthcare Services,,US,False,Low,Medium,69350.4,23,2021-11-01
CUST00137,Laura Odonnell,Individual,,Self-Employed,US,False,Low,High,22289.13,35,2024-10-23
CUST00138,Miguel Jones,Individual,,Retired,US,False,Low,High,27274.99,34,2023-09-07
CUST00139,Raymond Jefferson,Individual,,Student,YE,False,Medium,High,22868.09,10,2022-08-25
CUST00140,Kylie Williams,Individual,,Self-Employed,PA,False,Low,Low,2423.36,5,2025-04-05
CUST00141,"Wood, Hunter and Peterson",Business,Healthcare Services,,US,False,Low,High,176027.55,58,2025-03-11
CUST00142,Ashley Yu,Individual,,Business Owner,CA,False,Low,Low,1518.28,5,2025-07-12
CUST00143,"Hernandez, Thompson and Boyd",Business,Cash-Intensive Retail (Car Wash),,IN,False,Low,Medium,264964.16,22,2023-12-01
CUST00144,"Morton, Medina and Webb",Business,Charity / NPO,,US,False,Low,Low,58213.46,11,2025-04-28
CUST00145,Leslie Morris,Individual,,Healthcare Worker,CU,False,High,High,17989.99,25,2023-09-15
CUST00146,Angelica Keith,Individual,,Business Owner,US,False,Low,Low,1697.09,7,2023-09-10
CUST00147,Laura Barnett,Individual,,Business Owner,NL,False,Low,Low,1297.45,7,2024-06-24
CUST00148,Samuel White,Individual,,Salaried Employee,RU,False,Medium,Medium,6850.72,9,2023-06-04
CUST00149,David Ramirez,Individual,,Government Employee,US,False,Low,Medium,6110.57,12,2023-12-20
CUST00150,Kellie Lee,Individual,,Retired,US,False,Medium,Low,1861.0,3,2023-09-02
CUST00151,"Russell, Peters and Allen",Business,Technology / SaaS,,JP,False,Low,Medium,90923.33,26,2025-09-01
CUST00152,"Joseph, West and Smith",Business,Money Service Business,,GB,False,Medium,Medium,148077.66,31,2024-02-14
CUST00153,Sullivan and Sons,Business,Cash-Intensive Retail (Convenience Store),,US,False,Medium,Medium,137846.9,19,2024-03-22
CUST00154,"Perkins, Kennedy and Schmidt",Business,Retail - E-commerce,,MM,False,High,Medium,55864.02,25,2025-03-27
CUST00155,Krista Bell MD,Individual,,Healthcare Worker,ZA,False,Low,Low,1563.44,6,2024-03-23
CUST00156,Bryan Lee,Individual,,Self-Employed,US,False,Medium,Low,1468.7,4,2022-08-20
CUST00157,"Herrera, Gill and Lopez",Business,Real Estate Agency,,US,False,Low,Low,13843.25,6,2023-06-17
CUST00158,Destiny Lawrence,Individual,,Self-Employed,SY,False,High,High,33052.17,32,2026-01-29
CUST00159,Veronica Wall,Individual,,Government Employee,SG,False,Medium,Medium,3678.19,8,2024-02-20
CUST00160,Christopher Smith,Individual,,Student,US,False,Low,Medium,6390.98,11,2022-09-11
CUST00161,Williams-Brown,Business,Consulting Services,,US,False,Low,High,386119.5,84,2024-02-07
CUST00162,Beth Oneill,Individual,,Salaried Employee,US,False,Low,Medium,3733.05,11,2025-10-17
CUST00163,Adam Mitchell,Individual,,Retired,US,False,Low,Low,1378.94,6,2025-09-09
CUST00164,Peterson-Sheppard,Business,Casino / Gaming,,AE,False,High,Low,52681.98,10,2023-10-07
CUST00165,Karen Short,Individual,,Freelancer / Gig Worker,LB,False,Medium,Medium,5796.78,13,2025-01-09
CUST00166,Jones-Soto,Business,Education Services,,US,False,Low,Low,14158.6,14,2022-01-27
CUST00167,Robert Avery,Individual,,Freelancer / Gig Worker,US,False,Low,Low,666.04,3,2022-05-05
CUST00168,Bailey Duran DDS,Individual,,Freelancer / Gig Worker,SE,False,Low,Low,2142.84,8,2023-07-16
CUST00169,Jamie Kerr,Individual,,Business Owner,AU,False,Low,Low,1559.21,6,2024-02-23
CUST00170,"Branch, Torres and Oliver",Business,Real Estate Agency,,MM,False,Medium,Medium,54884.54,15,2022-06-18
CUST00171,Garrett LLC,Business,Consulting Services,,IN,False,Low,Low,13207.65,7,2022-04-23
CUST00172,Christopher Jones,Individual,,Retired,IN,False,Low,Medium,4595.46,14,2021-08-22
CUST00173,Michael Harrison,Individual,,Healthcare Worker,US,False,Low,Medium,7487.69,13,2021-11-23
CUST00174,Michael Warner,Individual,,Business Owner,NL,False,Low,Medium,10256.2,18,2025-06-24
CUST00175,Mcdaniel LLC,Business,Casino / Gaming,,NL,False,Medium,Low,32536.93,15,2023-04-20
CUST00176,Joshua Holland,Individual,,Self-Employed,US,False,Low,Low,1194.55,4,2023-11-17
CUST00177,Andrea Martin,Individual,,Salaried Employee,US,False,Low,Medium,5056.03,13,2024-03-26
CUST00178,"Curry, Carroll and Roberts",Business,Casino / Gaming,,AU,False,Low,Medium,118460.69,37,2022-09-04
CUST00179,Barker-Lyons,Business,Education Services,,US,False,High,Low,18019.11,12,2023-12-07
CUST00180,"Fernandez, Kim and George",Business,Technology / SaaS,,US,False,Low,High,165176.73,61,2025-04-17
CUST00181,Lindsey Johnson,Individual,,Educator,PK,False,Low,Low,2582.15,8,2023-07-26
CUST00182,"Huff, Johnston and Sampson",Business,Cash-Intensive Retail (Restaurant),,JP,False,Medium,Medium,155820.48,14,2023-11-29
CUST00183,Pamela Thompson,Individual,,Retired,SE,False,Low,Low,1667.22,4,2026-01-12
CUST00184,Sydney White,Individual,,Student,YE,False,Medium,Low,2128.11,6,2025-04-29
CUST00185,Katherine Davis,Individual,,Educator,KR,False,Low,Medium,7564.66,17,2024-07-30
CUST00186,Cook-Santiago,Business,Money Service Business,,CU,False,Medium,High,602937.15,60,2022-12-26
CUST00187,Michael Roberts,Individual,,Freelancer / Gig Worker,IR,False,Low,Medium,2806.8,7,2025-01-09
CUST00188,Krista Gibson,Individual,,Salaried Employee,JP,False,Low,Medium,12097.37,17,2024-04-17
CUST00189,Brian Barton,Individual,,Self-Employed,GB,False,Low,Low,2016.54,3,2025-12-29
CUST00190,Sandoval PLC,Business,Cryptocurrency Exchange,,LB,False,High,Medium,73832.43,30,2025-07-19
CUST00191,Cody Cox,Individual,,Educator,US,False,Low,Low,567.32,5,2025-11-09
CUST00192,Olivia Harris,Individual,,Government Employee,PH,False,Low,Low,2852.35,5,2022-09-25
CUST00193,Jessica Wolfe,Individual,,Healthcare Worker,ZA,False,Low,Medium,5953.46,8,2022-08-26
CUST00194,Mark Lloyd,Individual,,Healthcare Worker,JP,False,Low,Low,1944.83,3,2022-12-19
CUST00195,Adam Russell,Individual,,Business Owner,IT,False,Low,High,23564.13,36,2023-07-13
CUST00196,Murray Inc,Business,Professional Services (Legal/Accounting),,TR,False,Medium,Low,12474.67,7,2022-12-05
CUST00197,Cantu-Carter,Business,Money Service Business,,HK,False,Low,High,686471.49,71,2023-12-11
CUST00198,Davenport-Baird,Business,Precious Metals Dealer,,AE,False,High,Low,39448.19,8,2023-09-10
CUST00199,Arnold-Reyes,Business,Cash-Intensive Retail (Car Wash),,JP,False,Low,High,1014116.66,53,2025-12-10
CUST00200,Breanna Jones,Individual,,Business Owner,US,False,Medium,Medium,3531.05,17,2025-02-23
CUST00201,Villa-Romero,Business,Retail - E-commerce,,US,False,Low,Medium,63840.39,27,2021-08-21
CUST00202,Barber-Monroe,Business,Manufacturing,,FR,False,Low,Medium,32495.77,25,2025-10-13
CUST00203,Jill Washington,Individual,,Salaried Employee,NL,False,Low,High,33542.73,25,2024-06-11
CUST00204,Kimberly Gibson,Individual,,Self-Employed,KH,False,Low,Low,1834.75,3,2024-05-09
CUST00205,Veronica Allen,Individual,,Salaried Employee,FR,False,Low,Low,1912.86,6,2024-11-15
CUST00206,Reginald Williams,Individual,,Educator,HK,False,Low,Medium,3465.94,20,2025-08-22
CUST00207,Roberta Hughes,Individual,,Salaried Employee,US,False,Low,High,20197.12,28,2022-11-29
CUST00208,Andrew Shaw MD,Individual,,Self-Employed,GB,False,Low,Medium,8006.94,18,2022-06-21
CUST00209,Garcia-Lozano,Business,Cryptocurrency Exchange,,RU,False,Medium,Low,25387.33,10,2021-09-30
CUST00210,Jennifer Pena,Individual,,Student,IR,False,High,Low,1188.68,6,2022-12-06
CUST00211,Harrison LLC,Business,Import/Export Trading,,US,False,Low,High,1275160.38,54,2024-06-30
CUST00212,Jennifer Miller,Individual,,Salaried Employee,CH,False,Low,Medium,10026.91,13,2024-05-30
CUST00213,"Villarreal, James and Stewart",Business,Professional Services (Legal/Accounting),,ES,False,Low,Medium,46559.48,19,2025-10-08
CUST00214,Amanda Jones,Individual,,Government Employee,ZA,False,Low,Low,910.25,3,2024-01-23
CUST00215,Nicole Hamilton MD,Individual,,Self-Employed,US,False,Low,Medium,5667.68,26,2022-06-22
CUST00216,Jackson-Evans,Business,Precious Metals Dealer,,NG,False,Medium,Medium,187365.53,27,2021-11-11
CUST00217,Nguyen Inc,Business,Cryptocurrency Exchange,,PA,False,High,Low,47905.09,8,2024-02-11
CUST00218,Jeffrey Sanchez,Individual,,Healthcare Worker,JP,False,Low,Low,1679.41,4,2025-02-14
CUST00219,"Maldonado, White and Thompson",Business,Charity / NPO,,US,False,Low,Medium,202058.72,23,2024-11-14
CUST00220,Cynthia Durham,Individual,,Retired,CH,False,Low,Low,1536.08,7,2022-11-01
CUST00221,Mark Stevens,Individual,,Student,KH,False,Medium,High,31656.42,27,2021-09-12
CUST00222,Santana-Byrd,Business,Construction,,IN,False,Medium,High,215486.65,82,2022-12-17
CUST00223,Tony Huerta,Individual,,Salaried Employee,SG,False,Low,Low,1671.55,8,2024-02-29
CUST00224,"Hayden, Vaughn and Bryant",Business,Casino / Gaming,,CU,False,High,High,541574.46,94,2024-03-09
CUST00225,Kidd Group,Business,Cash-Intensive Retail (Convenience Store),,US,False,Low,Medium,165691.27,14,2022-07-11
CUST00226,James LLC,Business,Cash-Intensive Retail (Convenience Store),,BR,False,Low,Low,36710.4,8,2024-02-19
CUST00227,"Phillips, Spence and Barrett",Business,Manufacturing,,US,False,Low,High,237561.67,53,2023-12-14
CUST00228,Sean Osborne,Individual,,Freelancer / Gig Worker,US,False,Low,Low,998.25,6,2022-01-13
CUST00229,Natasha Wall,Individual,,Student,VE,False,High,Medium,5972.89,9,2024-01-20
CUST00230,Crystal Pham,Individual,,Salaried Employee,CA,False,High,Low,2274.67,5,2023-06-25
CUST00231,"Lee, King and Campos",Business,Casino / Gaming,,ES,False,Medium,Medium,250366.26,18,2022-10-12
CUST00232,Stephanie Lucas,Individual,,Healthcare Worker,DE,False,Low,Medium,6848.63,16,2024-03-30
CUST00233,Amanda Diaz,Individual,,Business Owner,US,False,Low,Medium,8919.15,20,2022-09-26
CUST00234,Edward Burgess,Individual,,Self-Employed,US,False,Low,Medium,5559.84,12,2023-02-10
CUST00235,Richard Walter,Individual,,Retired,NL,False,Low,High,24094.35,71,2024-09-23
CUST00236,"Shaw, Nelson and Martin",Business,Cash-Intensive Retail (Car Wash),,IT,False,Low,Medium,235004.82,35,2025-09-19
CUST00237,Francis-Morgan,Business,Real Estate Agency,,BR,False,Low,Low,21873.93,6,2022-08-06
CUST00238,Mccarty-Taylor,Business,Healthcare Services,,HK,False,Low,High,134778.65,80,2023-07-15
CUST00239,"Ramsey, Whitney and Coffey",Business,Consulting Services,,US,False,Low,Medium,51062.13,30,2024-09-23
CUST00240,James Baker,Individual,,Healthcare Worker,US,False,Low,Low,1176.47,5,2022-09-01
CUST00241,Michael Chambers,Individual,,Freelancer / Gig Worker,SE,False,Low,Low,1718.46,3,2024-11-09
CUST00242,"Bentley, Rodriguez and Hall",Business,Retail - E-commerce,,TR,False,Medium,Medium,112589.14,35,2021-10-30
CUST00243,Terri Murphy,Individual,,Student,NL,False,Low,Medium,5815.33,8,2023-07-02
CUST00244,"Brown, Colon and Blankenship",Business,Cash-Intensive Retail (Convenience Store),,KR,False,Low,Medium,204494.4,20,2024-03-09
CUST00245,Audrey Williams,Individual,,Self-Employed,JP,False,Low,Low,1199.18,7,2021-12-07
CUST00246,Ferrell-Wilson,Business,Money Service Business,,ZA,False,High,Low,25952.75,6,2023-08-13
CUST00247,"Taylor, Chavez and Santiago",Business,Real Estate Agency,,MX,False,Low,High,573967.75,35,2025-03-08
CUST00248,Molly Mcclure,Individual,,Business Owner,US,False,Low,Medium,6518.53,24,2022-06-17
CUST00249,Lisa Crosby,Individual,,Educator,US,False,Medium,Medium,2705.41,16,2023-12-31
CUST00250,Jacob Ramos,Individual,,Business Owner,US,False,Medium,Low,1854.6,4,2023-08-17
CUST00251,Ariana Jennings,Individual,,Self-Employed,US,False,Medium,Low,1552.13,4,2024-09-01
CUST00252,Sanders and Sons,Business,Healthcare Services,,US,False,Medium,Medium,55662.87,16,2022-08-28
CUST00253,Samantha Davis,Individual,,Student,JP,False,Low,Medium,6238.45,12,2023-06-03
CUST00254,Linda Smith,Individual,,Government Employee,NG,False,Medium,Medium,4902.82,15,2024-06-15
CUST00255,Cameron Cunningham,Individual,,Self-Employed,ZA,False,Medium,Low,1230.59,8,2022-03-15
CUST00256,"Clark, Robinson and Kane",Business,Professional Services (Legal/Accounting),,US,False,Low,Low,9938.14,7,2024-05-30
CUST00257,Kramer PLC,Business,Casino / Gaming,,MX,False,Medium,Low,60425.24,7,2021-08-22
CUST00258,Garrison-Thomas,Business,Import/Export Trading,,SE,False,Medium,High,476612.5,100,2022-09-21
CUST00259,"King, Thompson and Guerrero",Business,Retail - E-commerce,,CH,False,Low,Medium,100099.92,31,2021-11-02
CUST00260,Hunter Kramer,Individual,,Healthcare Worker,GB,False,Low,Low,2211.51,3,2024-05-15
CUST00261,Derek Martinez,Individual,,Self-Employed,CA,False,Low,Low,1350.13,3,2025-03-13
CUST00262,Nichole Alvarez,Individual,,Educator,US,False,Medium,Low,1479.3,6,2024-09-11
CUST00263,"Wheeler, Hayes and Walker",Business,Cash-Intensive Retail (Car Wash),,US,False,Low,High,749852.2,60,2021-12-26
CUST00264,"Logan, Camacho and Boyd",Business,Construction,,US,False,Low,Low,15920.57,8,2025-07-07
CUST00265,"Maynard, Brown and Mendoza",Business,Construction,,US,False,Low,High,327239.92,86,2025-01-12
CUST00266,Brian Joseph,Individual,,Government Employee,GB,False,Low,High,14718.33,28,2025-05-23
CUST00267,Lam LLC,Business,Import/Export Trading,,AF,False,High,Medium,185627.85,26,2022-11-17
CUST00268,Donald Schultz,Individual,,Freelancer / Gig Worker,CA,False,Low,Low,2040.3,3,2024-05-20
CUST00269,Kyle Phillips,Individual,,Retired,US,False,Low,Low,1890.7,4,2025-12-01
CUST00270,"Jordan, Mcguire and Wilson",Business,Import/Export Trading,,UA,False,Medium,Medium,169682.45,34,2023-06-13
CUST00271,Stephen Gutierrez,Individual,,Educator,ES,False,Low,Low,2146.63,6,2025-06-22
CUST00272,Nicholas Edwards,Individual,,Self-Employed,GB,False,Low,Low,2035.3,5,2024-04-10
CUST00273,"Scott, Mckay and Mcdaniel",Business,Technology / SaaS,,US,False,Low,Medium,113008.68,38,2025-08-26
CUST00274,Ronald Davis,Individual,,Salaried Employee,MX,False,Low,Low,742.82,6,2022-06-10
CUST00275,"Rodgers, Cain and Hawkins",Business,Healthcare Services,,ZA,False,Low,Low,11403.69,7,2024-06-03
CUST00276,Jennifer Russo,Individual,,Salaried Employee,US,False,Low,Low,1281.43,4,2025-03-20
CUST00277,"Williams, Roberts and Edwards",Business,Cryptocurrency Exchange,,DE,False,Low,High,499573.14,60,2022-07-01
CUST00278,"Romero, Moore and Olson",Business,Construction,,SG,False,Medium,Medium,72783.93,10,2022-07-16
CUST00279,Bruce-Richardson,Business,Professional Services (Legal/Accounting),,KP,False,High,Low,8978.97,7,2023-12-27
CUST00280,"Perez, Patterson and Hoffman",Business,Real Estate Agency,,US,False,Low,Medium,48923.33,18,2021-11-03
CUST00281,Mary Steele,Individual,,Self-Employed,YE,False,High,High,31451.94,20,2021-11-11
CUST00282,Nelson LLC,Business,Cash-Intensive Retail (Restaurant),,KR,False,Low,Medium,115219.66,25,2024-07-04
CUST00283,Smith-Kane,Business,Construction,,ES,False,Low,Medium,43648.05,19,2025-01-10
CUST00284,Patrick Bonilla,Individual,,Freelancer / Gig Worker,ZA,False,Low,Medium,6469.61,10,2022-05-26
CUST00285,Cindy Barnes,Individual,,Business Owner,NG,False,Low,Medium,4795.07,12,2024-07-08
CUST00286,Eric Nguyen,Individual,,Freelancer / Gig Worker,US,False,Low,Low,1290.21,7,2022-05-04
CUST00287,Brittney Webster,Individual,,Retired,US,False,Low,Low,1963.87,3,2022-01-15
CUST00288,Denise Stanley,Individual,,Retired,JP,False,Low,Medium,6065.55,12,2025-09-30
CUST00289,"Ramos, Nelson and Fischer",Business,Money Service Business,,US,False,Low,Medium,111817.9,28,2022-08-02
CUST00290,Jordan-Campbell,Business,Money Service Business,,US,False,Medium,Low,50049.15,9,2025-10-03
CUST00291,"Estrada, Williams and Foster",Business,Construction,,VE,False,High,Medium,65529.05,16,2022-01-31
CUST00292,Harris and Sons,Business,Money Service Business,,US,False,Medium,Medium,115626.73,42,2022-10-14
CUST00293,Donna Wilson,Individual,,Self-Employed,US,False,Medium,Low,1485.33,4,2025-11-06
CUST00294,Casey James,Individual,,Business Owner,US,False,Medium,Low,1463.8,4,2023-07-29
CUST00295,Sandra Drake,Individual,,Retired,US,False,Low,Low,2371.09,5,2022-03-25
CUST00296,Patrick Graham,Individual,,Salaried Employee,US,False,Low,Medium,8504.14,10,2025-07-12
CUST00297,Shannon Johnston,Individual,,Student,ZA,False,Low,Low,925.67,4,2025-01-21
CUST00298,"Bowman, Roberts and Sullivan",Business,Cryptocurrency Exchange,,US,False,Low,Low,29312.55,14,2024-05-19
CUST00299,Travis Stevens,Individual,,Freelancer / Gig Worker,CA,False,Low,High,10613.83,25,2024-09-11
CUST00300,Kim Inc,Business,Construction,,DE,False,Low,Medium,53849.16,23,2023-09-08
CUST00301,Chapman-Warren,Business,Money Service Business,,US,False,Low,Low,27501.55,5,2024-12-25
CUST00302,Nichole Walker,Individual,,Salaried Employee,UA,False,Low,Low,1528.49,3,2023-01-18
CUST00303,Mark Schmidt,Individual,,Salaried Employee,US,False,Low,Medium,8581.44,17,2023-04-08
CUST00304,Hannah Luna,Individual,,Healthcare Worker,NG,False,Medium,Medium,7478.64,14,2022-11-15
CUST00305,Charles Gonzalez,Individual,,Freelancer / Gig Worker,US,False,Low,High,10621.52,47,2022-12-01
CUST00306,"Jones, Bean and Burton",Business,Casino / Gaming,,US,False,Low,High,626940.54,91,2025-07-25
CUST00307,"Wolf, Cole and Glass",Business,Casino / Gaming,,US,False,Medium,Low,61904.68,10,2024-05-14
CUST00308,Lori Hernandez,Individual,,Student,LB,False,Low,Medium,7862.84,16,2022-03-14
CUST00309,Mark Hogan,Individual,,Student,US,False,Low,Low,3247.06,5,2022-02-04
CUST00310,Benjamin Murray,Individual,,Government Employee,MX,False,Medium,Medium,6720.69,11,2021-12-08
CUST00311,Ronald Jones,Individual,,Healthcare Worker,KH,False,Medium,Medium,5803.85,12,2022-05-21
CUST00312,Katie Ford,Individual,,Educator,US,False,Low,Medium,8327.46,12,2021-12-19
CUST00313,Robert Pearson,Individual,,Retired,US,False,Low,High,21633.35,35,2024-05-08
CUST00314,Kathryn Rosario,Individual,,Educator,US,False,Low,Low,1077.97,8,2025-06-13
CUST00315,Steven Cooper,Individual,,Business Owner,SE,False,Low,High,15445.23,24,2022-05-03
CUST00316,Carrie Wright,Individual,,Healthcare Worker,DE,False,Low,Medium,6109.55,16,2025-05-05
CUST00317,Kelly Bishop MD,Individual,,Salaried Employee,CH,False,Low,Medium,3126.42,10,2024-01-09
CUST00318,Ortiz-Morgan,Business,Real Estate Agency,,US,False,Low,Medium,72710.7,31,2022-01-23
CUST00319,Maria Jones,Individual,,Student,CH,False,Low,Low,1408.26,6,2022-06-03
CUST00320,Jasmine King,Individual,,Student,US,False,Low,Low,1853.62,8,2022-11-24
CUST00321,Kevin Thomas,Individual,,Business Owner,US,False,Low,Low,1978.03,8,2024-08-04
CUST00322,Matthew Bates,Individual,,Salaried Employee,US,False,Low,Medium,5797.54,11,2022-09-18
CUST00323,"Fletcher, Miller and Hansen",Business,Professional Services (Legal/Accounting),,NL,False,Low,High,170133.0,64,2024-05-30
CUST00324,Santiago Ltd,Business,Cryptocurrency Exchange,,SG,False,Medium,Medium,123446.81,16,2026-02-04
CUST00325,Lucas Group,Business,Cryptocurrency Exchange,,US,False,Medium,High,546861.7,54,2025-12-10
CUST00326,Smith-Parker,Business,Manufacturing,,US,False,Low,Low,12071.76,6,2023-06-10
CUST00327,Ralph Lee,Individual,,Salaried Employee,RU,False,High,Medium,7599.33,6,2022-10-15
CUST00328,Edward French,Individual,,Retired,US,False,Low,Medium,7276.01,6,2025-12-08
CUST00329,Sandy Stephenson,Individual,,Student,US,False,Low,Low,1856.0,5,2021-12-09
CUST00330,Sherri Williamson,Individual,,Business Owner,BR,False,Low,Low,2061.44,6,2024-10-27
CUST00331,Martin Ltd,Business,Cryptocurrency Exchange,,US,False,Medium,Medium,277353.66,25,2023-01-10
CUST00332,"Kim, Jenkins and Rhodes",Business,Precious Metals Dealer,,US,False,Medium,High,1664323.25,80,2023-08-21
CUST00333,Lisa Goodwin,Individual,,Self-Employed,US,False,Low,Low,2255.1,7,2025-06-08
CUST00334,Ferguson LLC,Business,Real Estate Agency,,JP,False,Low,Low,10985.13,4,2025-08-10
CUST00335,Cheyenne Gregory,Individual,,Student,ES,False,Low,Low,2356.85,6,2025-05-13
CUST00336,Hammond-Strickland,Business,Money Service Business,,SY,False,High,Medium,204623.84,22,2025-11-23
CUST00337,Tracy Montoya,Individual,,Student,US,False,Low,Low,2235.7,6,2022-10-17
CUST00338,Amy Castillo,Individual,,Self-Employed,US,False,Low,Low,2128.36,4,2024-10-10
CUST00339,Ashley Singleton,Individual,,Self-Employed,DE,True,Low,Medium,15805.56,17,2022-09-05
CUST00340,Miller-Martin,Business,Casino / Gaming,,US,False,Medium,Medium,168502.69,31,2025-06-09
CUST00341,"Hernandez, Kim and Potts",Business,Import/Export Trading,,YE,False,Medium,Medium,226104.23,30,2023-07-04
CUST00342,Wilkerson-Arias,Business,Retail - E-commerce,,CH,False,Low,Medium,67204.56,35,2025-02-23
CUST00343,Sanders LLC,Business,Manufacturing,,HK,False,Low,Medium,145548.77,38,2023-08-16
CUST00344,Brad Walker,Individual,,Healthcare Worker,SS,False,High,Low,1379.9,5,2024-04-30
CUST00345,Sara Santos,Individual,,Business Owner,US,False,Low,Medium,6090.2,13,2022-11-10
CUST00346,Johnson Group,Business,Manufacturing,,UA,False,Low,Medium,48395.89,15,2022-10-19
CUST00347,"Harrison, Gilbert and Bullock",Business,Cash-Intensive Retail (Car Wash),,US,False,High,Low,25171.23,10,2021-10-12
CUST00348,Ruben Dunn,Individual,,Educator,PA,False,Medium,Medium,7372.86,12,2026-02-08
CUST00349,Rodriguez-Roberts,Business,Professional Services (Legal/Accounting),,US,False,Low,Medium,44312.45,15,2024-03-06
CUST00350,David Fowler,Individual,,Healthcare Worker,AE,False,Medium,Low,2603.75,3,2025-07-04
CUST00351,Rodriguez Group,Business,Education Services,,RU,False,Medium,Medium,74442.5,12,2021-10-04
CUST00352,"Robertson, Allen and Thomas",Business,Consulting Services,,US,False,Low,Low,22306.46,18,2025-04-08
CUST00353,Mendez and Sons,Business,Consulting Services,,US,False,Low,Medium,42011.11,25,2025-02-28
CUST00354,Beck Inc,Business,Education Services,,NG,False,Medium,High,275394.87,80,2026-01-26
CUST00355,Jones-Fox,Business,Real Estate Agency,,IR,False,High,Low,19981.77,21,2025-12-07
CUST00356,Katie Smith,Individual,,Freelancer / Gig Worker,ZA,False,Low,Low,1302.59,7,2025-08-13
CUST00357,Reid LLC,Business,Consulting Services,,US,False,Low,Medium,31484.96,14,2023-10-11
CUST00358,Heather Jones,Individual,,Government Employee,US,False,Low,Low,1144.0,5,2023-09-02
CUST00359,"Sandoval, Garcia and Perkins",Business,Cash-Intensive Retail (Restaurant),,PH,False,High,Low,50469.73,11,2024-06-12
CUST00360,Williams PLC,Business,Professional Services (Legal/Accounting),,US,False,Low,Medium,54397.63,43,2024-06-30
CUST00361,"Thompson, Maxwell and Marshall",Business,Education Services,,US,False,Low,Medium,62291.9,32,2025-09-08
CUST00362,Robin Brown,Individual,,Retired,RU,False,Medium,High,15644.41,37,2025-07-05
CUST00363,Dakota Moody,Individual,,Healthcare Worker,CA,False,Low,High,16509.02,43,2021-12-22
CUST00364,Eric Sanders,Individual,,Retired,US,False,Low,Medium,8277.64,22,2025-08-23
CUST00365,Paul Lee,Individual,,Educator,CA,False,Low,Low,1617.91,7,2024-08-27
CUST00366,Amber Rios,Individual,,Educator,KR,False,Low,Low,824.03,5,2023-12-10
CUST00367,Lloyd Group,Business,Precious Metals Dealer,,KH,False,Low,High,1454824.15,73,2025-01-07
CUST00368,Stephanie Hughes,Individual,,Healthcare Worker,NL,False,Low,Low,1813.45,6,2023-03-17
CUST00369,Holt-Richardson,Business,Professional Services (Legal/Accounting),,KR,False,Low,High,141710.62,72,2026-01-13
CUST00370,Owen-Acosta,Business,Construction,,FR,False,Low,Medium,59050.87,21,2022-04-16
CUST00371,Zachary White,Individual,,Educator,SG,False,Low,Low,1444.24,5,2024-02-12
CUST00372,Bobby Guerrero,Individual,,Freelancer / Gig Worker,US,False,Low,Low,2478.66,9,2024-03-23
CUST00373,Morrison-Simmons,Business,Real Estate Agency,,US,False,Low,High,179813.96,63,2025-05-24
CUST00374,West-Acosta,Business,Cash-Intensive Retail (Restaurant),,US,False,Low,Low,75366.06,10,2024-08-13
CUST00375,"Bolton, Hill and Whitney",Business,Consulting Services,,AU,False,Low,Low,24248.87,7,2022-02-08
CUST00376,Lambert Group,Business,Healthcare Services,,UA,False,Medium,Low,15440.62,15,2024-09-15
CUST00377,"Owen, Shelton and Cisneros",Business,Professional Services (Legal/Accounting),,US,False,High,Medium,77006.79,15,2022-10-31
CUST00378,Megan Kim,Individual,,Business Owner,AE,False,Medium,Low,1240.04,9,2022-09-10
CUST00379,Richard Diaz,Individual,,Student,AE,False,Medium,Medium,5601.22,17,2024-11-15
CUST00380,"Johnson, Hernandez and Cole",Business,Charity / NPO,,US,False,Medium,Medium,93979.17,20,2024-10-09
CUST00381,Phillip Berry,Individual,,Healthcare Worker,US,False,Low,Low,1181.03,9,2026-02-13
CUST00382,Ernest Ramirez,Individual,,Educator,US,False,Low,Low,1127.03,5,2022-08-01
CUST00383,Cody Holmes,Individual,,Business Owner,US,False,Medium,High,30518.44,27,2022-08-14
CUST00384,David Griffin,Individual,,Government Employee,IR,False,High,Low,1068.41,4,2024-01-18
CUST00385,Yvonne Gonzalez,Individual,,Business Owner,IT,False,Low,Medium,13862.62,10,2022-10-09
CUST00386,Jodi Roach,Individual,,Self-Employed,RU,False,Low,Low,1221.88,6,2025-05-27
CUST00387,Cochran LLC,Business,Consulting Services,,ES,False,Low,Medium,53131.0,16,2024-07-28
CUST00388,"Brown, Daniels and Vance",Business,Precious Metals Dealer,,US,False,Medium,Low,35771.53,12,2022-12-16
CUST00389,Tammy Little,Individual,,Retired,CA,False,Low,Low,2594.74,6,2024-09-10
CUST00390,Barbara Harris,Individual,,Government Employee,US,False,Low,Low,1178.13,3,2022-10-19
CUST00391,Johnny Ward,Individual,,Healthcare Worker,ES,False,Low,Medium,3834.1,10,2024-10-03
CUST00392,Lara-Arnold,Business,Education Services,,US,False,Low,Medium,63137.52,28,2022-05-08
CUST00393,Parker Ltd,Business,Casino / Gaming,,BR,False,Low,High,807445.71,56,2025-09-09
CUST00394,"Jenkins, Ortiz and Andrews",Business,Construction,,TR,False,Medium,High,320136.45,58,2022-09-07
CUST00395,Maria Cole,Individual,,Educator,KR,False,Low,Low,2158.13,4,2026-01-07
CUST00396,Anderson-Calderon,Business,Cash-Intensive Retail (Restaurant),,US,False,Medium,Medium,158096.91,19,2023-03-02
CUST00397,Betty Shaw,Individual,,Government Employee,HK,False,Low,High,36610.27,26,2022-02-02
CUST00398,Holmes LLC,Business,Cash-Intensive Retail (Restaurant),,LB,False,High,High,1220844.4,46,2023-01-07
CUST00399,Morris Ltd,Business,Precious Metals Dealer,,MX,False,Low,Medium,259582.65,21,2023-07-15
CUST00400,Todd Jacobson,Individual,,Government Employee,US,False,Low,Low,851.11,6,2022-04-16
CUST00401,Gonzalez-Huber,Business,Cash-Intensive Retail (Car Wash),,US,False,Low,Medium,244239.25,20,2023-12-14
CUST00402,Weber PLC,Business,Healthcare Services,,KH,False,Low,High,132156.69,101,2022-05-31
CUST00403,Caroline David,Individual,,Healthcare Worker,GB,False,Low,Medium,5665.77,12,2022-12-06
CUST00404,Marcus Winters,Individual,,Salaried Employee,BR,False,Low,Low,2539.69,4,2024-06-27
CUST00405,"Williams, Shields and Miller",Business,Import/Export Trading,,TR,False,High,Medium,176479.1,21,2023-11-14
CUST00406,"Clark, Armstrong and Montgomery",Business,Cash-Intensive Retail (Convenience Store),,US,False,High,Medium,264564.9,30,2021-11-16
CUST00407,Mr. Dylan Frye MD,Individual,,Healthcare Worker,DE,False,Low,Low,2106.22,7,2025-01-26
CUST00408,Chavez-Barker,Business,Retail - E-commerce,,US,False,Low,Medium,66139.17,16,2022-12-18
CUST00409,John Harris,Individual,,Retired,US,False,Low,Low,1243.74,3,2022-11-03
CUST00410,Nathan Gross,Individual,,Retired,US,False,Low,Low,1900.39,4,2024-07-22
CUST00411,Bianca Wood,Individual,,Self-Employed,US,False,Low,Medium,14362.69,10,2022-07-09
CUST00412,Allen-Martinez,Business,Cryptocurrency Exchange,,US,False,Medium,Medium,218540.72,26,2025-06-10
CUST00413,Thomas Inc,Business,Cash-Intensive Retail (Restaurant),,MX,False,High,Low,58136.7,8,2024-02-01
CUST00414,Lin-Barnes,Business,Precious Metals Dealer,,NG,False,High,Medium,170487.38,38,2022-12-23
CUST00415,Peck-Griffith,Business,Money Service Business,,PH,False,High,Low,47031.63,9,2023-03-26
CUST00416,Kathleen Robertson,Individual,,Educator,US,False,Low,Low,1025.66,4,2025-11-10
CUST00417,Kathleen Davis,Individual,,Educator,AE,False,Medium,Low,1183.33,4,2024-12-17
CUST00418,Tracy Lewis,Individual,,Salaried Employee,KR,False,Low,Medium,4485.32,15,2024-08-14
CUST00419,Douglas Harper,Individual,,Retired,US,False,Medium,Medium,6672.36,16,2025-08-15
CUST00420,Adam Rodriguez,Individual,,Business Owner,CH,False,Low,Low,1451.45,4,2022-10-04
CUST00421,Luna-Gallagher,Business,Casino / Gaming,,AE,False,Medium,Medium,238876.95,21,2024-09-23
CUST00422,Morales PLC,Business,Cryptocurrency Exchange,,CU,False,High,Low,67125.82,10,2023-04-10
CUST00423,Tran-Jones,Business,Professional Services (Legal/Accounting),,US,False,Low,High,114342.52,66,2025-11-27
CUST00424,Joshua Bryan,Individual,,Educator,CH,False,Low,Low,1165.05,6,2022-08-18
CUST00425,Hester Group,Business,Education Services,,MX,False,Low,Medium,66104.15,16,2024-10-16
CUST00426,Grant-Diaz,Business,Cryptocurrency Exchange,,US,False,Low,High,575791.96,26,2022-11-05
CUST00427,Morrison Group,Business,Casino / Gaming,,US,False,Medium,Low,70068.16,10,2025-11-14
CUST00428,Andrew Reeves,Individual,,Business Owner,US,False,Low,Low,1933.97,8,2025-08-24
CUST00429,Brittany Barry,Individual,,Retired,JP,False,Low,Medium,2848.81,10,2022-10-22
CUST00430,Louis Martin,Individual,,Self-Employed,US,False,Medium,Medium,5942.67,15,2024-02-29
CUST00431,Katie Hicks,Individual,,Retired,US,False,Medium,Medium,12216.04,13,2025-10-13
CUST00432,Elizabeth Cabrera,Individual,,Educator,JP,False,Medium,Medium,6706.38,11,2024-10-01
CUST00433,Nunez-Whitney,Business,Retail - E-commerce,,DE,False,Medium,Low,14007.35,10,2024-03-26
CUST00434,"Wiggins, Soto and Carlson",Business,Charity / NPO,,PK,False,Medium,Low,48635.63,15,2023-11-16
CUST00435,Rachel Parsons,Individual,,Retired,US,False,Low,Low,1147.06,4,2023-07-21
CUST00436,"Williams, Castillo and Warren",Business,Charity / NPO,,US,False,High,High,1492514.89,37,2024-11-07
CUST00437,Underwood and Sons,Business,Cash-Intensive Retail (Restaurant),,KR,False,Medium,Low,58296.0,20,2021-11-20
CUST00438,"Vaughan, Rodriguez and Smith",Business,Education Services,,US,False,Low,Low,12027.72,13,2024-04-14
CUST00439,Hernandez-Vaughn,Business,Real Estate Agency,,US,False,Medium,High,422797.55,67,2025-02-08
CUST00440,Lisa Ruiz,Individual,,Student,US,False,Low,High,12432.82,23,2022-02-23
CUST00441,"Taylor, Clark and Nguyen",Business,Professional Services (Legal/Accounting),,US,False,Low,Medium,87917.5,28,2025-09-08
CUST00442,Emily Thompson,Individual,,Retired,DE,False,Low,Low,1438.79,4,2024-07-12
CUST00443,"Gomez, Ingram and Le",Business,Import/Export Trading,,PH,False,Medium,Medium,245697.47,38,2023-11-13
CUST00444,Cheryl Wright,Individual,,Self-Employed,DE,False,Low,Medium,4028.3,12,2024-02-27
CUST00445,David LLC,Business,Casino / Gaming,,HK,False,Medium,High,1781491.8,63,2024-01-28
CUST00446,"Clark, Bush and Stewart",Business,Cash-Intensive Retail (Restaurant),,US,False,Low,High,557917.47,77,2024-08-01
CUST00447,"Peck, Pope and Hill",Business,Healthcare Services,,US,False,Medium,Low,14953.17,5,2022-08-27
CUST00448,Kimberly Huang,Individual,,Self-Employed,PH,False,Low,Low,1249.35,5,2024-12-21
CUST00449,Tina Ballard,Individual,,Business Owner,SE,False,Low,Medium,9254.55,11,2024-02-02
CUST00450,Tyler Miller,Individual,,Self-Employed,US,False,Low,High,15894.33,54,2025-05-19
CUST00451,"Scott, Mendoza and Harris",Business,Manufacturing,,NL,False,Medium,Medium,58533.2,25,2023-12-04
CUST00452,"Horton, Taylor and Gilbert",Business,Import/Export Trading,,IT,False,Low,Low,68860.4,16,2023-08-27
CUST00453,Williams PLC,Business,Precious Metals Dealer,,US,False,Low,Low,33724.24,6,2023-07-16
CUST00454,"Hall, Garcia and Rivera",Business,Cash-Intensive Retail (Restaurant),,IT,False,Low,Low,54678.92,9,2025-08-20
CUST00455,Maldonado and Sons,Business,Retail - E-commerce,,TR,False,High,Medium,61098.41,20,2021-08-30
CUST00456,Vanessa Moore,Individual,,Salaried Employee,VE,False,High,Medium,11965.51,13,2025-08-30
CUST00457,Santos-Avila,Business,Cash-Intensive Retail (Restaurant),,US,True,Medium,Medium,205053.47,32,2024-01-23
CUST00458,Mitchell-Brown,Business,Manufacturing,,US,False,Low,Medium,69464.74,24,2022-05-18
CUST00459,Crystal Rodgers,Individual,,Student,US,False,Low,Low,1174.79,5,2021-12-07
CUST00460,Butler and Sons,Business,Cash-Intensive Retail (Convenience Store),,US,False,Low,High,551947.2,49,2021-12-04
CUST00461,Jennifer Simpson DVM,Individual,,Self-Employed,US,False,Low,Medium,6083.13,17,2024-01-30
CUST00462,Smith PLC,Business,Consulting Services,,IT,False,Low,Low,10618.32,6,2022-07-13
CUST00463,Frances Gibson,Individual,,Educator,US,False,Low,Medium,4658.19,12,2026-01-29
CUST00464,Todd Rosales MD,Individual,,Retired,US,False,Low,High,19205.58,41,2023-04-05
CUST00465,Rivera Ltd,Business,Professional Services (Legal/Accounting),,US,False,Low,High,375659.99,54,2025-07-09
CUST00466,Michelle Smith,Individual,,Salaried Employee,MM,False,Low,Low,2144.22,5,2024-06-26
CUST00467,Bradley-Todd,Business,Professional Services (Legal/Accounting),,US,False,Low,Medium,70637.39,16,2023-02-10
CUST00468,"Chase, Prince and Wilcox",Business,Charity / NPO,,GB,False,High,High,419283.16,34,2025-12-31
CUST00469,James Davis,Individual,,Business Owner,US,False,Low,High,12697.81,36,2022-10-24
CUST00470,Timothy Smith,Individual,,Salaried Employee,US,False,Low,High,16879.11,35,2024-11-17
CUST00471,Griffin LLC,Business,Cash-Intensive Retail (Convenience Store),,DE,False,Medium,Low,33388.78,10,2024-06-03
CUST00472,Nathan Smith,Individual,,Student,SS,False,High,Medium,8142.37,14,2024-09-04
CUST00473,"Young, Contreras and Marshall",Business,Consulting Services,,TR,False,High,Low,16907.4,8,2022-12-23
CUST00474,Jonathan Jacobson,Individual,,Student,US,False,Medium,Low,1683.96,9,2024-04-06
CUST00475,"Wilson, Hendricks and Phillips",Business,Precious Metals Dealer,,US,False,Medium,Medium,135163.17,34,2023-07-01
CUST00476,Bernard Group,Business,Cash-Intensive Retail (Car Wash),,US,False,Low,Low,62994.36,5,2022-12-02
CUST00477,William Brooks,Individual,,Educator,FR,False,Low,Medium,9471.99,11,2025-08-15
CUST00478,"Pham, Petersen and Gill",Business,Technology / SaaS,,PK,False,Low,Medium,55608.96,27,2022-04-25
CUST00479,Kelsey Cox,Individual,,Business Owner,US,False,Medium,Low,1468.35,5,2022-07-28
CUST00480,Joshua Wagner,Individual,,Business Owner,KR,False,Medium,Low,4421.35,7,2022-11-22
CUST00481,Murphy PLC,Business,Cryptocurrency Exchange,,ES,False,Medium,High,940807.08,56,2025-05-17
CUST00482,Daniel Aguilar,Individual,,Freelancer / Gig Worker,US,False,Low,Medium,8927.23,17,2022-05-23
CUST00483,Jill Brown,Individual,,Freelancer / Gig Worker,US,False,Low,Medium,6626.83,16,2022-09-27
CUST00484,"Perry, Elliott and Hansen",Business,Education Services,,TR,False,Low,Medium,31012.61,22,2024-03-28
CUST00485,Jennifer Velasquez,Individual,,Healthcare Worker,HK,False,Low,Low,848.45,5,2023-06-21
CUST00486,Amber Cooper,Individual,,Government Employee,US,False,Low,Medium,6563.88,14,2022-02-28
CUST00487,Amy Shannon,Individual,,Salaried Employee,CA,False,Medium,Medium,4525.64,12,2025-08-19
CUST00488,Mitchell and Sons,Business,Import/Export Trading,,AU,False,Medium,Medium,190741.88,24,2022-10-08
CUST00489,"Good, Brewer and Fisher",Business,Import/Export Trading,,US,False,Low,Medium,181900.37,22,2024-11-14
CUST00490,Kane-Knox,Business,Healthcare Services,,AU,False,Low,Medium,48910.11,24,2024-10-24
CUST00491,Victor Baxter,Individual,,Business Owner,US,False,Medium,High,21645.19,33,2022-10-01
CUST00492,Hannah White,Individual,,Government Employee,CH,True,Low,Medium,5035.65,8,2024-12-17
CUST00493,Monica Walker,Individual,,Retired,MX,False,Low,Low,1840.05,7,2021-08-24
CUST00494,Good Group,Business,Cash-Intensive Retail (Car Wash),,FR,False,High,High,1001046.74,48,2025-03-23
CUST00495,"Gray, Hall and Murray",Business,Real Estate Agency,,US,False,Low,Medium,52773.24,41,2022-12-08
CUST00496,Timothy Hardy,Individual,,Healthcare Worker,BR,False,Low,Medium,2956.2,14,2022-07-30
CUST00497,Pacheco Group,Business,Manufacturing,,US,False,Low,High,262243.04,86,2021-10-01
CUST00498,Austin Wheeler,Individual,,Educator,MX,False,Low,Low,1710.53,6,2025-06-01
CUST00499,Michele Williams,Individual,,Business Owner,ES,False,Medium,High,17750.58,30,2021-12-29
CUST00500,Gonzales-Fernandez,Business,Cryptocurrency Exchange,,LB,False,High,Medium,353085.89,45,2022-02-05
CUST00501,Wyatt Young,Individual,,Healthcare Worker,NG,False,Low,Low,1294.34,8,2024-04-30
CUST00502,Patricia Cardenas,Individual,,Salaried Employee,SS,False,Medium,Medium,7722.89,21,2023-08-20
CUST00503,Walter-Odom,Business,Precious Metals Dealer,,PH,False,High,Medium,186530.37,16,2026-01-19
CUST00504,Eric Brown,Individual,,Healthcare Worker,KR,False,High,Low,772.5,9,2023-02-09
CUST00505,"Shelton, Peters and Williams",Business,Cash-Intensive Retail (Restaurant),,US,False,Low,High,474323.67,72,2024-07-19
CUST00506,"Powers, Floyd and Flores",Business,Consulting Services,,CA,False,Low,High,341289.85,80,2025-02-27
CUST00507,Hernandez-Bennett,Business,Real Estate Agency,,HK,False,Low,Medium,61909.44,23,2025-08-24
CUST00508,Darin Mathews,Individual,,Healthcare Worker,UA,False,Medium,Medium,5912.86,18,2022-11-05
CUST00509,Suzanne Hart,Individual,,Freelancer / Gig Worker,US,False,Low,Medium,7495.51,9,2025-02-28
CUST00510,Brandi Sanchez,Individual,,Healthcare Worker,US,False,Low,Medium,4174.28,16,2023-05-07
CUST00511,Bob Cole,Individual,,Salaried Employee,US,False,Medium,Medium,6797.97,12,2024-10-09
CUST00512,Nathaniel Lee,Individual,,Self-Employed,US,False,Low,High,20284.36,27,2023-11-26
CUST00513,Larry Williams,Individual,,Self-Employed,BR,False,Low,Low,874.89,5,2022-03-28
CUST00514,Ballard PLC,Business,Manufacturing,,AU,False,Low,Medium,37593.92,33,2023-06-19
CUST00515,Sean Cook,Individual,,Healthcare Worker,NL,False,Low,Medium,5685.09,15,2021-09-30
CUST00516,Giles Ltd,Business,Cryptocurrency Exchange,,US,False,High,Medium,219622.98,20,2022-08-13
CUST00517,Nicole Rocha,Individual,,Government Employee,FR,False,Low,Low,1392.95,6,2023-05-11
CUST00518,Herman-Arnold,Business,Cryptocurrency Exchange,,KR,False,Medium,Medium,169609.85,37,2024-01-10
CUST00519,Owens-Wong,Business,Cash-Intensive Retail (Convenience Store),,IT,False,Low,Low,58012.6,12,2024-03-29
CUST00520,Jose Crawford,Individual,,Student,UA,False,Low,Low,1689.34,6,2022-06-16
CUST00521,"Harrison, Franco and Rocha",Business,Import/Export Trading,,US,False,Low,Low,44039.18,10,2024-10-08
CUST00522,Angel Shields,Individual,,Educator,AE,False,Low,Medium,5896.76,20,2022-11-10
CUST00523,Green PLC,Business,Cash-Intensive Retail (Convenience Store),,US,False,Medium,Low,36846.66,5,2025-03-03
CUST00524,Craig Hall,Individual,,Salaried Employee,IT,False,Medium,Medium,6149.11,17,2023-09-16
CUST00525,Pierce-Harding,Business,Casino / Gaming,,IN,False,Medium,Medium,137693.95,21,2024-06-27
CUST00526,Roberto Levy,Individual,,Student,US,False,Low,Medium,9104.94,11,2025-10-16
CUST00527,Nicholas Bell,Individual,,Retired,HK,False,Low,Medium,8671.01,13,2022-10-22
CUST00528,"Payne, White and Preston",Business,Healthcare Services,,JP,False,Low,Medium,77381.68,35,2022-02-12
CUST00529,Sara Jones,Individual,,Educator,US,False,Medium,Low,2394.56,6,2022-01-11
CUST00530,Gutierrez Ltd,Business,Import/Export Trading,,MX,False,Medium,High,681418.11,38,2023-08-03
CUST00531,Mann Inc,Business,Cryptocurrency Exchange,,PA,False,Medium,Medium,196920.47,32,2023-06-24
CUST00532,Jacqueline Williamson,Individual,,Self-Employed,SG,False,Low,Low,1092.03,6,2025-09-23
CUST00533,"Freeman, Smith and Arnold",Business,Cash-Intensive Retail (Convenience Store),,IT,False,Low,Medium,103469.15,25,2021-09-19
CUST00534,Nathan Nichols,Individual,,Student,US,False,Low,High,24391.68,16,2024-01-21
CUST00535,Robert Craig,Individual,,Salaried Employee,US,False,Low,Medium,6169.67,11,2023-02-21
CUST00536,Hull PLC,Business,Professional Services (Legal/Accounting),,US,False,Medium,Medium,39247.71,28,2022-11-19
CUST00537,Manuel King,Individual,,Freelancer / Gig Worker,IN,False,Low,High,12590.37,44,2024-08-19
CUST00538,Norton-Miller,Business,Import/Export Trading,,GB,False,High,High,736866.9,45,2025-01-26
CUST00539,Cunningham-Branch,Business,Cryptocurrency Exchange,,US,False,Low,Low,55456.2,9,2023-07-16
CUST00540,Sutton-Abbott,Business,Education Services,,BR,False,Low,Low,11409.24,7,2021-11-20
CUST00541,James Tran,Individual,,Salaried Employee,US,False,Low,Medium,7656.11,18,2022-02-04
CUST00542,"Smith, Jackson and Porter",Business,Precious Metals Dealer,,AE,False,Medium,Medium,198678.43,26,2025-04-23
CUST00543,Erin Madden,Individual,,Freelancer / Gig Worker,US,False,Low,Medium,5132.47,12,2022-06-06
CUST00544,"Ellison, Hall and Valenzuela",Business,Consulting Services,,US,False,Low,High,137485.84,72,2025-08-30
CUST00545,Williams-Jones,Business,Cash-Intensive Retail (Car Wash),,KR,False,Low,Medium,283646.37,22,2024-01-02
CUST00546,"Elliott, Johnson and Mcfarland",Business,Cash-Intensive Retail (Convenience Store),,DE,False,Medium,Medium,167899.53,17,2024-04-17
CUST00547,Ali PLC,Business,Import/Export Trading,,ES,False,Medium,Low,55327.76,9,2022-11-04
CUST00548,"Nicholson, Hickman and Evans",Business,Cryptocurrency Exchange,,US,False,Medium,Medium,154337.94,16,2023-08-31
CUST00549,Sarah Rhodes,Individual,,Freelancer / Gig Worker,TR,False,High,Low,1761.97,5,2024-06-09
CUST00550,Campos-Taylor,Business,Charity / NPO,,GB,False,Low,Low,85231.42,6,2022-04-14
CUST00551,Valerie Brown,Individual,,Salaried Employee,US,False,Low,Low,2579.3,5,2025-05-02
CUST00552,Roberson LLC,Business,Charity / NPO,,PH,False,Low,High,518360.73,77,2024-12-28
CUST00553,Erin Walters,Individual,,Self-Employed,IT,False,Low,Low,2115.91,2,2025-06-13
CUST00554,Henry Pugh MD,Individual,,Student,US,False,Low,Low,1348.19,5,2024-11-06
CUST00555,Luke Yates,Individual,,Student,US,False,Low,Medium,6397.64,22,2022-03-30
CUST00556,Christian Dawson,Individual,,Healthcare Worker,US,False,Low,Low,1336.82,5,2022-12-06
CUST00557,Emily Rodriguez,Individual,,Educator,US,False,Low,Medium,12704.62,13,2021-08-30
CUST00558,Jill Juarez,Individual,,Educator,US,False,Low,Low,1341.69,5,2022-06-27
CUST00559,Miller Group,Business,Consulting Services,,US,False,Low,Low,6626.58,9,2025-06-08
CUST00560,Kayla Garcia,Individual,,Salaried Employee,PK,False,Low,Low,933.92,5,2022-05-19
CUST00561,Spencer-Carlson,Business,Cryptocurrency Exchange,,US,False,Medium,Low,51668.4,6,2024-05-17
CUST00562,Smith-Gutierrez,Business,Manufacturing,,ZA,False,Low,High,289322.13,98,2022-05-04
CUST00563,Kristin Haney,Individual,,Retired,US,False,Low,Low,981.47,4,2023-09-07
CUST00564,Carolyn James,Individual,,Self-Employed,HK,False,Low,High,22186.11,25,2022-10-19
CUST00565,Derrick Thomas,Individual,,Salaried Employee,JP,False,Low,Low,1064.05,5,2023-01-15
CUST00566,Jason Washington,Individual,,Student,CH,False,Low,Low,1036.39,7,2022-04-09
CUST00567,Tony Le,Individual,,Business Owner,US,False,Medium,Low,1878.13,7,2025-11-01
CUST00568,Christina Rodriguez,Individual,,Salaried Employee,US,False,Low,Low,1039.48,4,2024-03-17
CUST00569,James Skinner,Individual,,Government Employee,SY,False,High,Low,685.6,5,2024-11-06
CUST00570,Erin Cook,Individual,,Educator,US,False,Low,High,17905.15,21,2022-10-10
CUST00571,Larry Dominguez,Individual,,Retired,SE,False,Low,Medium,3631.99,11,2025-09-10
CUST00572,Vincent Novak,Individual,,Business Owner,CA,False,Medium,Medium,6454.56,20,2024-02-05
CUST00573,"Neal, Henry and Johnston",Business,Consulting Services,,US,False,Low,Medium,44750.67,30,2023-09-06
CUST00574,Bennett-Velasquez,Business,Cash-Intensive Retail (Restaurant),,KR,False,Medium,High,739548.59,48,2024-12-16
CUST00575,Timothy Gonzalez,Individual,,Retired,SE,False,Low,Low,744.14,4,2023-02-24
CUST00576,"Saunders, Johnson and Acosta",Business,Consulting Services,,US,False,Low,High,299587.82,52,2023-05-27
CUST00577,Eddie Schwartz,Individual,,Government Employee,CA,False,Low,Low,1044.26,3,2025-02-05
CUST00578,"Porter, Schultz and Allen",Business,Cash-Intensive Retail (Convenience Store),,KR,False,High,Low,50204.86,9,2022-12-05
CUST00579,Rachel Jones,Individual,,Self-Employed,LY,False,High,Medium,3717.48,10,2025-09-10
CUST00580,Kimberly Mclean,Individual,,Student,US,False,Low,Low,1656.44,4,2025-03-05
CUST00581,Rachel Ward,Individual,,Educator,US,False,Low,Low,1376.39,4,2022-05-05
CUST00582,David Ortega,Individual,,Self-Employed,US,False,Low,Medium,9896.54,12,2023-01-12
CUST00583,Amanda Terrell,Individual,,Educator,SG,False,Low,High,21878.25,36,2025-01-06
CUST00584,Sheppard-Jordan,Business,Retail - E-commerce,,SG,False,Low,High,223434.43,60,2021-09-15
CUST00585,Green PLC,Business,Import/Export Trading,,US,False,Medium,Medium,128419.01,20,2026-01-11
CUST00586,"Carpenter, Johnston and Griffin",Business,Real Estate Agency,,CH,False,High,Low,18422.82,11,2024-12-11
CUST00587,Barton-Chapman,Business,Retail - E-commerce,,ES,False,Low,Medium,56459.73,25,2025-11-15
CUST00588,Zachary Webb,Individual,,Healthcare Worker,US,False,Low,Medium,5662.78,11,2024-02-17
CUST00589,Vernon Wilson,Individual,,Student,US,False,Low,Low,1240.98,7,2022-10-28
CUST00590,Grant Mueller,Individual,,Retired,VE,False,High,Low,1843.24,5,2026-01-19
CUST00591,Bailey-Davis,Business,Casino / Gaming,,US,False,Low,Medium,208159.53,19,2025-06-19
CUST00592,Eric Patrick,Individual,,Educator,US,False,Low,Low,1418.16,9,2022-08-06
CUST00593,Sweeney Ltd,Business,Manufacturing,,US,False,Low,High,209132.68,83,2022-07-19
CUST00594,"Marsh, Spears and Yang",Business,Professional Services (Legal/Accounting),,IR,False,High,Low,11264.49,5,2026-01-03
CUST00595,Arnold LLC,Business,Education Services,,YE,False,Medium,Low,9907.7,11,2025-03-30
CUST00596,Hall-Sullivan,Business,Consulting Services,,LY,False,Medium,Medium,73117.94,26,2023-03-10
CUST00597,Matthew Foster,Individual,,Salaried Employee,UA,False,Medium,Low,2344.87,9,2023-04-19
CUST00598,Vargas-Price,Business,Cryptocurrency Exchange,,US,False,Medium,Low,33907.69,8,2023-06-12
CUST00599,Paul Stokes,Individual,,Self-Employed,US,False,Low,Medium,7753.8,10,2022-02-24
CUST00600,"Garcia, Wiggins and Lopez",Business,Cryptocurrency Exchange,,CH,True,Medium,Low,41754.74,7,2024-05-22
CUST00601,Ellis LLC,Business,Cryptocurrency Exchange,,TR,False,Medium,High,606004.31,90,2025-10-12
CUST00602,"Church, Edwards and Price",Business,Casino / Gaming,,JP,False,Medium,High,696581.32,65,2024-12-15
CUST00603,"Wilson, Bell and Ellis",Business,Education Services,,VE,False,High,Medium,57608.77,14,2023-02-01
CUST00604,Michele Evans,Individual,,Self-Employed,SS,False,Medium,Low,1233.15,6,2022-05-04
CUST00605,"Anderson, Wilson and Torres",Business,Casino / Gaming,,CA,False,Medium,High,903893.38,40,2023-03-05
CUST00606,Steele-Dixon,Business,Cash-Intensive Retail (Convenience Store),,DE,False,Medium,Medium,214698.44,34,2025-03-05
CUST00607,"Taylor, Reyes and Lopez",Business,Healthcare Services,,US,False,Low,High,171853.69,51,2023-02-03
CUST00608,Katherine Taylor,Individual,,Student,IT,False,Low,Medium,6168.68,9,2024-04-17
CUST00609,Harvey-Glenn,Business,Precious Metals Dealer,,KR,False,Low,High,581390.37,113,2021-09-12
CUST00610,Taylor-Ochoa,Business,Casino / Gaming,,US,False,Low,Medium,134002.76,27,2025-12-01
CUST00611,Jennifer Vasquez,Individual,,Educator,US,False,Low,Low,1812.45,11,2025-05-23
CUST00612,Bradley Johnson DDS,Individual,,Salaried Employee,NL,False,Low,Low,1330.06,6,2024-02-07
CUST00613,Danny Roberts,Individual,,Government Employee,PH,False,Medium,Low,2431.25,8,2025-07-04
CUST00614,"Newton, Cannon and Dunn",Business,Real Estate Agency,,US,False,Low,Medium,188519.93,17,2022-07-31
CUST00615,Debra Daniels,Individual,,Healthcare Worker,UA,False,Medium,Medium,8235.72,19,2024-09-26
CUST00616,"Carson, Williams and Ball",Business,Casino / Gaming,,US,False,Medium,Low,48336.37,10,2023-06-23
CUST00617,Ashley Greer PhD,Individual,,Government Employee,JP,False,Low,Medium,4458.34,10,2024-02-24
CUST00618,Cole LLC,Business,Healthcare Services,,CU,False,High,High,200717.53,93,2022-05-11
CUST00619,Grimes-Wilson,Business,Money Service Business,,SG,False,Medium,High,1057273.48,35,2023-08-20
CUST00620,Cochran PLC,Business,Import/Export Trading,,SG,False,Medium,High,636953.71,77,2024-08-07
CUST00621,"Bishop, Patterson and Jensen",Business,Precious Metals Dealer,,FR,False,Low,Low,42191.68,6,2023-05-17
CUST00622,Trujillo PLC,Business,Cryptocurrency Exchange,,US,False,Low,High,980671.55,55,2024-08-07
CUST00623,Linda Jackson,Individual,,Retired,US,False,Low,High,17003.54,26,2024-02-09
CUST00624,Armstrong-Farley,Business,Technology / SaaS,,US,False,Low,Medium,51402.92,15,2025-12-29
CUST00625,Miss Anna Estes,Individual,,Self-Employed,BR,False,Low,Medium,4763.27,23,2025-02-12
CUST00626,Wendy Camacho,Individual,,Retired,CH,False,Low,High,20071.86,30,2022-09-12
CUST00627,Brandi Thomas,Individual,,Student,BR,False,Low,Low,1520.02,6,2024-05-10
CUST00628,Pam Lowe,Individual,,Salaried Employee,US,False,Low,Low,1076.56,14,2025-10-12
CUST00629,Ray LLC,Business,Cash-Intensive Retail (Restaurant),,US,False,Low,Low,38543.87,13,2025-02-20
CUST00630,Hayes-Schultz,Business,Education Services,,NG,False,Medium,Medium,102446.51,33,2022-05-30
CUST00631,Paul Neal,Individual,,Retired,US,False,Low,Medium,5497.56,7,2024-10-03
CUST00632,John Perkins,Individual,,Student,DE,False,Low,Low,1097.08,3,2022-05-30
CUST00633,"Stanton, Reid and Terry",Business,Professional Services (Legal/Accounting),,RU,False,Low,Low,8984.17,7,2022-02-26
CUST00634,"Sanders, Donaldson and Summers",Business,Cash-Intensive Retail (Car Wash),,MX,False,Low,High,848470.3,66,2025-10-29
CUST00635,Ronald Morgan,Individual,,Educator,US,False,Low,High,18784.35,28,2022-09-23
CUST00636,Karina Cooper,Individual,,Healthcare Worker,IR,False,High,Low,2037.95,3,2022-01-11
CUST00637,Mark Copeland,Individual,,Educator,TR,False,Low,Medium,6693.58,16,2021-10-03
CUST00638,Scott Alexander,Individual,,Retired,ES,False,Low,Medium,3392.65,22,2021-08-16
CUST00639,Jessica Forbes DVM,Individual,,Student,US,False,Low,Medium,6549.34,14,2024-03-08
CUST00640,Timothy Hill,Individual,,Educator,SE,False,Low,Low,1179.99,9,2024-09-06
CUST00641,Miller-Beck,Business,Cash-Intensive Retail (Convenience Store),,US,False,Medium,High,414016.32,92,2023-01-10
CUST00642,Mario Barber,Individual,,Student,SE,False,Low,Low,2311.89,6,2023-08-11
CUST00643,Rios-Padilla,Business,Real Estate Agency,,KH,False,Medium,Medium,47033.35,18,2021-08-17
CUST00644,Woods and Sons,Business,Healthcare Services,,CA,False,Low,Medium,58894.03,15,2023-07-17
CUST00645,"Frazier, Smith and Dominguez",Business,Real Estate Agency,,GB,False,Low,Low,12936.21,12,2022-08-23
CUST00646,Jennifer Anderson MD,Individual,,Student,US,False,Medium,Low,1049.56,6,2024-11-16
CUST00647,Robert Garcia,Individual,,Freelancer / Gig Worker,NL,True,Medium,Low,1146.19,5,2024-09-28
CUST00648,Taylor-Ayala,Business,Money Service Business,,US,False,High,Low,40973.86,8,2022-10-01
CUST00649,Megan Jones,Individual,,Educator,FR,False,Low,Medium,8473.3,16,2021-09-09
CUST00650,"Santos, Alexander and Bowen",Business,Precious Metals Dealer,,UA,False,High,Low,34608.03,17,2022-11-27
CUST00651,Lisa Ramos,Individual,,Salaried Employee,CH,False,Low,Medium,7823.38,15,2023-06-19
CUST00652,Mosley and Sons,Business,Consulting Services,,US,False,Low,High,199757.74,99,2022-08-31
CUST00653,"Blair, Bell and Jordan",Business,Cryptocurrency Exchange,,US,False,High,Medium,139158.66,18,2022-10-22
CUST00654,Matthew Wright,Individual,,Educator,JP,False,Medium,Medium,5036.36,8,2024-01-16
CUST00655,"Johnson, Boone and Liu",Business,Cryptocurrency Exchange,,UA,False,High,High,974978.96,44,2023-05-14
CUST00656,Katrina Adkins,Individual,,Retired,PH,False,Low,Low,1154.22,6,2024-02-18
CUST00657,Rachel Leon,Individual,,Business Owner,SE,False,Medium,Low,1036.43,6,2023-08-27
CUST00658,Brian Porter MD,Individual,,Retired,US,False,Low,Low,1602.42,4,2026-02-10
CUST00659,Alexandria Ward,Individual,,Freelancer / Gig Worker,US,False,Low,Low,1495.95,6,2024-04-23
CUST00660,Scott Carroll,Individual,,Retired,US,False,Medium,Low,1650.01,3,2024-09-22
CUST00661,"Vega, Farmer and Best",Business,Education Services,,CA,False,Low,Medium,92696.92,26,2022-03-28
CUST00662,Austin Baker,Individual,,Educator,LY,False,High,High,37303.82,48,2021-12-15
CUST00663,Fry Group,Business,Cash-Intensive Retail (Car Wash),,US,False,Low,High,673658.73,72,2025-12-04
CUST00664,Micheal Wang,Individual,,Salaried Employee,CU,False,High,Low,511.66,6,2025-03-22
CUST00665,Angela Herrera,Individual,,Government Employee,HK,False,Low,Medium,10660.19,15,2022-12-01
CUST00666,Eric Dixon,Individual,,Government Employee,GB,False,Low,Low,1269.31,7,2023-05-07
CUST00667,Brittney Murphy,Individual,,Freelancer / Gig Worker,US,False,Low,Low,1766.73,6,2022-03-07
CUST00668,Jeffrey Ashley,Individual,,Student,IT,False,Low,Low,2576.75,6,2023-08-25
CUST00669,Brandon Hamilton,Individual,,Student,US,False,Low,Medium,5290.32,15,2025-06-22
CUST00670,Amy Wade,Individual,,Student,LB,False,Medium,Low,1823.13,5,2023-02-10
CUST00671,Michael Miles,Individual,,Educator,YE,False,Medium,Medium,6208.49,25,2023-01-05
CUST00672,Gregory Holmes PhD,Individual,,Retired,US,False,Low,Low,1056.02,13,2023-10-28
CUST00673,Watson Ltd,Business,Money Service Business,,US,False,Medium,Low,85668.76,11,2023-11-27
CUST00674,Bailey Yoder,Individual,,Salaried Employee,CA,False,Low,Medium,3469.34,10,2024-06-19
CUST00675,Denise Brown,Individual,,Healthcare Worker,US,False,Low,High,16955.32,25,2022-04-10
CUST00676,Gibson-Ward,Business,Casino / Gaming,,US,False,Medium,Medium,134366.85,24,2025-11-13
CUST00677,Carol Moore,Individual,,Retired,CA,False,Low,Low,1741.7,5,2022-06-29
CUST00678,Megan Wilson,Individual,,Salaried Employee,SE,False,Low,Low,1077.6,3,2025-12-11
CUST00679,Scott Smith,Individual,,Educator,SE,False,High,High,31571.28,38,2022-01-03
CUST00680,Cox-Mora,Business,Cash-Intensive Retail (Convenience Store),,US,False,Low,Medium,218838.36,26,2023-02-21
CUST00681,Shannon Tran,Individual,,Business Owner,IR,False,Medium,Low,1022.32,9,2025-03-08
CUST00682,Morris Group,Business,Cash-Intensive Retail (Car Wash),,FR,False,Low,Medium,114876.21,15,2024-05-04
CUST00683,Blake Watson,Individual,,Educator,MX,False,Low,Low,1156.47,5,2025-11-20
CUST00684,"Winters, White and Brock",Business,Cash-Intensive Retail (Car Wash),,KR,False,Low,Medium,237567.87,21,2022-01-03
CUST00685,Jones-Marshall,Business,Import/Export Trading,,AU,False,Medium,Medium,159325.84,19,2024-01-08
CUST00686,Emily Miller,Individual,,Government Employee,AE,False,Medium,Low,1222.91,9,2025-07-03
CUST00687,Curtis Elliott,Individual,,Government Employee,CA,False,Low,Low,1092.21,5,2024-03-15
CUST00688,Dana Richardson,Individual,,Retired,SE,False,Low,Low,1680.62,5,2025-10-24
CUST00689,Dr. Morgan Payne PhD,Individual,,Freelancer / Gig Worker,IN,False,Low,Medium,5992.26,11,2022-11-24
CUST00690,Randolph Inc,Business,Charity / NPO,,ES,False,Low,Low,43379.51,9,2023-08-07
CUST00691,Makayla Steele,Individual,,Freelancer / Gig Worker,IR,False,Medium,Low,813.41,7,2021-09-12
CUST00692,Smith-Sandoval,Business,Cash-Intensive Retail (Car Wash),,US,False,Medium,Medium,190915.11,32,2024-03-26
CUST00693,Joseph Allen,Individual,,Freelancer / Gig Worker,AU,False,Low,Low,2631.86,8,2025-10-20
CUST00694,Valerie Thomas,Individual,,Government Employee,AU,False,Low,Medium,6435.06,6,2023-12-31
CUST00695,Thomas Merritt,Individual,,Student,NL,False,Low,Low,949.68,5,2026-01-14
CUST00696,Haynes-Watson,Business,Education Services,,SG,False,Low,Low,15361.12,6,2022-05-04
CUST00697,"Davis, Anderson and Wilkins",Business,Real Estate Agency,,US,False,Low,Low,5049.96,12,2022-04-03
CUST00698,Amy Bates,Individual,,Business Owner,AE,False,Medium,Medium,7026.38,12,2022-09-24
CUST00699,Dean Edwards,Individual,,Student,CU,False,Medium,Medium,8437.26,12,2024-12-16
CUST00700,Nancy Stewart,Individual,,Healthcare Worker,KR,False,Low,Medium,6142.75,12,2023-12-06
CUST00701,Tony Taylor,Individual,,Educator,MX,False,Low,Medium,5698.53,16,2022-07-18
CUST00702,Garcia Group,Business,Money Service Business,,US,False,High,Medium,234694.54,20,2025-07-31
CUST00703,Russell-Herrera,Business,Professional Services (Legal/Accounting),,NG,False,Low,Medium,30349.73,18,2023-05-21
CUST00704,John Phelps,Individual,,Retired,KP,False,Medium,Low,2283.28,6,2022-05-21
CUST00705,Michael Mckenzie,Individual,,Healthcare Worker,US,False,Low,Low,2032.62,7,2021-12-17
CUST00706,Scott Hernandez,Individual,,Educator,BR,False,Low,Low,3060.14,3,2023-09-24
CUST00707,Jennifer Williams,Individual,,Healthcare Worker,US,False,Low,High,18496.49,18,2024-02-28
CUST00708,William Johnson,Individual,,Self-Employed,NG,False,Low,Medium,4379.59,12,2025-01-21
CUST00709,Kristi Pierce,Individual,,Salaried Employee,JP,False,Low,Low,985.91,4,2022-06-04
CUST00710,Robert Taylor,Individual,,Healthcare Worker,AF,False,High,Low,1241.11,6,2021-09-20
CUST00711,Richard Walker,Individual,,Salaried Employee,KP,False,High,Medium,10477.34,13,2023-04-21
CUST00712,Jacqueline Mccoy,Individual,,Healthcare Worker,BR,False,Low,Low,1112.13,5,2022-05-02
CUST00713,Deanna Hess,Individual,,Educator,BR,False,Medium,Medium,6150.08,14,2021-10-20
CUST00714,Gonzalez Ltd,Business,Technology / SaaS,,US,False,Low,Medium,50138.86,24,2025-05-22
CUST00715,Davis LLC,Business,Money Service Business,,US,False,Medium,Low,46640.59,5,2022-08-29
CUST00716,Dunlap Inc,Business,Healthcare Services,,MM,False,Medium,Medium,64061.54,16,2023-01-17
CUST00717,"Hamilton, Ramsey and Crawford",Business,Import/Export Trading,,NL,False,Low,High,1085598.42,73,2024-11-15
CUST00718,"Simmons, Gomez and Odonnell",Business,Precious Metals Dealer,,SE,False,Low,Medium,196926.62,15,2023-12-16
CUST00719,Stephen Johnson,Individual,,Self-Employed,DE,False,Low,Low,1150.9,5,2023-09-16
CUST00720,"Phillips, Jenkins and Pierce",Business,Cash-Intensive Retail (Restaurant),,US,False,Medium,Low,66830.0,7,2022-02-19
CUST00721,James Barnes,Individual,,Business Owner,NL,False,Low,Low,712.99,7,2026-02-02
CUST00722,Zachary Stephens,Individual,,Educator,US,False,Low,High,15932.65,31,2021-10-13
CUST00723,Rachael Howard DDS,Individual,,Business Owner,IN,False,Low,Medium,3658.42,18,2025-09-27
CUST00724,Durham-Shaw,Business,Technology / SaaS,,US,False,Low,High,370861.47,48,2024-12-02
CUST00725,Alexander Harper,Individual,,Salaried Employee,CA,False,Low,Low,1737.23,6,2021-11-13
CUST00726,Paula Brown,Individual,,Government Employee,DE,False,Low,Medium,4925.39,11,2025-08-18
CUST00727,"Howard, Silva and Hall",Business,Technology / SaaS,,US,False,Low,Medium,43898.86,23,2022-12-22
CUST00728,Matthew Adams,Individual,,Healthcare Worker,US,False,Low,Low,841.5,6,2022-02-03
CUST00729,Johnston Group,Business,Cash-Intensive Retail (Convenience Store),,US,False,Low,Medium,323438.16,27,2024-08-20
CUST00730,Wendy Thompson,Individual,,Retired,KH,False,Medium,Medium,4571.75,19,2023-08-18
CUST00731,Renee Wolfe,Individual,,Government Employee,US,False,Low,Medium,5653.18,17,2021-11-09
CUST00732,Heather Bradley,Individual,,Healthcare Worker,VE,False,Medium,Low,2138.98,3,2022-10-29
CUST00733,Chelsea Travis,Individual,,Retired,US,False,Medium,Low,1124.07,6,2025-10-21
CUST00734,"Parker, Henry and Davis",Business,Cash-Intensive Retail (Restaurant),,ZA,False,Low,Medium,124674.08,24,2023-08-06
CUST00735,"Robinson, Fox and Smith",Business,Money Service Business,,KP,False,Low,Low,45493.75,9,2023-05-01
CUST00736,Gina Thompson,Individual,,Educator,AU,False,Low,Medium,7943.77,10,2024-05-15
CUST00737,Charles Bush,Individual,,Healthcare Worker,NL,False,Low,Medium,4734.2,20,2022-10-28
CUST00738,Mathis LLC,Business,Real Estate Agency,,US,False,Low,Medium,60825.58,28,2022-03-27
CUST00739,Tom Foster,Individual,,Self-Employed,FR,False,Low,Low,1553.27,5,2022-06-23
CUST00740,Turner-Taylor,Business,Casino / Gaming,,US,False,Medium,Low,91587.34,10,2022-12-16
CUST00741,Jessica Fowler,Individual,,Healthcare Worker,JP,False,Low,Low,2185.76,12,2025-10-05
CUST00742,"Stewart, Mann and Hoffman",Business,Casino / Gaming,,NG,False,High,Medium,171661.09,25,2024-08-26
CUST00743,Kevin Thompson,Individual,,Retired,US,False,Medium,Low,1404.48,5,2024-03-24
CUST00744,"Barker, Anderson and Daniel",Business,Cryptocurrency Exchange,,NL,False,Medium,Medium,167839.46,20,2024-12-12
CUST00745,Patricia Bradley,Individual,,Retired,RU,False,Medium,Low,1254.59,9,2023-03-02
CUST00746,"Flores, Lamb and Carr",Business,Charity / NPO,,US,False,Low,High,753138.05,60,2022-07-03
CUST00747,Taylor-Mcgee,Business,Cash-Intensive Retail (Car Wash),,US,False,Low,Medium,146862.3,28,2023-08-23
CUST00748,Haas-Jackson,Business,Cash-Intensive Retail (Restaurant),,PA,False,Medium,High,780172.56,96,2022-05-16
CUST00749,"Santiago, Daniel and Rogers",Business,Real Estate Agency,,KR,False,Medium,Medium,60987.2,37,2021-09-18
CUST00750,Clark-Steele,Business,Cryptocurrency Exchange,,BR,False,High,Medium,85791.65,24,2024-08-06
CUST00751,Brian Smith,Individual,,Self-Employed,KR,False,Low,Low,774.28,4,2024-11-25
CUST00752,Jason Jackson,Individual,,Government Employee,GB,False,Low,Medium,4293.0,25,2025-02-20
CUST00753,James Payne Jr.,Individual,,Salaried Employee,PA,False,Medium,Medium,4747.38,13,2025-09-11
CUST00754,"Curtis, Mcdaniel and Martin",Business,Construction,,US,False,Low,Low,18612.4,9,2022-03-31
CUST00755,Phillips LLC,Business,Cash-Intensive Retail (Restaurant),,FR,False,Low,High,915658.54,91,2023-11-03
CUST00756,Angela Jackson,Individual,,Educator,PK,False,Low,Low,1638.51,5,2024-10-23
CUST00757,Dennis PLC,Business,Cash-Intensive Retail (Car Wash),,ES,False,Medium,Medium,126820.52,22,2022-05-30
CUST00758,William Barry,Individual,,Freelancer / Gig Worker,US,False,Low,Medium,7241.73,11,2021-11-18
CUST00759,Matthew Lawson,Individual,,Government Employee,BR,False,Low,Low,750.83,9,2025-04-24
CUST00760,Brown LLC,Business,Cryptocurrency Exchange,,IT,False,Medium,Medium,204681.96,22,2023-05-14
CUST00761,Ortiz PLC,Business,Technology / SaaS,,ZA,False,Low,High,229963.73,46,2023-11-16
CUST00762,Elizabeth Davis,Individual,,Business Owner,PK,False,High,Low,1976.8,7,2024-12-16
CUST00763,Sara Hernandez,Individual,,Self-Employed,CH,False,Low,Medium,6722.54,10,2024-09-08
CUST00764,Brandon Colon,Individual,,Freelancer / Gig Worker,MX,False,Low,Low,966.56,6,2025-09-14
CUST00765,Alexander Jackson,Individual,,Retired,US,False,Low,Low,1785.08,7,2024-02-06
CUST00766,Wells Inc,Business,Cash-Intensive Retail (Restaurant),,FR,False,Medium,Medium,138291.44,32,2024-03-29
CUST00767,Kaitlin Jacobson,Individual,,Freelancer / Gig Worker,US,False,Low,Low,1566.15,5,2023-11-15
CUST00768,May Group,Business,Healthcare Services,,US,False,Low,Low,20613.41,10,2023-03-11
CUST00769,Mcclure-Wood,Business,Cash-Intensive Retail (Convenience Store),,DE,False,Medium,Medium,212951.53,19,2025-05-29
CUST00770,Jeremiah Baker,Individual,,Student,US,False,Low,Medium,5912.27,16,2023-11-26
CUST00771,"Brown, Goodwin and Contreras",Business,Construction,,KH,False,High,Medium,101859.54,42,2022-05-07
CUST00772,"Cooper, Weaver and Arellano",Business,Cash-Intensive Retail (Car Wash),,US,False,Low,High,522330.6,69,2023-07-21
CUST00773,Sara Cardenas,Individual,,Self-Employed,US,False,Low,Medium,3051.77,15,2025-03-06
CUST00774,"Mcdaniel, Mayer and Armstrong",Business,Cash-Intensive Retail (Restaurant),,US,False,Medium,Low,79552.04,18,2023-08-16
CUST00775,Blake Orr,Individual,,Business Owner,MM,False,Medium,Medium,6673.0,23,2021-11-29
CUST00776,"Duncan, Black and Duncan",Business,Casino / Gaming,,ZA,False,Medium,Low,66864.02,10,2022-11-15
CUST00777,Peter Thompson,Individual,,Healthcare Worker,IR,False,High,Low,990.26,9,2023-01-15
CUST00778,Stokes and Sons,Business,Precious Metals Dealer,,US,False,Medium,Medium,134763.15,24,2021-12-24
CUST00779,William Graham,Individual,,Student,IR,False,High,Medium,5033.87,14,2022-11-16
CUST00780,"Scott, Bartlett and Sloan",Business,Cash-Intensive Retail (Convenience Store),,ZA,False,Low,Medium,339710.31,25,2022-03-10
CUST00781,Hughes Group,Business,Cash-Intensive Retail (Convenience Store),,US,False,Low,Low,46209.69,13,2024-05-23
CUST00782,Stone-Stark,Business,Real Estate Agency,,US,False,Low,Medium,84920.15,36,2021-09-21
CUST00783,Lisa Mills,Individual,,Healthcare Worker,HK,False,Low,Low,967.85,5,2025-03-09
CUST00784,Chase Knight,Individual,,Self-Employed,FR,False,Low,Low,1199.33,4,2022-06-21
CUST00785,Kristine Garcia,Individual,,Business Owner,LB,False,Low,High,30181.29,17,2024-01-19
CUST00786,"Beard, Humphrey and Baker",Business,Consulting Services,,TR,False,Medium,High,271552.55,84,2025-09-30
CUST00787,Kara Jackson,Individual,,Salaried Employee,IN,False,Low,Medium,9414.67,11,2025-01-16
CUST00788,Lee Steele,Individual,,Business Owner,US,False,Low,Low,1370.14,4,2021-12-12
CUST00789,Shawn Vaughn,Individual,,Self-Employed,BR,False,Medium,Low,1204.6,4,2022-01-14
CUST00790,Tammie Prince,Individual,,Business Owner,US,False,Low,Low,1025.5,8,2021-10-15
CUST00791,Roth-Turner,Business,Precious Metals Dealer,,NG,False,High,Low,53301.15,9,2024-01-02
CUST00792,Garrison-Cohen,Business,Cash-Intensive Retail (Convenience Store),,LB,False,High,Medium,102735.81,24,2023-07-23
CUST00793,Turner Ltd,Business,Cash-Intensive Retail (Restaurant),,GB,False,Medium,Medium,125536.42,20,2025-05-21
CUST00794,Erica Daniel,Individual,,Healthcare Worker,AU,False,Low,Medium,7294.35,13,2022-05-18
CUST00795,Alexander Group,Business,Professional Services (Legal/Accounting),,US,False,Low,Medium,100607.58,27,2025-09-27
CUST00796,Sharon Nicholson,Individual,,Business Owner,US,False,Low,Medium,6592.78,10,2025-12-31
CUST00797,Ana Mckinney,Individual,,Freelancer / Gig Worker,US,False,Low,Low,1244.84,6,2025-01-18
CUST00798,Samuel Suarez,Individual,,Student,US,False,Low,Low,1062.27,4,2021-11-11
CUST00799,Lee and Sons,Business,Professional Services (Legal/Accounting),,US,True,Medium,Medium,67876.6,20,2022-02-09
CUST00800,Jesus Hull,Individual,,Student,US,False,Low,Low,1024.02,4,2023-04-24
CUST00801,Rodney Wagner,Individual,,Freelancer / Gig Worker,US,False,Low,Low,1741.01,6,2022-09-02
CUST00802,Dana Burns,Individual,,Educator,US,False,Low,Low,1300.71,5,2025-05-30
CUST00803,Horne Group,Business,Charity / NPO,,US,False,Medium,Low,56304.15,7,2024-08-04
CUST00804,Martin-Kline,Business,Precious Metals Dealer,,US,False,Medium,Low,41553.23,9,2022-05-21
CUST00805,James Martin,Individual,,Freelancer / Gig Worker,CU,False,High,Medium,4005.44,10,2023-06-10
CUST00806,Holland Ltd,Business,Cash-Intensive Retail (Restaurant),,DE,False,Medium,High,926020.8,41,2023-05-18
CUST00807,Pearson-Palmer,Business,Cash-Intensive Retail (Restaurant),,US,False,Medium,Low,31654.34,12,2021-09-10
CUST00808,Carlos Thompson,Individual,,Salaried Employee,IT,False,Low,Medium,6540.13,16,2021-09-09
CUST00809,Lee Hahn,Individual,,Government Employee,GB,False,Low,Low,1754.29,4,2023-12-17
CUST00810,James Bailey,Individual,,Government Employee,US,False,Low,Medium,6425.89,18,2023-10-05
CUST00811,Owens Ltd,Business,Real Estate Agency,,AU,False,Low,High,288096.34,52,2026-01-17
CUST00812,"Sanders, Garcia and Hunt",Business,Casino / Gaming,,ES,False,Medium,High,518468.04,50,2024-10-19
CUST00813,"Holland, Lynch and Evans",Business,Casino / Gaming,,US,False,Medium,High,767465.32,63,2022-07-15
CUST00814,Mr. Donald Nguyen,Individual,,Business Owner,US,False,Low,Medium,4669.64,15,2023-12-22
CUST00815,Michael Stafford,Individual,,Business Owner,BR,False,Low,High,19393.67,20,2024-02-28
CUST00816,Hernandez and Sons,Business,Education Services,,PK,False,Medium,Low,11772.85,8,2022-02-06
CUST00817,"Powell, Flores and Taylor",Business,Construction,,US,False,Low,High,252778.06,69,2021-11-01
CUST00818,"Jimenez, Phillips and Meadows",Business,Precious Metals Dealer,,US,False,Low,Low,69182.49,11,2025-01-22
CUST00819,Doyle-Aguilar,Business,Retail - E-commerce,,US,False,Low,Medium,29837.83,39,2023-03-27
CUST00820,Barber-Walker,Business,Education Services,,TR,False,Low,Medium,89759.91,27,2025-08-31
CUST00821,"Howard, Evans and Jackson",Business,Consulting Services,,GB,False,Low,High,371227.18,33,2023-02-27
CUST00822,Davis-Anderson,Business,Import/Export Trading,,ES,False,Medium,High,454630.3,75,2023-10-26
CUST00823,"Stokes, Hines and White",Business,Manufacturing,,US,False,Low,High,250647.02,63,2024-06-21
CUST00824,"Davis, Kelly and Garner",Business,Professional Services (Legal/Accounting),,ES,False,Low,Medium,58027.69,27,2024-03-25
CUST00825,Stephen Watson,Individual,,Freelancer / Gig Worker,US,False,Low,Low,1514.91,5,2024-02-13
CUST00826,Bruce Brown,Individual,,Freelancer / Gig Worker,ES,False,Low,Medium,8078.0,11,2022-03-23
CUST00827,Cory Wilson,Individual,,Student,US,False,Low,Medium,10259.24,21,2024-11-11
CUST00828,Jennifer Pitts,Individual,,Freelancer / Gig Worker,NL,False,Low,Medium,9922.45,17,2022-11-25
CUST00829,Curtis Ortiz,Individual,,Educator,US,False,Low,Medium,5442.57,19,2025-07-05
CUST00830,Scott White,Individual,,Student,US,False,Low,Medium,6976.25,14,2022-04-22
CUST00831,Cook-Hatfield,Business,Cryptocurrency Exchange,,PH,False,High,High,442368.18,55,2024-04-13
CUST00832,Abigail Hill,Individual,,Salaried Employee,CA,False,Low,Low,1982.8,6,2023-01-19
CUST00833,"Duran, Burns and Gallagher",Business,Money Service Business,,AU,False,Medium,Medium,268953.64,16,2022-05-14
CUST00834,Mendez Ltd,Business,Precious Metals Dealer,,US,False,Medium,Low,23481.0,11,2025-04-09
CUST00835,Vincent Reyes,Individual,,Healthcare Worker,US,False,Low,Medium,7359.51,17,2021-12-09
CUST00836,Monica Dodson,Individual,,Government Employee,IN,False,Low,Low,1433.37,6,2024-05-11
CUST00837,"Lee, Rhodes and Sims",Business,Casino / Gaming,,AF,False,High,Medium,133782.56,23,2023-09-26
CUST00838,Steele LLC,Business,Precious Metals Dealer,,US,False,Medium,Low,88344.32,9,2024-04-09
CUST00839,James Chapman,Individual,,Government Employee,KR,False,Medium,Medium,9143.87,16,2023-01-14
CUST00840,Angel Fry,Individual,,Business Owner,CH,False,Low,Low,1592.31,8,2025-06-30
CUST00841,"Meyer, Warren and Hamilton",Business,Healthcare Services,,TR,False,Low,Medium,58836.75,42,2022-10-03
CUST00842,Steven Howard,Individual,,Educator,US,False,Low,Medium,6059.41,12,2023-03-22
CUST00843,Vaughan Group,Business,Import/Export Trading,,ES,False,Low,Low,48353.42,7,2021-10-12
CUST00844,Nicholas Anderson,Individual,,Educator,IT,False,Low,Medium,5381.37,12,2021-10-21
CUST00845,Caroline Richardson,Individual,,Retired,CH,False,Low,Low,1766.04,7,2021-12-08
CUST00846,Martin Wise,Individual,,Healthcare Worker,ZA,False,Low,Medium,6995.18,15,2022-01-11
CUST00847,"Vang, Stanley and Valdez",Business,Cash-Intensive Retail (Convenience Store),,US,True,Medium,Medium,215000.1,33,2021-10-14
CUST00848,Brian Wallace,Individual,,Freelancer / Gig Worker,US,False,Low,Medium,6440.27,10,2022-09-01
CUST00849,Kara Hernandez,Individual,,Business Owner,NL,False,Low,Medium,3641.58,11,2021-09-11
CUST00850,Fisher-Garcia,Business,Consulting Services,,PA,False,Medium,Medium,84023.97,38,2026-01-16
CUST00851,Larry Taylor,Individual,,Student,US,False,Low,Low,901.54,4,2022-07-05
CUST00852,"Higgins, Wilson and Wilson",Business,Technology / SaaS,,SS,False,High,High,380379.93,86,2022-07-10
CUST00853,Mr. Richard Decker DVM,Individual,,Self-Employed,US,False,Low,Low,842.22,5,2024-08-30
CUST00854,"Ortiz, Martin and Kelley",Business,Education Services,,US,False,Low,Medium,63846.2,25,2023-05-21
CUST00855,Karen Young,Individual,,Salaried Employee,CH,False,Low,Medium,8999.22,19,2021-09-22
CUST00856,"Davis, Rodriguez and Andrews",Business,Precious Metals Dealer,,MX,False,Medium,High,853140.72,108,2025-10-27
CUST00857,Herring PLC,Business,Cryptocurrency Exchange,,US,False,Medium,Low,41212.38,14,2022-04-04
CUST00858,"Cummings, Conway and Newman",Business,Retail - E-commerce,,SG,False,Low,Medium,70346.34,25,2025-07-03
CUST00859,Baker-Williams,Business,Construction,,UA,False,Medium,Medium,109473.18,23,2023-02-07
CUST00860,Sarah Ward,Individual,,Student,CH,False,Low,Low,1610.66,7,2024-04-11
CUST00861,Brian York,Individual,,Educator,KR,False,Medium,Medium,7028.21,12,2022-01-03
CUST00862,Charles Holland,Individual,,Retired,RU,False,Medium,Low,1073.0,5,2024-05-31
CUST00863,Kline-Friedman,Business,Money Service Business,,US,True,Medium,High,688579.13,59,2023-11-25
CUST00864,Anna Briggs,Individual,,Salaried Employee,TR,False,Low,Low,1857.7,3,2023-03-05
CUST00865,James Bryant,Individual,,Government Employee,DE,False,Low,Low,2015.03,4,2024-11-24
CUST00866,Karen Fisher,Individual,,Educator,US,False,Medium,Low,1209.12,6,2023-01-14
CUST00867,Anderson Ltd,Business,Precious Metals Dealer,,US,False,Low,High,1158227.67,53,2022-02-12
CUST00868,Garcia PLC,Business,Construction,,US,False,Low,Medium,45376.46,24,2025-09-21
CUST00869,Meghan White,Individual,,Business Owner,US,False,Low,Low,1473.69,8,2024-11-05
CUST00870,Lisa Huffman,Individual,,Salaried Employee,US,False,Low,Low,1153.54,9,2022-09-23
CUST00871,Mr. Stephen Alexander,Individual,,Salaried Employee,YE,False,Medium,Low,1417.64,5,2022-02-26
CUST00872,Ernest Bush,Individual,,Retired,US,False,Medium,Low,1343.91,4,2026-01-30
CUST00873,Laura Cunningham,Individual,,Self-Employed,ZA,False,Low,Medium,6491.87,13,2024-06-30
CUST00874,Melissa Montgomery,Individual,,Business Owner,MX,False,Low,Medium,3647.91,13,2025-04-19
CUST00875,Danielle Reed,Individual,,Salaried Employee,US,False,Low,Low,1107.16,4,2024-11-21
CUST00876,Combs PLC,Business,Cash-Intensive Retail (Restaurant),,LB,False,High,Medium,99000.62,23,2022-01-30
CUST00877,Schneider and Sons,Business,Construction,,HK,False,Low,Medium,80921.55,12,2025-12-01
CUST00878,Christian-Booth,Business,Cash-Intensive Retail (Restaurant),,CH,False,Medium,Low,36022.06,9,2022-04-03
CUST00879,Flores-Rivera,Business,Cryptocurrency Exchange,,DE,False,Medium,Low,28109.97,6,2023-12-26
CUST00880,Hunter PLC,Business,Precious Metals Dealer,,US,False,Medium,Low,42574.6,8,2024-11-02
CUST00881,David Stevens,Individual,,Healthcare Worker,SS,False,High,Low,1864.27,7,2025-06-06
CUST00882,Jonathan Stewart,Individual,,Freelancer / Gig Worker,AE,False,Low,Low,1106.03,6,2025-11-06
CUST00883,"Valdez, Garcia and Gutierrez",Business,Cash-Intensive Retail (Restaurant),,US,False,Low,Low,56376.92,12,2021-08-14
CUST00884,Rebecca Richmond,Individual,,Student,HK,False,Low,Medium,6641.1,14,2024-03-17
CUST00885,Kristina Pena,Individual,,Healthcare Worker,LB,False,Medium,Low,1128.77,3,2025-07-01
CUST00886,Cox-Brown,Business,Import/Export Trading,,UA,False,Medium,Medium,230896.4,43,2023-07-07
CUST00887,Rivera-Saunders,Business,Professional Services (Legal/Accounting),,YE,False,Low,High,294128.99,81,2025-08-22
CUST00888,"Sandoval, Baldwin and Wilson",Business,Construction,,ZA,False,Low,High,195094.08,50,2023-07-03
CUST00889,Henry Schultz,Individual,,Business Owner,US,False,Low,Low,2368.41,4,2024-02-07
CUST00890,"Boyd, Park and Williams",Business,Precious Metals Dealer,,AU,False,Medium,Medium,299222.58,16,2023-01-06
CUST00891,Taylor-Love,Business,Money Service Business,,CH,False,Medium,Low,62625.67,9,2025-02-05
CUST00892,Levi Lopez,Individual,,Freelancer / Gig Worker,US,False,Low,Medium,6925.84,13,2024-12-16
CUST00893,Roger Lee,Individual,,Student,ZA,False,Low,Medium,5957.11,10,2024-06-28
CUST00894,Jason House,Individual,,Business Owner,US,False,Medium,High,39743.02,29,2022-08-31
CUST00895,Ellis-Lawrence,Business,Education Services,,US,False,Low,High,392267.19,49,2025-11-27
CUST00896,Maynard Inc,Business,Casino / Gaming,,AE,False,High,Medium,100650.43,22,2022-01-11
CUST00897,"Mcconnell, Roberson and Webb",Business,Construction,,US,False,Low,Medium,50767.08,40,2025-12-10
CUST00898,Susan Holt,Individual,,Educator,ES,False,Low,Medium,9543.92,8,2023-02-04
CUST00899,Betty Hughes,Individual,,Government Employee,LB,False,Medium,Low,1689.72,4,2024-05-09
CUST00900,Janice Petty,Individual,,Healthcare Worker,SG,False,Low,Low,760.34,5,2023-09-24
CUST00901,Sanders-Cooper,Business,Real Estate Agency,,SE,False,Medium,Medium,55356.66,23,2024-02-13
CUST00902,Ballard-Taylor,Business,Healthcare Services,,GB,False,Low,High,213141.69,57,2025-12-22
CUST00903,Michael Valencia,Individual,,Retired,KR,False,Low,High,20980.16,46,2023-06-20
CUST00904,Marcus Roberts,Individual,,Educator,US,False,Low,Medium,9830.86,11,2024-07-21
CUST00905,Brandi Page,Individual,,Healthcare Worker,US,False,Medium,Low,2293.45,8,2023-02-17
CUST00906,Melissa Morris,Individual,,Self-Employed,ES,False,Medium,Low,2058.32,4,2022-08-07
CUST00907,Hart-Aguilar,Business,Professional Services (Legal/Accounting),,US,False,Low,High,225245.97,59,2025-03-03
CUST00908,"Adkins, Skinner and Mitchell",Business,Cryptocurrency Exchange,,US,False,Medium,Medium,173818.38,43,2025-03-18
CUST00909,Mills Inc,Business,Education Services,,SG,False,Low,High,207623.74,84,2024-11-09
CUST00910,Michael Gonzalez,Individual,,Healthcare Worker,US,False,Low,High,14837.4,25,2022-12-27
CUST00911,Miss Brianna Brown,Individual,,Salaried Employee,GB,False,Low,High,16374.49,32,2024-02-16
CUST00912,Joshua Howard,Individual,,Self-Employed,US,False,Low,Low,1231.68,6,2025-06-20
CUST00913,Jensen Ltd,Business,Casino / Gaming,,US,False,Low,Medium,267452.56,24,2023-07-11
CUST00914,Kristina Young,Individual,,Student,CH,False,Medium,Medium,5747.83,13,2024-01-24
CUST00915,Amber James,Individual,,Government Employee,NG,False,Medium,High,49200.7,36,2025-02-28
CUST00916,Vanessa Edwards,Individual,,Self-Employed,US,False,Low,Medium,6157.95,10,2022-01-28
CUST00917,David Oliver,Individual,,Healthcare Worker,LB,False,Medium,Medium,3116.35,9,2025-05-21
CUST00918,Susan Bush,Individual,,Freelancer / Gig Worker,US,False,Low,Medium,5520.43,10,2024-09-29
CUST00919,"Payne, Morrison and Parsons",Business,Import/Export Trading,,US,False,High,High,664421.33,87,2023-04-07
CUST00920,Cole-Lucero,Business,Technology / SaaS,,DE,False,Low,High,303097.03,101,2022-04-02
CUST00921,Christopher Palmer,Individual,,Freelancer / Gig Worker,AU,False,Medium,Medium,3712.25,12,2024-10-28
CUST00922,Douglas Baker,Individual,,Educator,US,False,High,Low,1287.98,8,2022-12-26
CUST00923,Dawn Rivera,Individual,,Government Employee,US,True,Medium,Low,850.92,3,2022-12-07
CUST00924,Hernandez LLC,Business,Cash-Intensive Retail (Convenience Store),,US,False,Medium,High,558203.69,72,2022-01-19
CUST00925,Lori Cameron,Individual,,Educator,DE,False,Low,Low,1877.55,6,2024-03-06
CUST00926,Kenneth Howard DDS,Individual,,Healthcare Worker,US,False,Low,Low,1404.05,7,2024-04-27
CUST00927,Tina Meyer,Individual,,Salaried Employee,US,False,Low,High,22587.07,27,2025-11-30
CUST00928,Joshua Powell,Individual,,Salaried Employee,US,False,High,Medium,4314.66,22,2024-08-03
CUST00929,Daniel Rivera,Individual,,Self-Employed,SG,False,Low,Medium,6308.61,8,2024-09-07
CUST00930,Robinson-Goodwin,Business,Consulting Services,,CH,False,Low,Low,19351.11,7,2025-08-28
CUST00931,Samantha Zavala MD,Individual,,Government Employee,US,False,Low,Low,1738.41,5,2024-07-24
CUST00932,Allen-May,Business,Precious Metals Dealer,,AU,False,Low,Medium,270902.24,17,2023-09-10
CUST00933,Fleming LLC,Business,Cash-Intensive Retail (Car Wash),,NL,False,Medium,Medium,110986.01,23,2024-11-10
CUST00934,Cruz PLC,Business,Consulting Services,,US,False,Low,Medium,111017.0,25,2024-01-09
CUST00935,Pruitt LLC,Business,Construction,,US,False,Low,Medium,57081.25,44,2025-12-28
CUST00936,Jill Williams,Individual,,Salaried Employee,FR,False,Medium,Low,1474.5,9,2023-04-04
CUST00937,Bradley Davis,Individual,,Government Employee,US,False,Low,Low,1368.42,4,2021-09-05
CUST00938,Christine Soto,Individual,,Salaried Employee,CA,False,Low,Low,2055.85,8,2023-06-07
CUST00939,"Coleman, Garcia and Medina",Business,Cryptocurrency Exchange,,US,False,Low,Medium,174363.67,25,2025-04-27
CUST00940,Teresa Burgess,Individual,,Business Owner,US,False,Low,Medium,7939.94,15,2022-12-04
CUST00941,Stevens LLC,Business,Import/Export Trading,,US,True,High,Low,49380.76,8,2021-12-09
CUST00942,Jones and Sons,Business,Cryptocurrency Exchange,,US,False,Medium,Low,46244.8,6,2023-10-05
CUST00943,"Jones, Underwood and Bartlett",Business,Import/Export Trading,,JP,False,Medium,High,818344.08,63,2025-01-31
CUST00944,Hayes-Sullivan,Business,Cryptocurrency Exchange,,CH,False,Medium,Low,37194.09,9,2024-04-23
CUST00945,Price Inc,Business,Cash-Intensive Retail (Convenience Store),,US,False,High,Medium,147946.63,24,2021-09-01
CUST00946,Lisa Avila,Individual,,Educator,US,False,Low,Low,1022.57,5,2022-01-02
CUST00947,Angel Reilly,Individual,,Government Employee,UA,False,Medium,Medium,13094.44,20,2022-07-09
CUST00948,Buchanan-Turner,Business,Cash-Intensive Retail (Restaurant),,US,False,Medium,Medium,148001.75,25,2022-05-09
CUST00949,Timothy James,Individual,,Business Owner,LY,False,High,Medium,5717.66,7,2021-11-17
CUST00950,Moore-Robinson,Business,Import/Export Trading,,GB,False,High,High,1088897.49,75,2024-12-10
CUST00951,Sarah Phillips,Individual,,Salaried Employee,SE,False,Low,Low,1711.04,8,2022-11-04
CUST00952,Stephen Sanford,Individual,,Freelancer / Gig Worker,IN,False,Low,Medium,3611.77,21,2024-10-16
CUST00953,Alexandra Baxter,Individual,,Healthcare Worker,UA,False,Medium,Medium,7532.42,17,2022-10-27
CUST00954,Williams PLC,Business,Cash-Intensive Retail (Convenience Store),,TR,False,High,High,278129.69,45,2024-12-20
CUST00955,"Kelley, Miller and Clark",Business,Charity / NPO,,US,False,Medium,Medium,184107.71,30,2024-07-17
CUST00956,Taylor York,Individual,,Salaried Employee,US,False,Low,Medium,7051.94,12,2022-10-30
CUST00957,White PLC,Business,Education Services,,US,False,Medium,Low,9710.32,8,2023-10-08
CUST00958,Christopher Marsh,Individual,,Educator,US,False,Low,Low,1841.22,3,2022-01-29
CUST00959,"Murray, Dunn and Roberts",Business,Consulting Services,,US,False,Low,Low,17348.97,9,2022-03-11
CUST00960,Garcia-Swanson,Business,Cash-Intensive Retail (Car Wash),,MX,False,Medium,High,857638.23,100,2025-10-05
CUST00961,Heather Lambert,Individual,,Educator,US,False,Low,Low,1426.49,4,2023-08-12
CUST00962,Manuel Mccullough,Individual,,Government Employee,MX,False,Low,Medium,7719.11,9,2024-04-27
CUST00963,Mr. Matthew Steele,Individual,,Student,KR,False,Low,Low,1027.23,5,2022-11-30
CUST00964,Holly Stewart,Individual,,Educator,JP,False,Low,Low,2207.65,5,2025-04-05
CUST00965,Smith and Sons,Business,Real Estate Agency,,US,False,Low,Medium,46838.78,24,2023-07-03
CUST00966,"Singh, Graham and Larsen",Business,Healthcare Services,,IT,False,Low,Low,13233.23,8,2022-10-05
CUST00967,Erin Castillo,Individual,,Student,AE,False,Medium,Low,1948.9,7,2025-05-28
CUST00968,Hampton-Tucker,Business,Cryptocurrency Exchange,,IT,False,Low,Low,45310.56,7,2022-07-18
CUST00969,Brewer Inc,Business,Cryptocurrency Exchange,,SG,False,High,Medium,134289.12,18,2024-01-02
CUST00970,Brenda Ryan,Individual,,Educator,ES,False,Low,Medium,3183.89,25,2023-11-09
CUST00971,Lori Luna,Individual,,Educator,JP,False,Medium,Low,1295.67,7,2021-10-10
CUST00972,"Welch, Hess and Riley",Business,Construction,,US,False,Low,High,140510.07,109,2023-06-06
CUST00973,Arnold PLC,Business,Casino / Gaming,,HK,False,Medium,Low,83691.63,11,2025-08-19
CUST00974,Brittany Long,Individual,,Freelancer / Gig Worker,JP,False,Low,Low,1998.18,4,2024-02-04
CUST00975,Jonathan Davis,Individual,,Self-Employed,US,False,Medium,Low,1865.92,5,2024-09-17
CUST00976,Mary Charles,Individual,,Healthcare Worker,US,False,Low,Medium,4558.08,23,2023-01-11
CUST00977,Brenda Moore,Individual,,Student,US,False,Low,Low,1329.97,7,2022-11-11
CUST00978,Karen Howard,Individual,,Salaried Employee,YE,False,Medium,Medium,4240.65,9,2023-06-24
CUST00979,Crystal Baker,Individual,,Retired,JP,False,Low,Medium,8885.57,11,2023-08-11
CUST00980,Daniel Velez,Individual,,Self-Employed,US,False,Medium,Low,2847.44,3,2024-09-09
CUST00981,Thomas Keith,Individual,,Healthcare Worker,KR,False,Low,Low,1900.49,10,2021-12-15
CUST00982,"Nguyen, Padilla and Boyd",Business,Construction,,PH,False,Medium,Medium,45694.76,38,2023-12-11
CUST00983,"Baker, Stephens and Thompson",Business,Real Estate Agency,,PH,False,Medium,Low,18902.34,9,2024-11-02
CUST00984,Matthews-Villanueva,Business,Cash-Intensive Retail (Car Wash),,SG,False,Low,Low,44003.43,11,2022-04-12
CUST00985,Jamie Solomon,Individual,,Business Owner,US,False,Low,Medium,5238.45,12,2026-01-04
CUST00986,Gomez-Parrish,Business,Retail - E-commerce,,US,False,Low,Low,27854.63,6,2025-10-04
CUST00987,Stacy Smith,Individual,,Educator,US,False,Low,Medium,8763.36,11,2022-10-19
CUST00988,Martin-Jones,Business,Technology / SaaS,,VE,False,Medium,Medium,40060.57,39,2024-01-03
CUST00989,Cody Cox,Individual,,Healthcare Worker,YE,False,High,Low,1206.2,7,2022-08-16
CUST00990,Jennifer Rivera,Individual,,Salaried Employee,GB,False,Low,Low,2938.15,5,2022-08-01
CUST00991,Leonard-Mendoza,Business,Cash-Intensive Retail (Restaurant),,UA,False,High,Medium,172404.55,30,2022-12-27
CUST00992,Jennifer Sanchez,Individual,,Government Employee,IT,False,Medium,High,17446.87,33,2022-09-15
CUST00993,Candace Soto,Individual,,Educator,VE,False,Medium,Low,1241.61,5,2021-12-13
CUST00994,Bridget Jackson,Individual,,Business Owner,IT,False,Low,Medium,8692.42,15,2023-02-24
CUST00995,"Mullen, Greene and Elliott",Business,Healthcare Services,,ES,False,Medium,Medium,55231.46,26,2021-10-10
CUST00996,Monica Nicholson,Individual,,Government Employee,PA,False,Low,Low,1250.5,9,2022-05-07
CUST00997,Lawrence Ruiz,Individual,,Freelancer / Gig Worker,US,False,Medium,Low,1337.44,7,2025-09-18
CUST00998,Robinson Group,Business,Construction,,IT,False,Low,Medium,116153.65,24,2022-10-31
CUST00999,"Hoover, White and Keller",Business,Retail - E-commerce,,VE,True,Medium,Low,32847.52,11,2023-11-13
CUST01000,Ramsey LLC,Business,Casino / Gaming,,US,False,Medium,High,887567.11,50,2025-06-22
CUST01001,Andrea Gray,Individual,,Retired,JP,False,Medium,Low,2250.26,5,2022-09-28
CUST01002,Dale Heath,Individual,,Business Owner,VE,False,Medium,Low,1500.55,6,2025-11-27
CUST01003,"Barnes, Hernandez and Davis",Business,Precious Metals Dealer,,UA,False,High,Low,47631.99,9,2025-08-31
CUST01004,Linda Rich,Individual,,Student,US,False,Low,High,12331.55,39,2025-11-24
CUST01005,Davis Ltd,Business,Cryptocurrency Exchange,,KR,False,Medium,High,522356.22,38,2022-09-22
CUST01006,"Ryan, Smith and Pace",Business,Precious Metals Dealer,,US,False,Medium,High,978391.62,44,2025-04-15
CUST01007,"Fisher, Golden and Wolfe",Business,Healthcare Services,,MX,False,Low,Low,19064.3,18,2025-04-07
CUST01008,Mays Group,Business,Real Estate Agency,,HK,False,Low,Low,9502.63,15,2024-11-10
CUST01009,Robert Velez,Individual,,Salaried Employee,KR,False,Low,Medium,3742.38,13,2022-06-13
CUST01010,David Cannon,Individual,,Educator,MM,False,Medium,Low,1603.05,9,2022-05-01
CUST01011,George-Stephens,Business,Consulting Services,,US,False,Medium,Medium,44862.41,13,2023-10-23
CUST01012,Smith Ltd,Business,Cash-Intensive Retail (Car Wash),,IT,True,High,High,978323.14,90,2021-09-05
CUST01013,Autumn Smith,Individual,,Healthcare Worker,NG,False,Low,Low,1396.03,5,2023-05-14
CUST01014,Emily Cox,Individual,,Retired,US,False,Low,Low,2741.61,5,2022-12-07
CUST01015,Kevin Green,Individual,,Freelancer / Gig Worker,US,False,Low,Medium,13885.45,19,2025-03-21
CUST01016,"Diaz, Hill and Becker",Business,Healthcare Services,,US,False,Low,Medium,31214.21,29,2023-05-08
CUST01017,Arnold-Grant,Business,Healthcare Services,,US,False,Medium,Low,12827.57,6,2023-02-20
CUST01018,Justin King,Individual,,Educator,US,False,Medium,Low,981.08,5,2024-03-23
CUST01019,Patricia Sanders,Individual,,Salaried Employee,SG,False,Low,Medium,5382.89,10,2022-10-16
CUST01020,Mary Adkins,Individual,,Self-Employed,US,False,Medium,Low,1394.77,4,2025-06-01
CUST01021,"Avery, Garcia and Romero",Business,Cash-Intensive Retail (Restaurant),,US,False,Medium,Low,27045.95,8,2024-06-30
CUST01022,"Mendez, Cohen and Williams",Business,Consulting Services,,US,False,Low,Medium,71180.31,19,2024-12-04
CUST01023,Abigail Davis,Individual,,Government Employee,US,False,Low,Low,886.98,6,2022-11-08
CUST01024,Frost-Graham,Business,Technology / SaaS,,PH,False,Medium,Low,14081.93,16,2022-03-01
CUST01025,Jacob Lynch,Individual,,Government Employee,VE,False,High,Medium,4503.05,19,2024-11-20
CUST01026,Mendez-Meyer,Business,Import/Export Trading,,KH,False,Medium,Low,38776.43,10,2022-02-08
CUST01027,Bowman Group,Business,Casino / Gaming,,JP,False,Low,Low,83343.52,11,2021-09-16
CUST01028,Matthew Lara,Individual,,Self-Employed,ES,False,Low,Medium,10126.95,14,2024-01-19
CUST01029,Richard Dixon,Individual,,Government Employee,US,False,Low,Medium,6995.68,18,2023-08-03
CUST01030,"Jackson, Johnson and Allen",Business,Real Estate Agency,,US,False,Low,Medium,52787.69,25,2021-08-14
CUST01031,Miller LLC,Business,Technology / SaaS,,US,False,Low,Medium,67500.5,36,2025-01-05
CUST01032,James Willis,Individual,,Government Employee,ZA,False,Low,Low,1176.9,4,2026-01-08
CUST01033,Michael Calhoun,Individual,,Educator,US,False,Low,Medium,4954.95,15,2024-01-14
CUST01034,Kristin Aguilar,Individual,,Freelancer / Gig Worker,AE,False,Medium,Medium,9257.79,9,2024-07-28
CUST01035,Perez-Mccarty,Business,Casino / Gaming,,US,False,Low,High,846202.92,71,2025-06-26
CUST01036,Laura Green,Individual,,Educator,US,False,Low,Low,889.15,5,2025-01-29
CUST01037,"Rodriguez, Jones and Phillips",Business,Construction,,ZA,False,Low,High,264951.1,36,2022-08-12
CUST01038,"Frye, Walter and Li",Business,Real Estate Agency,,US,False,Low,Medium,45812.13,21,2023-09-30
CUST01039,Tracy Hart,Individual,,Student,US,False,Low,Low,3608.05,4,2023-09-08
CUST01040,Tonya Ellis,Individual,,Government Employee,PA,False,Medium,Low,1090.84,7,2025-07-15
CUST01041,Shannon Olson,Individual,,Business Owner,YE,False,Medium,High,23288.37,26,2023-10-24
CUST01042,Mark Gamble,Individual,,Self-Employed,SG,False,Low,Medium,6462.09,15,2023-07-29
CUST01043,Gutierrez-Gomez,Business,Charity / NPO,,YE,False,High,Medium,202581.81,25,2021-09-13
CUST01044,Deborah Mitchell,Individual,,Retired,US,False,Low,Low,1427.33,5,2025-01-04
CUST01045,Samantha Jones,Individual,,Self-Employed,IN,False,Low,Low,1444.61,7,2023-02-19
CUST01046,Hayden Shannon,Individual,,Retired,US,False,Low,Medium,6444.56,16,2023-11-27
CUST01047,Paul Conrad,Individual,,Salaried Employee,US,False,Low,High,13742.79,40,2023-03-27
CUST01048,Mclaughlin-Young,Business,Consulting Services,,NG,False,Medium,Low,10525.91,12,2023-09-05
CUST01049,Christine Harris,Individual,,Student,US,False,Low,High,15036.69,44,2023-09-28
CUST01050,"Kelly, Maxwell and Wilson",Business,Consulting Services,,GB,False,Low,Low,15962.28,8,2022-04-14
CUST01051,Mary Austin,Individual,,Freelancer / Gig Worker,US,False,Medium,Low,1104.19,7,2021-12-23
CUST01052,Jacqueline Stewart,Individual,,Retired,US,False,Low,Low,964.19,7,2023-12-15
CUST01053,White-Duran,Business,Cryptocurrency Exchange,,ES,False,Medium,Low,35496.82,11,2025-12-19
CUST01054,Sanders-Christensen,Business,Cryptocurrency Exchange,,AU,False,Medium,Low,66104.13,7,2022-09-16
CUST01055,Robert Mendoza,Individual,,Healthcare Worker,AU,False,Low,High,23223.5,39,2021-11-23
CUST01056,"Reed, Dalton and Parsons",Business,Education Services,,IR,False,High,Low,15545.67,9,2025-07-04
CUST01057,Melissa Stevens,Individual,,Student,NL,False,Medium,Medium,9077.93,19,2021-09-09
CUST01058,Daniel Carpenter,Individual,,Salaried Employee,CH,False,Low,Low,1214.58,7,2024-05-21
CUST01059,Scott Lopez,Individual,,Retired,IT,False,Low,High,23495.55,22,2023-11-08
CUST01060,Adams PLC,Business,Precious Metals Dealer,,LB,False,High,Medium,129188.15,21,2024-07-14
CUST01061,White-Coleman,Business,Money Service Business,,US,False,Low,High,1285651.96,50,2025-03-08
CUST01062,"Goodwin, Diaz and Morales",Business,Cash-Intensive Retail (Restaurant),,US,False,Medium,Medium,133337.81,27,2025-06-14
CUST01063,Carlos Johnston,Individual,,Business Owner,US,False,Medium,Medium,6354.21,11,2023-07-25
CUST01064,Le and Sons,Business,Import/Export Trading,,US,False,Low,Low,23843.12,8,2025-04-17
CUST01065,Gonzalez-Marsh,Business,Healthcare Services,,GB,False,Low,Medium,50663.91,24,2022-11-21
CUST01066,Shaffer-Thompson,Business,Cryptocurrency Exchange,,AU,False,Medium,Medium,121286.53,38,2025-11-13
CUST01067,Cowan Ltd,Business,Technology / SaaS,,US,False,Low,Low,10433.4,14,2026-01-06
CUST01068,Emily Tucker,Individual,,Government Employee,US,False,Low,Low,2394.28,9,2023-10-02
CUST01069,Laura Ross,Individual,,Self-Employed,IR,False,Medium,Medium,5600.97,14,2023-01-03
CUST01070,Robert Woods,Individual,,Salaried Employee,AU,False,Low,Low,1863.98,9,2022-06-09
CUST01071,George Ward,Individual,,Government Employee,US,False,Low,High,21059.55,26,2023-10-23
CUST01072,Smith-Martinez,Business,Consulting Services,,NL,False,Low,Low,23114.68,9,2023-04-24
CUST01073,"Johnston, Banks and Thompson",Business,Manufacturing,,FR,False,Low,Medium,76305.73,29,2024-01-15
CUST01074,Michael Freeman,Individual,,Government Employee,IN,False,Medium,Low,778.96,4,2025-06-02
CUST01075,Jane Mitchell,Individual,,Government Employee,VE,False,High,High,29295.47,28,2022-11-07
CUST01076,Davidson LLC,Business,Casino / Gaming,,MX,False,Low,High,722148.58,47,2025-03-16
CUST01077,Laura Sweeney,Individual,,Student,TR,False,Medium,Low,2060.86,4,2022-03-23
CUST01078,Greg Edwards,Individual,,Self-Employed,US,False,Low,Low,4002.93,5,2024-02-05
CUST01079,"Adams, Newman and Nelson",Business,Education Services,,US,False,Medium,Low,10902.24,8,2025-05-27
CUST01080,Adkins-Meyer,Business,Construction,,US,False,Low,Medium,54135.55,17,2025-06-12
CUST01081,Jackson-Dickerson,Business,Casino / Gaming,,US,False,Medium,High,452082.93,69,2022-09-06
CUST01082,Mary Shepard,Individual,,Student,US,False,Low,Medium,9947.55,17,2022-04-19
CUST01083,James Davis,Individual,,Freelancer / Gig Worker,US,False,Low,Low,2261.92,4,2025-08-23
CUST01084,"Brown, Wise and Warren",Business,Money Service Business,,MM,False,High,Medium,193803.67,36,2022-04-29
CUST01085,Luke Miller,Individual,,Salaried Employee,SG,False,Medium,Medium,3487.45,12,2024-12-07
CUST01086,Perez-Rojas,Business,Cash-Intensive Retail (Convenience Store),,US,False,Medium,Low,50880.62,9,2025-05-21
CUST01087,Bonnie Roberson,Individual,,Freelancer / Gig Worker,YE,False,Medium,Low,1303.93,7,2021-11-10
CUST01088,Alvarado LLC,Business,Education Services,,US,False,Low,Medium,48114.06,36,2025-09-01
CUST01089,Proctor-Fernandez,Business,Retail - E-commerce,,AU,False,Low,High,349960.61,57,2023-12-08
CUST01090,Brandy Fry,Individual,,Business Owner,KR,False,Medium,Low,2100.74,5,2023-02-15
CUST01091,Joyce Curry,Individual,,Business Owner,DE,False,Medium,High,13679.79,47,2025-04-26
CUST01092,"Bowman, Ferguson and Stout",Business,Money Service Business,,PK,False,High,Medium,84157.29,21,2025-09-18
CUST01093,Regina Ramos,Individual,,Student,US,False,Low,Low,1133.24,4,2024-09-23
CUST01094,Green-Torres,Business,Precious Metals Dealer,,US,False,Low,Medium,251921.15,24,2021-08-14
CUST01095,Olivia Taylor,Individual,,Healthcare Worker,ES,False,Low,Low,1711.9,6,2024-01-21
CUST01096,Nichols-Watts,Business,Cash-Intensive Retail (Car Wash),,NL,False,Low,Low,55411.39,16,2025-10-20
CUST01097,Evans-Cannon,Business,Cash-Intensive Retail (Car Wash),,JP,False,Medium,Low,52732.6,25,2024-02-10
CUST01098,Rebecca Kelley,Individual,,Self-Employed,RU,False,Medium,Low,1302.86,5,2023-03-22
CUST01099,Justin Foster,Individual,,Retired,IN,False,Low,Medium,7075.46,15,2023-01-03
CUST01100,Maria Clayton,Individual,,Healthcare Worker,GB,False,Low,High,18515.24,47,2023-06-30
CUST01101,Jay Allen,Individual,,Educator,KH,False,Medium,Medium,5301.08,12,2023-12-06
CUST01102,Wong-Patel,Business,Cash-Intensive Retail (Car Wash),,LB,False,Medium,Low,18116.54,12,2023-11-27
CUST01103,Scott White,Individual,,Business Owner,MX,False,Low,Medium,5953.09,20,2024-01-30
CUST01104,Jesse Chavez,Individual,,Business Owner,US,False,Low,Low,2217.29,5,2025-10-20
CUST01105,Flores and Sons,Business,Cash-Intensive Retail (Car Wash),,PH,False,High,Low,67208.51,10,2022-01-15
CUST01106,Alison Compton,Individual,,Healthcare Worker,US,False,Low,High,17414.91,39,2024-01-07
CUST01107,Mike Acosta,Individual,,Retired,VE,False,High,Low,1948.0,5,2023-08-07
CUST01108,Hernandez Group,Business,Import/Export Trading,,US,False,Medium,Low,68009.71,8,2023-06-19
CUST01109,Eric Lloyd,Individual,,Healthcare Worker,AU,False,Low,Medium,9702.65,17,2024-10-10
CUST01110,Rick Rivera,Individual,,Self-Employed,HK,False,Low,Low,1671.04,3,2022-11-10
CUST01111,Adams Group,Business,Professional Services (Legal/Accounting),,US,False,Low,Medium,50690.09,33,2022-03-23
CUST01112,Catherine Huang,Individual,,Business Owner,AU,False,Low,Low,1325.17,7,2023-09-29
CUST01113,Clayton-Martinez,Business,Manufacturing,,AU,False,Low,Medium,97067.78,23,2023-09-26
CUST01114,Wise-Ramos,Business,Healthcare Services,,US,False,Medium,Low,18721.46,8,2021-11-26
CUST01115,Nicolas Davis,Individual,,Retired,US,False,Low,Low,2056.43,4,2023-05-23
CUST01116,Price-Ali,Business,Technology / SaaS,,US,False,Low,High,345709.43,114,2024-05-13
CUST01117,Soto Inc,Business,Healthcare Services,,US,False,Low,Low,9575.04,9,2026-01-18
CUST01118,John Evans,Individual,,Educator,AE,False,Low,Low,1438.56,3,2024-09-06
CUST01119,Sharon Robinson,Individual,,Self-Employed,MM,False,High,High,15182.46,32,2022-07-30
CUST01120,Jeffrey Smith,Individual,,Retired,US,False,Low,Low,1212.33,8,2023-12-19
CUST01121,"Wilson, Mccormick and Smith",Business,Professional Services (Legal/Accounting),,CH,False,Medium,Low,13495.83,10,2021-12-22
CUST01122,"Logan, Alvarez and Carlson",Business,Technology / SaaS,,SG,False,Medium,Medium,49255.58,34,2024-10-10
CUST01123,Wright Group,Business,Professional Services (Legal/Accounting),,US,False,Low,Medium,88827.48,24,2022-05-24
CUST01124,Gina Booker,Individual,,Business Owner,KP,False,High,Medium,5361.81,22,2022-02-16
CUST01125,Kelly and Sons,Business,Money Service Business,,HK,False,Medium,Medium,172072.15,18,2022-07-13
CUST01126,Freeman LLC,Business,Real Estate Agency,,US,False,Low,Medium,59463.98,29,2024-07-28
CUST01127,Jessica Lee,Individual,,Educator,US,False,Low,Medium,5542.04,18,2024-10-30
CUST01128,Chad Roach,Individual,,Self-Employed,US,False,Low,Low,2366.58,6,2025-09-29
CUST01129,"Kim, Phillips and Terry",Business,Import/Export Trading,,US,False,Medium,Low,48665.29,8,2023-03-26
CUST01130,"Lopez, Bailey and Oconnor",Business,Real Estate Agency,,US,False,Low,Medium,98534.94,24,2023-12-17
CUST01131,Linda Valencia,Individual,,Business Owner,US,False,Low,Medium,4965.92,13,2022-12-25
CUST01132,Schmidt Group,Business,Consulting Services,,CA,False,Low,Low,14664.14,11,2024-02-18
CUST01133,Kimberly Gibson,Individual,,Salaried Employee,SG,False,Medium,Medium,12734.77,13,2025-12-02
CUST01134,Cody Smith,Individual,,Student,DE,False,Medium,High,18906.67,26,2024-09-18
CUST01135,"Allen, Le and Barrett",Business,Construction,,HK,False,Medium,Medium,43811.24,38,2024-11-29
CUST01136,Warren Group,Business,Money Service Business,,SE,False,Low,Medium,111664.96,32,2022-12-05
CUST01137,"Campbell, Ortiz and Morris",Business,Retail - E-commerce,,US,False,Low,High,180309.74,44,2022-06-09
CUST01138,"Hopkins, Williams and Pace",Business,Real Estate Agency,,US,False,Medium,Medium,70657.35,37,2023-02-20
CUST01139,Christina Washington,Individual,,Retired,SG,False,Low,Low,1495.69,7,2022-06-16
CUST01140,Martin Price,Individual,,Business Owner,US,False,Low,Low,1655.64,7,2025-10-14
CUST01141,"Hanson, Garza and Williams",Business,Technology / SaaS,,PK,False,Medium,Medium,55427.05,25,2023-06-30
CUST01142,"Robbins, Smith and Mccall",Business,Cash-Intensive Retail (Car Wash),,SE,False,Low,High,917737.4,67,2025-10-18
CUST01143,Mcdonald Ltd,Business,Charity / NPO,,TR,False,Medium,Medium,99540.1,22,2022-02-18
CUST01144,Grant-Hurley,Business,Cash-Intensive Retail (Car Wash),,RU,False,High,Medium,122420.5,18,2025-02-26
CUST01145,Bauer-Brown,Business,Cash-Intensive Retail (Convenience Store),,US,False,Medium,Medium,136684.67,32,2023-11-17
CUST01146,"Williams, Jones and Torres",Business,Retail - E-commerce,,FR,False,Low,Medium,59852.2,30,2023-06-15
CUST01147,Anne Hardy,Individual,,Healthcare Worker,US,False,Low,High,26945.61,30,2024-11-23
CUST01148,Joseph Wright,Individual,,Business Owner,ES,False,Low,Medium,3698.04,16,2023-02-20
CUST01149,Kristin Reese,Individual,,Government Employee,HK,False,Low,Low,1159.56,4,2024-08-30
CUST01150,Michele Simmons,Individual,,Retired,US,False,Low,Medium,8762.91,11,2022-07-03
CUST01151,Christopher Morales,Individual,,Business Owner,US,False,Low,Medium,2469.48,16,2024-06-27
CUST01152,Kimberly Greene,Individual,,Retired,IT,False,Low,Medium,4741.94,14,2024-08-12
CUST01153,Pierce-Shea,Business,Healthcare Services,,US,False,Medium,Medium,33385.22,22,2024-10-11
CUST01154,Duran-Jordan,Business,Cash-Intensive Retail (Restaurant),,US,False,Medium,Low,37282.2,6,2024-05-14
CUST01155,Kristine Lewis,Individual,,Freelancer / Gig Worker,KR,False,Low,Medium,6769.66,16,2023-10-12
CUST01156,Nixon-West,Business,Import/Export Trading,,PH,False,High,Low,42808.31,6,2024-12-29
CUST01157,Andrew Mitchell,Individual,,Retired,US,False,Low,Medium,10667.18,13,2021-10-03
CUST01158,Wendy Turner,Individual,,Government Employee,US,False,Low,Low,1900.55,5,2024-03-04
CUST01159,Lewis LLC,Business,Construction,,US,False,Low,Low,10817.01,9,2021-10-20
CUST01160,"Short, Ellison and Dixon",Business,Import/Export Trading,,US,False,Medium,Medium,163906.21,30,2022-12-07
CUST01161,Joe Moore,Individual,,Student,US,False,Low,Medium,7120.3,10,2023-11-15
CUST01162,Preston-Wright,Business,Professional Services (Legal/Accounting),,DE,False,Low,Medium,58494.87,24,2023-10-19
CUST01163,Anna Ross,Individual,,Salaried Employee,US,False,Medium,Low,1675.76,3,2023-06-20
CUST01164,"Jones, Nguyen and Olson",Business,Manufacturing,,US,False,Low,High,272707.24,66,2025-10-09
CUST01165,"Warner, Weiss and Davis",Business,Cryptocurrency Exchange,,SE,False,Low,Low,23434.91,10,2024-03-04
CUST01166,Cross PLC,Business,Cash-Intensive Retail (Convenience Store),,PA,False,Medium,Medium,189588.6,17,2024-11-11
CUST01167,Anthony Wise,Individual,,Business Owner,US,False,Low,Low,1144.5,9,2024-07-29
CUST01168,Butler-Parrish,Business,Cash-Intensive Retail (Car Wash),,US,False,Low,High,1043991.1,78,2023-07-19
CUST01169,Sarah Mcfarland,Individual,,Self-Employed,US,False,Low,High,21480.21,38,2024-11-14
CUST01170,Joseph Flores,Individual,,Business Owner,BR,False,Medium,Low,1270.66,6,2022-11-21
CUST01171,Shaw-Walker,Business,Cash-Intensive Retail (Restaurant),,ZA,False,High,High,532823.5,83,2022-01-17
CUST01172,Yolanda Maddox,Individual,,Self-Employed,MX,False,Low,Low,1343.11,6,2025-11-29
CUST01173,Walker LLC,Business,Real Estate Agency,,MX,False,Low,High,179045.51,88,2024-12-21
CUST01174,George Alvarez,Individual,,Government Employee,ZA,False,Low,High,24969.48,45,2022-01-14
CUST01175,"Ross, Miller and Shaw",Business,Cash-Intensive Retail (Restaurant),,UA,False,Medium,High,553387.87,58,2022-09-23
CUST01176,Karen Gonzalez,Individual,,Student,LB,False,High,Low,2302.3,4,2024-12-24
CUST01177,Christina Gilbert,Individual,,Healthcare Worker,US,False,Low,Low,1302.93,8,2026-01-28
CUST01178,Benjamin Frank,Individual,,Freelancer / Gig Worker,VE,False,High,Low,952.38,4,2024-05-14
CUST01179,"Glass, Davis and Powers",Business,Import/Export Trading,,US,True,Medium,Medium,170266.59,17,2025-03-21
CUST01180,Connor Cooper,Individual,,Freelancer / Gig Worker,IT,False,Low,Medium,2566.88,10,2021-10-28
CUST01181,Jackson-Bailey,Business,Cash-Intensive Retail (Convenience Store),,US,False,Low,Low,38196.72,11,2025-05-18
CUST01182,"Thomas, Williams and Meyers",Business,Cash-Intensive Retail (Convenience Store),,IN,False,Low,Medium,149388.35,19,2023-04-26
CUST01183,"Brooks, Todd and Farrell",Business,Cryptocurrency Exchange,,ZA,False,Medium,High,589538.82,46,2022-07-29
CUST01184,"Brown, Rush and Mcintosh",Business,Casino / Gaming,,AF,False,Medium,Medium,124661.95,30,2024-01-24
CUST01185,Michael Rodriguez,Individual,,Freelancer / Gig Worker,US,False,Low,Medium,8454.8,9,2025-06-12
CUST01186,Gary Singh,Individual,,Educator,US,False,Low,Low,1720.74,5,2023-06-03
CUST01187,Payne LLC,Business,Cryptocurrency Exchange,,BR,False,Medium,Medium,97788.01,25,2025-09-22
CUST01188,Wendy Neal,Individual,,Business Owner,JP,False,Low,Medium,12898.45,19,2021-10-10
CUST01189,Aguilar-Alvarado,Business,Cash-Intensive Retail (Restaurant),,GB,False,Medium,Medium,139926.24,22,2021-12-27
CUST01190,Jackson-Campbell,Business,Technology / SaaS,,GB,False,Low,Medium,56032.1,43,2023-12-04
CUST01191,Marshall Inc,Business,Casino / Gaming,,US,False,Low,Medium,117715.18,42,2022-03-08
CUST01192,Devon Christian,Individual,,Educator,SG,False,Low,Low,1825.84,5,2024-09-06
CUST01193,Alicia Dillon,Individual,,Healthcare Worker,HK,False,Medium,Medium,6108.89,15,2024-11-26
CUST01194,Whitney PLC,Business,Real Estate Agency,,ES,False,Low,Low,10122.72,10,2022-06-19
CUST01195,Washington-Harper,Business,Manufacturing,,MM,False,High,Low,10552.03,6,2022-05-14
CUST01196,Gonzalez Group,Business,Real Estate Agency,,KH,False,Low,Low,9671.76,8,2021-10-19
CUST01197,Wright PLC,Business,Cash-Intensive Retail (Restaurant),,US,False,Medium,Low,27994.2,8,2024-03-18
CUST01198,James Moore,Individual,,Salaried Employee,US,False,Low,Medium,5666.14,12,2024-07-26
CUST01199,"Bell, Garrett and Young",Business,Retail - E-commerce,,US,False,Low,Medium,42297.15,28,2025-11-18
CUST01200,Cain-Garrett,Business,Money Service Business,,SE,False,Medium,Low,32345.29,7,2024-11-28
CUST01201,Robin Johnson,Individual,,Self-Employed,YE,False,Medium,Low,2373.94,5,2024-01-01
CUST01202,Hernandez Group,Business,Consulting Services,,JP,False,Low,Medium,34827.84,26,2022-10-14
CUST01203,James Yu,Individual,,Student,US,False,Low,Low,992.66,5,2023-07-21
CUST01204,Kenneth Simmons,Individual,,Salaried Employee,PK,False,Low,Medium,8913.68,12,2024-04-10
CUST01205,"Murphy, Daniels and Clark",Business,Money Service Business,,US,False,Medium,Medium,166990.4,22,2022-10-18
CUST01206,"Weaver, Mcbride and Huffman",Business,Casino / Gaming,,ES,False,Medium,Low,35834.46,11,2024-03-31
CUST01207,"Thornton, Mills and Taylor",Business,Technology / SaaS,,RU,False,Low,High,184117.72,58,2022-11-07
CUST01208,Krystal Moore,Individual,,Freelancer / Gig Worker,KH,False,Medium,Medium,7315.55,15,2022-03-12
CUST01209,Tiffany Wilson,Individual,,Business Owner,US,False,Low,Low,1504.4,4,2024-04-26
CUST01210,Brianna Johnson,Individual,,Educator,US,False,Low,Medium,7096.67,6,2024-04-30
CUST01211,Jennifer Jenkins,Individual,,Business Owner,BR,False,Low,Medium,7598.21,11,2025-05-21
CUST01212,"Peck, Shannon and Mahoney",Business,Import/Export Trading,,MX,False,Low,Low,60897.9,7,2023-12-12
CUST01213,Cole Anderson,Individual,,Self-Employed,TR,False,Low,Low,2256.37,5,2021-11-03
CUST01214,Lisa Adams,Individual,,Business Owner,YE,False,High,Medium,4887.05,8,2023-08-01
CUST01215,"Hall, Mcdaniel and Howard",Business,Technology / SaaS,,US,False,Low,Medium,65220.17,22,2025-09-02
CUST01216,Shaw PLC,Business,Healthcare Services,,NG,False,Medium,Medium,27933.4,42,2025-08-09
CUST01217,Jacqueline Christian,Individual,,Student,CA,False,Medium,Low,1252.86,6,2025-10-18
CUST01218,Taylor-Lee,Business,Retail - E-commerce,,CH,False,Low,High,292822.37,52,2021-11-22
CUST01219,Wayne Schaefer,Individual,,Educator,US,False,Low,Low,1272.31,6,2025-02-17
CUST01220,Newton and Sons,Business,Cash-Intensive Retail (Restaurant),,SG,False,Medium,Medium,167078.42,27,2023-05-11
CUST01221,Timothy Duke,Individual,,Government Employee,US,False,Low,Medium,4630.09,13,2025-10-14
CUST01222,Sharon Clay,Individual,,Student,US,False,Low,Low,1005.18,7,2025-04-03
CUST01223,Andrew Moss,Individual,,Retired,YE,False,Medium,Low,1597.3,7,2024-11-07
CUST01224,"Edwards, Carr and Newton",Business,Casino / Gaming,,KH,False,High,Medium,229188.11,19,2026-01-31
CUST01225,"Liu, Buchanan and Meyer",Business,Retail - E-commerce,,US,False,Low,Medium,85844.54,28,2025-06-17
CUST01226,Shawn Rich,Individual,,Business Owner,IN,False,Medium,Low,1806.47,6,2023-09-16
CUST01227,"Medina, Terrell and Williams",Business,Casino / Gaming,,SG,False,Low,Medium,140794.61,23,2024-11-29
CUST01228,Lydia Williams,Individual,,Business Owner,ES,False,Low,Low,1454.11,4,2024-02-04
CUST01229,Stephen Ayala,Individual,,Healthcare Worker,US,False,Low,High,32598.05,37,2024-01-19
CUST01230,Jay Austin,Individual,,Self-Employed,US,False,Low,Medium,7159.53,12,2022-01-30
CUST01231,Stephanie Ford,Individual,,Business Owner,KH,False,Low,Medium,4978.23,14,2025-06-17
CUST01232,Sharp Inc,Business,Retail - E-commerce,,US,False,Low,High,166096.41,60,2023-02-23
CUST01233,"Pace, Horton and Taylor",Business,Healthcare Services,,US,False,Low,Medium,64466.47,15,2025-02-18
CUST01234,Hayes-White,Business,Real Estate Agency,,US,False,Low,High,258532.12,63,2023-05-03
CUST01235,Davis-Nguyen,Business,Consulting Services,,KR,False,Low,Low,11867.89,5,2023-01-05
CUST01236,Becky Wilson,Individual,,Student,CH,False,Low,Low,1377.06,8,2025-06-10
CUST01237,Angela Zimmerman,Individual,,Healthcare Worker,US,False,Low,Low,1152.27,3,2025-12-20
CUST01238,"Herring, Gray and James",Business,Precious Metals Dealer,,CH,False,Medium,Low,40254.1,7,2023-01-26
CUST01239,Krystal Keller,Individual,,Healthcare Worker,US,False,Low,Low,748.59,6,2022-11-23
CUST01240,Charles Hammond,Individual,,Business Owner,FR,False,Low,Low,1285.2,9,2022-01-20
CUST01241,Eric Mack,Individual,,Student,CH,False,Low,Low,1880.76,7,2025-05-31
CUST01242,Sims-Wilson,Business,Professional Services (Legal/Accounting),,HK,True,Medium,Low,30510.66,14,2022-09-26
CUST01243,April Cannon,Individual,,Freelancer / Gig Worker,AU,False,Low,Low,2524.32,4,2021-09-20
CUST01244,Jimenez-Jimenez,Business,Education Services,,US,False,Low,Low,16349.76,9,2021-08-31
CUST01245,Katherine Robinson,Individual,,Educator,AE,False,Low,Medium,5734.02,12,2025-08-30
CUST01246,Ortiz-Miller,Business,Construction,,LB,False,Low,Low,10964.16,10,2021-09-03
CUST01247,Khan LLC,Business,Manufacturing,,US,False,Low,High,125560.44,44,2023-05-21
CUST01248,Lopez Inc,Business,Precious Metals Dealer,,US,False,Low,Medium,323325.24,14,2024-08-02
CUST01249,Thomas Inc,Business,Cash-Intensive Retail (Convenience Store),,CA,False,Medium,High,925148.08,48,2024-02-27
CUST01250,Knapp-Williams,Business,Technology / SaaS,,US,False,Low,Low,13972.07,9,2025-03-01
CUST01251,Candace Mitchell DDS,Individual,,Self-Employed,BR,False,Low,Low,1726.47,7,2023-02-16
CUST01252,Curry-Ward,Business,Real Estate Agency,,KH,False,High,Medium,37548.76,22,2021-12-03
CUST01253,Edwin Richardson,Individual,,Government Employee,SE,False,Low,Medium,6204.16,12,2024-11-03
CUST01254,Chang PLC,Business,Healthcare Services,,ZA,False,Medium,Medium,94870.79,23,2022-03-03
CUST01255,Ruiz-Martinez,Business,Casino / Gaming,,US,False,Low,Medium,168679.56,38,2023-12-14
CUST01256,Rose-Warren,Business,Healthcare Services,,US,False,Low,Low,16230.87,10,2023-05-25
CUST01257,"Brown, Duncan and Krause",Business,Education Services,,US,False,Low,Medium,48911.54,14,2026-02-12
CUST01258,Mrs. Melissa Peck,Individual,,Self-Employed,US,False,Low,Low,1365.29,5,2024-01-23
CUST01259,Lynch-Stewart,Business,Import/Export Trading,,AF,False,Medium,Medium,121226.06,15,2026-02-01
CUST01260,Lisa Ho,Individual,,Healthcare Worker,ZA,False,Low,Low,1852.08,7,2025-11-03
CUST01261,"Daniel, Jimenez and Morton",Business,Money Service Business,,US,False,Low,Medium,182295.28,31,2023-08-07
CUST01262,Veronica Smith,Individual,,Healthcare Worker,US,False,Medium,Medium,5598.19,5,2021-10-27
CUST01263,Robert Mclaughlin,Individual,,Educator,US,False,Low,Medium,9782.49,13,2023-05-20
CUST01264,Yvonne Gutierrez,Individual,,Student,US,False,Low,Low,1845.43,4,2024-06-16
CUST01265,Robert Lewis,Individual,,Business Owner,GB,False,Low,High,30085.12,27,2023-05-01
CUST01266,"Campbell, Tyler and Parker",Business,Cash-Intensive Retail (Car Wash),,NG,False,Medium,Medium,274181.2,20,2025-12-05
CUST01267,Pamela Wilson,Individual,,Retired,YE,False,Medium,Medium,3746.68,11,2024-06-14
CUST01268,Foster-Carroll,Business,Money Service Business,,US,False,Medium,Medium,295876.25,38,2021-11-12
CUST01269,Cheyenne Bass,Individual,,Student,JP,False,Low,Low,2096.17,7,2025-09-10
CUST01270,Robles-Brewer,Business,Cryptocurrency Exchange,,KP,False,High,High,744000.96,65,2025-09-17
CUST01271,Burton PLC,Business,Education Services,,NG,False,Low,Medium,49378.28,29,2024-06-20
CUST01272,Robert Reilly,Individual,,Healthcare Worker,US,False,Medium,Low,709.51,9,2022-02-04
CUST01273,"Evans, Hardy and Stewart",Business,Money Service Business,,FR,False,Low,Medium,358750.92,20,2021-10-11
CUST01274,Michael Marsh,Individual,,Self-Employed,US,False,Low,High,15708.4,45,2024-08-16
CUST01275,Chase Pittman,Individual,,Government Employee,AF,False,Medium,Low,1746.55,6,2024-07-02
CUST01276,Sims-Kirby,Business,Professional Services (Legal/Accounting),,US,False,Low,Medium,35536.74,15,2024-12-06
CUST01277,Larson LLC,Business,Cash-Intensive Retail (Convenience Store),,ZA,False,Low,Medium,175969.18,28,2024-04-17
CUST01278,Denise Miller,Individual,,Student,HK,False,Medium,Medium,10826.75,9,2023-08-22
CUST01279,Hayes-Sampson,Business,Real Estate Agency,,NL,False,Low,Low,15897.84,15,2023-06-16
CUST01280,Carrie Brooks,Individual,,Healthcare Worker,NG,False,Low,Low,1995.87,5,2021-12-08
CUST01281,Susan Wallace,Individual,,Business Owner,US,False,Low,Low,1696.03,6,2021-10-30
CUST01282,Susan Moore,Individual,,Business Owner,US,False,Low,Medium,5127.34,13,2024-07-05
CUST01283,Oconnor-Mills,Business,Money Service Business,,KH,False,Medium,High,680684.53,58,2024-05-27
CUST01284,Shane Short,Individual,,Retired,US,False,Low,Low,1906.36,3,2026-01-03
CUST01285,Brandi Hardy,Individual,,Student,JP,False,Low,Low,1571.67,5,2025-07-11
CUST01286,Reeves-Boyd,Business,Cash-Intensive Retail (Car Wash),,HK,False,Medium,High,993119.54,88,2021-08-26
CUST01287,Randolph-Mcdaniel,Business,Professional Services (Legal/Accounting),,SE,False,Low,High,385017.03,68,2022-05-11
CUST01288,Stephen Garcia,Individual,,Government Employee,US,False,Low,Low,2086.23,5,2024-04-10
CUST01289,Peter Fowler,Individual,,Self-Employed,SE,False,Low,Medium,12284.67,13,2023-05-27
CUST01290,Gonzalez-Mitchell,Business,Manufacturing,,DE,False,Low,Medium,100105.6,14,2024-05-01
CUST01291,Megan Nelson,Individual,,Salaried Employee,TR,False,Low,Medium,5096.23,11,2022-12-16
CUST01292,Wilson-Mullen,Business,Consulting Services,,US,False,Low,Low,17826.74,17,2025-12-28
CUST01293,Joshua Dunn,Individual,,Educator,US,False,Low,Low,1929.93,4,2023-12-04
CUST01294,Harding LLC,Business,Healthcare Services,,KP,False,High,High,240522.41,46,2023-09-13
CUST01295,Eric Mcclain,Individual,,Healthcare Worker,BR,False,Low,Medium,6411.56,18,2025-05-23
CUST01296,Anderson Group,Business,Real Estate Agency,,TR,False,High,High,159848.15,70,2022-01-17
CUST01297,Reyes Inc,Business,Import/Export Trading,,AU,False,Low,Medium,122708.29,29,2025-03-30
CUST01298,Michael Vance,Individual,,Educator,US,False,Low,Low,1499.28,5,2025-05-30
CUST01299,Emily Roth,Individual,,Student,MX,False,Low,Medium,5347.82,22,2022-04-15
CUST01300,Nicole Owens,Individual,,Healthcare Worker,US,False,Low,Low,620.61,5,2022-09-27
CUST01301,Hess Ltd,Business,Charity / NPO,,MX,False,Medium,Low,39561.04,8,2025-08-07
CUST01302,Eric Newman,Individual,,Government Employee,NG,False,Medium,Low,1792.53,3,2025-07-29
CUST01303,Travis Thomas,Individual,,Self-Employed,PA,False,Low,Medium,5578.38,15,2023-10-24
CUST01304,Myers-Lyons,Business,Construction,,AF,False,High,High,225467.9,66,2024-06-05
CUST01305,Sonya Chavez,Individual,,Student,BR,False,Low,High,13523.15,49,2021-11-16
CUST01306,Alvarez LLC,Business,Professional Services (Legal/Accounting),,NL,False,Low,Medium,64218.56,13,2025-09-09
CUST01307,Christopher Tate,Individual,,Educator,US,False,Low,Low,1058.23,4,2022-09-13
CUST01308,Jennifer Klein,Individual,,Student,US,False,Low,Medium,8210.96,8,2022-07-12
CUST01309,Hawkins-Jones,Business,Construction,,US,False,Low,Low,15538.55,7,2024-03-09
CUST01310,"Murray, Garza and Allen",Business,Construction,,AF,False,Medium,High,138642.47,95,2023-09-10
CUST01311,"Moore, Olson and Jones",Business,Money Service Business,,US,False,High,High,650954.54,61,2023-05-22
CUST01312,Leslie Mueller,Individual,,Government Employee,ES,False,Medium,Low,1749.03,8,2025-04-27
CUST01313,"Cobb, Stephens and Young",Business,Education Services,,US,False,Low,Medium,61056.44,51,2022-04-13
CUST01314,"Galvan, Andrews and Tucker",Business,Charity / NPO,,NL,False,Medium,High,1211569.98,44,2025-07-22
CUST01315,Peters-Short,Business,Education Services,,RU,False,Low,Medium,62083.53,23,2023-02-12
CUST01316,Jared George,Individual,,Business Owner,US,False,Low,Medium,5354.41,10,2024-11-03
CUST01317,Matthew Brown,Individual,,Government Employee,MX,False,Medium,Low,1438.59,7,2023-06-21
CUST01318,Clay Ltd,Business,Technology / SaaS,,JP,False,Medium,Low,20684.38,13,2021-08-14
CUST01319,Guerrero Group,Business,Construction,,US,False,Low,Medium,71275.08,34,2024-02-05
CUST01320,Gilbert-West,Business,Cash-Intensive Retail (Car Wash),,AF,False,High,High,590564.44,48,2023-05-14
CUST01321,Emily Hudson,Individual,,Student,KR,False,Medium,Medium,4903.02,11,2024-03-17
CUST01322,Taylor Robbins,Individual,,Retired,US,False,Low,Low,802.63,5,2024-07-18
CUST01323,Lauren Carr DDS,Individual,,Educator,LB,False,Medium,Low,2496.26,6,2022-09-14
CUST01324,Brown-Santana,Business,Real Estate Agency,,GB,False,Low,Low,9295.63,10,2022-01-26
CUST01325,Justin Irwin,Individual,,Freelancer / Gig Worker,US,False,Low,Low,2079.51,4,2022-07-20
CUST01326,Glenn-Young,Business,Professional Services (Legal/Accounting),,US,False,Low,Medium,68962.21,13,2024-12-20
CUST01327,Michelle Sullivan,Individual,,Healthcare Worker,NG,False,Low,Low,1482.87,7,2025-04-27
CUST01328,Mary Wells,Individual,,Educator,SG,False,Low,Medium,4196.79,13,2023-03-21
CUST01329,"Cruz, Middleton and Larsen",Business,Consulting Services,,CA,False,Low,Medium,84081.84,14,2022-12-06
CUST01330,Bright-Santiago,Business,Technology / SaaS,,AU,False,Low,Medium,61724.87,26,2022-10-05
CUST01331,Jones Inc,Business,Import/Export Trading,,US,False,Medium,High,804612.63,62,2022-11-04
CUST01332,Katelyn Kim,Individual,,Freelancer / Gig Worker,US,False,Low,Low,2309.76,5,2022-10-09
CUST01333,Martin Perry,Individual,,Self-Employed,US,False,Low,Low,2072.05,4,2025-06-30
CUST01334,Melissa Conrad,Individual,,Government Employee,NG,False,Low,Low,1467.9,8,2023-02-23
CUST01335,Hicks-Arnold,Business,Cryptocurrency Exchange,,US,False,Medium,Medium,311851.17,19,2025-06-12
CUST01336,Kelly-Lopez,Business,Professional Services (Legal/Accounting),,US,False,Low,Medium,49595.93,13,2021-09-06
CUST01337,Sarah Young,Individual,,Self-Employed,SG,False,Low,Low,2662.97,11,2025-11-19
CUST01338,Jenkins-Payne,Business,Real Estate Agency,,IN,False,Low,Medium,53843.63,42,2024-09-27
CUST01339,Andrew Webb,Individual,,Salaried Employee,NL,False,Low,Medium,5138.6,13,2024-10-02
CUST01340,John Vaughn,Individual,,Freelancer / Gig Worker,US,False,Low,Low,911.49,8,2022-10-29
CUST01341,"Simon, Terrell and Terrell",Business,Technology / SaaS,,US,False,Low,Medium,43479.54,23,2023-12-30
CUST01342,Black-Mills,Business,Manufacturing,,SE,False,Low,Low,17451.34,10,2022-05-15
CUST01343,Mark Alvarado,Individual,,Student,US,False,Low,Medium,7710.03,13,2022-04-13
CUST01344,Kimberly Riley,Individual,,Self-Employed,CH,False,Low,High,19838.44,25,2022-01-24
CUST01345,Kimberly Smith,Individual,,Self-Employed,US,False,Low,Low,1230.72,7,2025-06-24
CUST01346,Julie Gross,Individual,,Freelancer / Gig Worker,AU,False,Low,Low,853.28,4,2025-03-14
CUST01347,William Phillips,Individual,,Freelancer / Gig Worker,UA,False,Medium,High,11674.83,16,2023-01-16
CUST01348,Neal PLC,Business,Healthcare Services,,NL,False,Low,Medium,44678.87,28,2024-03-15
CUST01349,Kristy Brown,Individual,,Business Owner,CA,False,Low,Low,1412.31,4,2025-08-23
CUST01350,Laura Douglas,Individual,,Business Owner,ES,False,Low,Medium,5908.63,10,2024-02-06
CUST01351,"Weber, Mitchell and Miller",Business,Professional Services (Legal/Accounting),,PK,False,Low,Medium,33851.39,17,2025-12-01
CUST01352,Richard King,Individual,,Retired,US,False,Low,High,19218.58,22,2024-01-03
CUST01353,David Figueroa,Individual,,Self-Employed,LB,False,Medium,Low,1421.45,5,2023-02-07
CUST01354,"Stevenson, Hopkins and Wood",Business,Consulting Services,,US,False,Low,Low,19393.92,10,2023-02-09
CUST01355,Patton-Young,Business,Charity / NPO,,US,False,Medium,High,389228.93,39,2023-02-26
CUST01356,Shannon Cooper,Individual,,Business Owner,US,False,Low,Low,781.66,6,2022-05-03
CUST01357,Larson and Sons,Business,Manufacturing,,RU,False,Low,High,126960.59,61,2025-11-01
CUST01358,Jennifer Reyes,Individual,,Self-Employed,SE,False,Low,Medium,5570.26,11,2025-05-12
CUST01359,"Walsh, Clark and Navarro",Business,Precious Metals Dealer,,US,False,Medium,Medium,145330.14,40,2024-07-21
CUST01360,May Inc,Business,Casino / Gaming,,US,False,Low,Medium,160923.6,17,2022-01-24
CUST01361,James Turner,Individual,,Healthcare Worker,US,False,Low,Low,1189.52,3,2023-08-09
CUST01362,Michael Wells,Individual,,Retired,AF,False,High,Medium,7778.13,13,2022-11-07
CUST01363,"Berg, Smith and Ho",Business,Precious Metals Dealer,,LY,False,Medium,High,705636.86,108,2025-06-08
CUST01364,Ethan Moreno,Individual,,Self-Employed,US,False,Low,Low,1558.17,7,2021-12-19
CUST01365,Hardin Ltd,Business,Cash-Intensive Retail (Car Wash),,VE,False,High,Medium,161590.81,55,2024-08-17
CUST01366,Jessica Hull,Individual,,Business Owner,SE,False,Low,Low,1071.05,4,2023-12-08
CUST01367,Derek Garcia,Individual,,Salaried Employee,FR,False,Low,Low,1885.83,4,2024-12-11
CUST01368,Mejia-Curry,Business,Education Services,,IN,False,Low,Medium,41727.24,28,2023-04-11
CUST01369,"Rogers, Vaughn and White",Business,Construction,,IN,False,Low,Medium,55763.93,30,2021-09-15
CUST01370,Sandra Smith,Individual,,Freelancer / Gig Worker,RU,False,Medium,Low,996.56,10,2022-06-13
CUST01371,Melissa Bell,Individual,,Healthcare Worker,US,False,Low,Medium,4271.98,12,2024-01-11
CUST01372,Lee-Johnson,Business,Real Estate Agency,,US,False,Low,Low,10970.55,8,2022-05-26
CUST01373,Kristopher Shannon,Individual,,Freelancer / Gig Worker,US,False,Low,Low,958.89,8,2023-06-18
CUST01374,"Little, Erickson and Wilson",Business,Retail - E-commerce,,US,False,Low,High,183352.31,68,2022-09-21
CUST01375,Phillip Wong,Individual,,Salaried Employee,DE,False,Low,Low,1293.74,7,2023-03-11
CUST01376,Melissa King,Individual,,Business Owner,IR,False,Medium,Low,2758.15,3,2025-08-03
CUST01377,Angela Chavez,Individual,,Self-Employed,US,False,Low,Medium,7542.39,10,2023-12-20
CUST01378,Melissa Contreras,Individual,,Healthcare Worker,LB,False,Low,Low,1309.36,12,2024-05-14
CUST01379,Martin-Jones,Business,Cash-Intensive Retail (Convenience Store),,US,False,Low,High,647681.34,70,2022-02-23
CUST01380,Price-Ferrell,Business,Education Services,,JP,False,Medium,High,248753.56,34,2023-10-25
CUST01381,Deborah Alexander,Individual,,Salaried Employee,IT,False,Low,Medium,8729.59,10,2025-10-19
CUST01382,Christina Long,Individual,,Educator,US,False,Low,Low,2079.57,5,2025-10-20
CUST01383,Joshua Reynolds,Individual,,Student,US,False,Low,Low,2646.78,5,2022-07-10
CUST01384,Michelle Garcia,Individual,,Educator,US,False,Low,Low,1302.75,5,2022-03-28
CUST01385,Duncan LLC,Business,Education Services,,US,False,Medium,High,243184.39,51,2025-05-30
CUST01386,Mosley and Sons,Business,Cash-Intensive Retail (Convenience Store),,US,False,Medium,Medium,88802.5,23,2021-08-16
CUST01387,Mary Adams,Individual,,Government Employee,ZA,False,Low,Low,1147.56,4,2024-06-03
CUST01388,Laura Robertson,Individual,,Educator,AF,False,Medium,Low,842.87,4,2025-10-16
CUST01389,Jared Luna,Individual,,Freelancer / Gig Worker,JP,False,Low,Medium,5187.51,16,2022-03-19
CUST01390,April Finley,Individual,,Healthcare Worker,ZA,False,Low,Low,1407.25,8,2025-09-19
CUST01391,Joseph Frey,Individual,,Self-Employed,US,False,Low,Low,1873.66,5,2024-06-14
CUST01392,Jennifer Chen,Individual,,Educator,US,False,Low,Low,1898.25,7,2022-05-22
CUST01393,Nichols-Woodward,Business,Manufacturing,,US,False,Low,High,325356.73,38,2022-04-20
CUST01394,Paige Roberts,Individual,,Freelancer / Gig Worker,US,False,Low,Medium,7170.69,11,2023-05-07
CUST01395,Andrew Cruz,Individual,,Salaried Employee,US,True,Medium,Medium,10484.05,12,2023-03-30
CUST01396,James Rodriguez,Individual,,Healthcare Worker,AU,False,Low,High,20772.05,39,2024-09-03
CUST01397,Dr. Jeffrey Lopez,Individual,,Freelancer / Gig Worker,FR,False,Low,Low,942.7,7,2021-12-02
CUST01398,Johnson PLC,Business,Construction,,IT,False,Low,Low,16250.67,6,2023-08-24
CUST01399,Price-Sparks,Business,Real Estate Agency,,VE,False,Medium,Low,14497.62,13,2024-03-27
CUST01400,Dr. Robert Levy Jr.,Individual,,Self-Employed,ZA,False,Low,Medium,10820.78,14,2024-07-03
CUST01401,Richard Williams,Individual,,Self-Employed,US,False,Low,High,13551.25,35,2022-08-16
CUST01402,Matthew Mills,Individual,,Government Employee,US,False,Medium,Low,1790.03,7,2022-11-19
CUST01403,Crystal Jones,Individual,,Self-Employed,SG,False,Low,Medium,7267.26,22,2022-10-27
CUST01404,Alec Meadows DDS,Individual,,Self-Employed,FR,False,Low,Low,3299.04,2,2023-09-06
CUST01405,"Banks, Smith and Chen",Business,Money Service Business,,ES,False,Medium,Medium,188494.19,23,2024-03-25
CUST01406,Anne Carr,Individual,,Government Employee,IR,False,High,Medium,7541.25,19,2022-02-28
CUST01407,Ashley Crawford,Individual,,Freelancer / Gig Worker,CH,False,Low,Medium,4941.67,15,2023-06-30
CUST01408,Dale Rogers,Individual,,Government Employee,PA,False,Medium,Medium,6050.16,19,2025-01-13
CUST01409,William Johnston,Individual,,Educator,US,False,Low,Medium,9089.91,16,2022-10-14
CUST01410,Copeland-Mcguire,Business,Money Service Business,,CH,False,High,Medium,154410.51,33,2022-01-02
CUST01411,Gabriela Martinez,Individual,,Salaried Employee,ZA,False,Low,Low,1483.05,7,2022-10-26
CUST01412,Carol Wood,Individual,,Retired,US,False,Low,High,11096.52,38,2023-01-08
CUST01413,Sanchez-Perkins,Business,Cash-Intensive Retail (Convenience Store),,US,False,Medium,Low,43576.4,11,2022-10-02
CUST01414,Ryan Salazar,Individual,,Business Owner,JP,False,Low,Medium,4971.79,8,2022-12-17
CUST01415,John Smith,Individual,,Healthcare Worker,US,False,Low,Low,1546.38,4,2023-02-22
CUST01416,Michelle Wheeler,Individual,,Salaried Employee,FR,False,Low,Low,1261.63,8,2024-01-12
CUST01417,Robert Barton,Individual,,Business Owner,PH,False,Medium,Low,2056.62,3,2022-09-12
CUST01418,Mark Mills,Individual,,Self-Employed,HK,False,Low,High,25761.11,36,2025-02-14
CUST01419,Hurley PLC,Business,Education Services,,BR,False,Low,Medium,71792.09,34,2021-12-08
CUST01420,Michelle Salazar,Individual,,Self-Employed,BR,False,Low,Low,1353.46,2,2022-05-14
CUST01421,Rachel Bailey,Individual,,Freelancer / Gig Worker,US,False,Low,Low,1800.23,5,2021-08-28
CUST01422,Cheryl Downs,Individual,,Business Owner,US,False,Low,Medium,5749.34,13,2022-06-07
CUST01423,Shari Hatfield,Individual,,Business Owner,US,False,Low,Medium,6428.82,18,2025-12-07
CUST01424,Randy Hopkins,Individual,,Retired,KP,False,High,Low,1460.6,5,2023-12-20
CUST01425,Brian Hernandez,Individual,,Government Employee,PA,False,Medium,Medium,3752.38,15,2025-08-26
CUST01426,Thompson-Santiago,Business,Retail - E-commerce,,HK,False,Low,Medium,82069.73,26,2021-12-25
CUST01427,Jackson Clark,Individual,,Educator,US,False,Low,Low,1563.06,7,2023-10-04
CUST01428,Jensen-Wu,Business,Manufacturing,,US,True,Low,Medium,51434.89,16,2025-06-21
CUST01429,Patrick Buckley,Individual,,Salaried Employee,KR,False,Low,High,19143.2,19,2023-02-11
CUST01430,Floyd Group,Business,Casino / Gaming,,JP,False,High,Medium,154832.76,16,2025-12-30
CUST01431,Steven Griffith,Individual,,Healthcare Worker,ES,False,Low,Medium,5493.13,8,2024-05-22
CUST01432,Gonzalez-Rhodes,Business,Cryptocurrency Exchange,,FR,False,Medium,Medium,125813.15,24,2024-05-21
CUST01433,Maxwell LLC,Business,Professional Services (Legal/Accounting),,US,False,Low,High,221463.89,36,2023-07-22
CUST01434,Young Group,Business,Casino / Gaming,,HK,False,Medium,High,771588.82,70,2023-04-27
CUST01435,Vance-Jones,Business,Precious Metals Dealer,,AF,False,High,High,492212.95,47,2025-09-27
CUST01436,Zamora and Sons,Business,Cash-Intensive Retail (Convenience Store),,US,False,High,High,520720.04,32,2023-06-16
CUST01437,Jordan Hughes,Individual,,Retired,TR,False,Low,Low,1388.04,6,2022-10-11
CUST01438,Cory Howard,Individual,,Retired,FR,False,Low,Low,1506.94,6,2023-11-29
CUST01439,Cameron Schwartz,Individual,,Salaried Employee,US,False,Low,Low,1478.47,9,2022-02-15
CUST01440,Brian Owens,Individual,,Government Employee,IT,False,Low,Medium,5799.69,9,2025-03-05
CUST01441,Greg Tanner,Individual,,Government Employee,US,False,Low,Low,1175.0,6,2022-12-14
CUST01442,Margaret Carr,Individual,,Student,US,False,Low,Medium,5026.32,24,2023-01-23
CUST01443,Kristen Hall,Individual,,Student,US,False,Low,Low,1955.98,5,2025-02-13
CUST01444,"Burns, Forbes and Vargas",Business,Cash-Intensive Retail (Restaurant),,US,False,Low,High,684664.62,68,2025-07-21
CUST01445,Smith-Patterson,Business,Precious Metals Dealer,,US,False,Low,High,450678.45,71,2023-09-19
CUST01446,Murphy PLC,Business,Casino / Gaming,,US,False,Low,Medium,85329.29,22,2023-07-05
CUST01447,Leslie Hernandez,Individual,,Salaried Employee,US,False,Low,Medium,8579.47,6,2021-08-29
CUST01448,Andrew Esparza,Individual,,Business Owner,US,False,Low,Low,1503.79,5,2025-11-27
CUST01449,Joseph Mendoza,Individual,,Freelancer / Gig Worker,CA,False,Low,Medium,5485.15,12,2022-06-14
CUST01450,David Hansen,Individual,,Freelancer / Gig Worker,IT,False,Low,Low,1424.18,4,2021-09-21
CUST01451,Jennifer Robinson,Individual,,Student,BR,True,Medium,Medium,9204.58,10,2024-08-31
CUST01452,Matthew Davis,Individual,,Salaried Employee,US,False,Low,Medium,7730.4,21,2025-09-12
CUST01453,"Torres, Warner and Hodge",Business,Healthcare Services,,AU,False,Low,Low,26445.54,9,2021-10-28
CUST01454,Ford-Taylor,Business,Cash-Intensive Retail (Restaurant),,GB,False,Medium,Low,31540.74,13,2025-01-24
CUST01455,Seth Sims,Individual,,Student,SG,False,Low,Low,864.06,3,2021-08-18
CUST01456,"Jones, Barry and Cook",Business,Money Service Business,,SS,False,Low,High,564094.1,48,2021-11-23
CUST01457,Simmons-Nelson,Business,Cash-Intensive Retail (Convenience Store),,RU,False,Medium,High,868145.12,59,2023-05-19
CUST01458,"Miller, Gilmore and Fitzgerald",Business,Real Estate Agency,,AU,False,Low,Low,11684.71,11,2022-01-31
CUST01459,Susan Cox,Individual,,Retired,US,False,Low,Medium,3404.03,10,2022-01-21
CUST01460,Jacob Harvey,Individual,,Self-Employed,FR,False,Low,Low,1789.57,11,2024-09-22
CUST01461,Thompson-Hansen,Business,Real Estate Agency,,US,False,Medium,Low,17994.92,9,2022-03-10
CUST01462,"Fletcher, Harris and Zavala",Business,Charity / NPO,,US,False,Low,High,560872.8,41,2023-08-25
CUST01463,Mariah Mclaughlin,Individual,,Educator,CA,False,Low,Medium,2767.64,15,2023-05-27
CUST01464,"Hodges, Flores and Hurst",Business,Consulting Services,,LB,False,Medium,Medium,136939.51,31,2025-11-25
CUST01465,Destiny Brown,Individual,,Salaried Employee,US,False,Low,High,36641.74,47,2024-07-21
CUST01466,Jonathan Gallegos,Individual,,Healthcare Worker,US,False,Low,Medium,6282.42,11,2025-08-13
CUST01467,"Patel, Bryan and Lam",Business,Cryptocurrency Exchange,,US,True,Medium,Low,28775.5,9,2025-06-18
CUST01468,Rebecca Dougherty,Individual,,Government Employee,US,False,Low,Low,1323.72,14,2022-03-05
CUST01469,Mcclain Group,Business,Cash-Intensive Retail (Convenience Store),,US,False,Medium,High,831449.2,33,2022-05-12
CUST01470,Steven Roberts,Individual,,Government Employee,YE,False,High,Low,1028.57,5,2022-04-10
CUST01471,Donald Terry,Individual,,Educator,US,False,Low,Medium,13184.2,15,2025-11-03
CUST01472,Golden PLC,Business,Manufacturing,,RU,False,Medium,Low,19847.42,6,2021-10-23
CUST01473,Wayne Weaver,Individual,,Government Employee,UA,False,Medium,High,24074.73,29,2022-09-28
CUST01474,Jason Rojas,Individual,,Retired,US,False,Low,Medium,5864.41,14,2021-10-19
CUST01475,Arthur Wiggins,Individual,,Freelancer / Gig Worker,JP,False,Low,Medium,6230.62,11,2023-08-05
CUST01476,"Newman, Jenkins and Cooper",Business,Technology / SaaS,,KH,False,Low,Medium,85744.36,31,2024-05-23
CUST01477,Watkins-Terry,Business,Professional Services (Legal/Accounting),,CA,False,Low,Medium,57640.78,32,2025-05-28
CUST01478,Torres-Anderson,Business,Precious Metals Dealer,,KP,False,High,Low,32125.26,8,2024-03-23
CUST01479,David Washington,Individual,,Healthcare Worker,ZA,False,Low,Low,1282.75,4,2024-01-26
CUST01480,Amber Gomez,Individual,,Salaried Employee,GB,False,Low,Low,901.64,5,2025-06-30
CUST01481,Lisa Martin,Individual,,Educator,SS,False,Medium,Medium,8181.52,9,2024-01-17
CUST01482,Christopher Erickson,Individual,,Educator,UA,False,Medium,Low,1755.73,4,2022-12-03
CUST01483,Young Inc,Business,Cash-Intensive Retail (Car Wash),,SY,False,Medium,High,502467.96,81,2024-04-23
CUST01484,Jessica Wood,Individual,,Government Employee,AU,False,Low,Low,2663.88,5,2023-05-13
CUST01485,"Mann, Wade and Spence",Business,Cryptocurrency Exchange,,US,False,Medium,Medium,200314.92,21,2022-11-16
CUST01486,West-Cantrell,Business,Construction,,IR,False,Low,Medium,60157.28,18,2024-03-07
CUST01487,Alexander Velazquez,Individual,,Self-Employed,SY,False,Medium,Low,846.16,6,2022-11-08
CUST01488,Reilly-Moore,Business,Cash-Intensive Retail (Car Wash),,US,False,Medium,Medium,135352.82,26,2025-12-07
CUST01489,Holland-Phillips,Business,Money Service Business,,US,False,Medium,Low,43168.36,9,2024-01-31
CUST01490,Nicole Mcknight,Individual,,Business Owner,US,False,Low,Low,1897.59,4,2022-11-13
CUST01491,"Chandler, Nielsen and Morgan",Business,Real Estate Agency,,KR,False,Low,Medium,56639.5,45,2022-07-28
CUST01492,Stephanie Taylor,Individual,,Self-Employed,AE,False,Medium,Medium,3638.72,15,2022-08-12
CUST01493,James Randall,Individual,,Government Employee,KR,False,Low,Low,1260.11,5,2025-05-30
CUST01494,Gabriel Franklin,Individual,,Salaried Employee,AU,False,Low,High,15443.38,12,2023-04-12
CUST01495,Courtney Walls,Individual,,Business Owner,US,False,Medium,Medium,9447.75,14,2023-12-25
CUST01496,Johnson PLC,Business,Casino / Gaming,,KP,False,High,Low,59968.02,13,2025-05-28
CUST01497,"Powers, Miller and Hunt",Business,Consulting Services,,US,False,Medium,Medium,45247.6,23,2023-04-10
CUST01498,Larry Hunt Jr.,Individual,,Government Employee,TR,False,Medium,Medium,7924.11,11,2024-09-08
CUST01499,Mike Patterson,Individual,,Business Owner,US,False,Low,High,18263.47,42,2024-11-25
CUST01500,Smith-Cooper,Business,Real Estate Agency,,US,False,Low,High,287744.83,59,2024-03-28
CUST01501,Shelly Miller,Individual,,Self-Employed,PA,False,Low,High,31577.7,26,2025-05-25
CUST01502,Jennifer Ramos,Individual,,Student,US,False,Low,Medium,8044.13,14,2023-01-04
CUST01503,Tracy Coleman,Individual,,Freelancer / Gig Worker,US,False,Low,Low,2017.73,5,2025-02-20
CUST01504,Houston PLC,Business,Construction,,US,False,Low,Low,12650.21,17,2022-05-08
CUST01505,Eric Mcneil,Individual,,Government Employee,US,False,Low,Low,1201.62,5,2026-02-01
CUST01506,Jones-Choi,Business,Healthcare Services,,CA,False,Low,Medium,105883.45,14,2024-10-24
CUST01507,Smith Ltd,Business,Construction,,KR,False,Low,Low,15230.24,9,2023-12-11
CUST01508,Thompson-Murray,Business,Cash-Intensive Retail (Restaurant),,US,False,Medium,High,605737.45,115,2022-10-13
CUST01509,Ronnie Roberts,Individual,,Business Owner,CH,False,Low,Medium,3467.0,11,2025-10-16
CUST01510,Carson LLC,Business,Technology / SaaS,,BR,False,Low,High,256921.78,62,2024-03-15
CUST01511,Patrick Walker DDS,Individual,,Business Owner,GB,False,Low,Low,1810.19,5,2022-12-05
CUST01512,Evans-Davidson,Business,Construction,,SG,False,Low,Medium,41331.46,23,2025-08-21
CUST01513,Maxwell Roberts,Individual,,Freelancer / Gig Worker,IT,False,Low,Low,2150.64,6,2023-02-22
CUST01514,Knox-Newman,Business,Healthcare Services,,US,False,Low,Low,8426.84,5,2021-11-10
CUST01515,Hubbard Group,Business,Import/Export Trading,,CA,False,Low,Low,30517.06,13,2022-03-09
CUST01516,Heidi Castillo,Individual,,Government Employee,CA,False,Low,High,30361.26,41,2025-04-29
CUST01517,Burton-Alvarez,Business,Casino / Gaming,,MX,False,Medium,High,565597.12,49,2022-08-20
CUST01518,Hunt-Johnston,Business,Consulting Services,,DE,False,Medium,Medium,38230.65,19,2023-10-29
CUST01519,Anthony Flores,Individual,,Freelancer / Gig Worker,US,False,Low,Medium,5960.73,10,2022-10-08
CUST01520,Martin-Nelson,Business,Cash-Intensive Retail (Car Wash),,KR,False,Medium,Low,49112.84,13,2025-03-09
CUST01521,"Barr, Kelly and Roberts",Business,Professional Services (Legal/Accounting),,CH,False,Low,Medium,149235.16,27,2022-04-09
CUST01522,"Lee, Burton and Duran",Business,Cash-Intensive Retail (Convenience Store),,FR,False,Medium,Low,54004.86,14,2023-01-15
CUST01523,Shelia Serrano,Individual,,Salaried Employee,SG,False,Medium,High,16548.93,40,2024-03-06
CUST01524,Jennings-Barker,Business,Retail - E-commerce,,US,False,Low,Medium,109871.05,25,2022-06-07
CUST01525,Heather Thomas,Individual,,Student,US,False,Low,Low,1000.44,5,2022-10-13
CUST01526,Jacqueline Washington,Individual,,Government Employee,IT,False,Low,Low,789.42,6,2024-07-06
CUST01527,Carla Robinson,Individual,,Retired,US,False,Low,Low,1600.91,8,2025-11-24
CUST01528,Decker PLC,Business,Charity / NPO,,CH,False,High,Low,33824.71,6,2026-02-02
CUST01529,"Marquez, Park and Lang",Business,Professional Services (Legal/Accounting),,US,False,Low,Medium,63283.26,37,2025-03-02
CUST01530,Billy Fuentes,Individual,,Retired,AU,False,Low,Low,905.5,6,2021-10-06
CUST01531,Eric Cox,Individual,,Freelancer / Gig Worker,US,False,Low,Medium,6289.85,21,2025-05-18
CUST01532,"Mills, Cordova and Jackson",Business,Precious Metals Dealer,,US,False,Low,High,476599.09,58,2024-03-17
CUST01533,Garner Inc,Business,Precious Metals Dealer,,US,False,Low,Medium,125028.45,16,2023-07-05
CUST01534,Michael Watts,Individual,,Retired,NG,False,Low,Medium,7911.27,12,2024-03-26
CUST01535,Carlos Miller,Individual,,Retired,DE,False,Low,Medium,4915.17,18,2022-07-27
CUST01536,Raymond Todd,Individual,,Salaried Employee,ZA,False,Low,Low,2760.34,4,2021-12-24
CUST01537,Andrew Keller,Individual,,Self-Employed,US,False,Low,Medium,3572.41,12,2022-02-14
CUST01538,Wilson-King,Business,Cash-Intensive Retail (Car Wash),,IR,False,Low,Medium,235874.62,21,2022-03-07
CUST01539,Adam Davis,Individual,,Student,SY,False,Medium,Medium,5351.88,14,2022-09-02
CUST01540,Christine Santana,Individual,,Government Employee,SE,False,Medium,Medium,4543.59,15,2023-03-11
CUST01541,Alyssa Thomas,Individual,,Healthcare Worker,US,False,Low,Medium,6483.93,12,2023-12-23
CUST01542,"Bailey, Martin and Mason",Business,Manufacturing,,US,False,Low,Medium,57733.56,23,2023-09-04
CUST01543,Andrea Weiss,Individual,,Healthcare Worker,US,False,Low,Low,970.06,4,2021-09-26
CUST01544,Michelle Brandt,Individual,,Self-Employed,RU,False,Low,High,27736.31,19,2023-01-29
CUST01545,Kimberly Beltran,Individual,,Student,US,False,Low,Medium,6422.28,19,2022-06-16
CUST01546,Knapp Ltd,Business,Import/Export Trading,,TR,False,High,Medium,138832.36,18,2025-08-27
CUST01547,Kevin Gonzales,Individual,,Government Employee,BR,False,Low,High,14862.19,31,2022-07-13
CUST01548,Henry Gray,Individual,,Salaried Employee,SY,False,Medium,Low,834.2,2,2023-06-10
CUST01549,Jennifer Juarez,Individual,,Freelancer / Gig Worker,BR,False,Low,High,24114.25,53,2024-04-16
CUST01550,Owens PLC,Business,Professional Services (Legal/Accounting),,MM,False,High,Medium,25493.7,20,2022-10-10
CUST01551,Isaiah Roberts DDS,Individual,,Healthcare Worker,US,False,Low,Low,1179.89,5,2022-04-26
CUST01552,Snyder-Cruz,Business,Retail - E-commerce,,IN,False,Low,Low,17491.11,13,2025-07-03
CUST01553,Emily Cherry,Individual,,Student,NG,False,Medium,Medium,6013.85,17,2025-05-24
CUST01554,Spencer LLC,Business,Retail - E-commerce,,US,False,Low,High,202293.63,87,2025-04-04
CUST01555,Gates Group,Business,Charity / NPO,,BR,False,Medium,High,903208.38,62,2024-09-28
CUST01556,Smith Ltd,Business,Construction,,NG,False,Medium,Medium,84978.17,35,2025-10-19
CUST01557,Jennifer Mills,Individual,,Business Owner,PA,False,Medium,Low,1597.73,5,2022-05-05
CUST01558,Thomas Group,Business,Cash-Intensive Retail (Car Wash),,US,False,Medium,High,880573.41,45,2022-06-26
CUST01559,Stephanie Jackson,Individual,,Healthcare Worker,JP,False,Low,Medium,4516.78,12,2024-09-17
CUST01560,Gina Larson,Individual,,Self-Employed,CH,False,Low,Low,503.41,5,2025-01-21
CUST01561,Hall Group,Business,Manufacturing,,KR,False,Low,High,157941.16,41,2025-11-11
CUST01562,Hubbard-Miranda,Business,Consulting Services,,US,False,Low,Low,15191.27,7,2023-12-10
CUST01563,"Harding, Kelly and Estrada",Business,Precious Metals Dealer,,US,False,Medium,Medium,176068.96,17,2025-01-21
CUST01564,Dixon-Hernandez,Business,Manufacturing,,ES,False,Medium,Medium,61618.43,29,2025-06-26
CUST01565,David Crawford,Individual,,Freelancer / Gig Worker,LB,False,High,High,22602.04,39,2022-10-06
CUST01566,Garcia Inc,Business,Money Service Business,,SE,False,Medium,High,741114.74,63,2022-03-13
CUST01567,Gregory-Stanton,Business,Consulting Services,,KH,False,High,Medium,39319.08,29,2024-11-14
CUST01568,"Shelton, Hernandez and Howell",Business,Construction,,NL,False,Low,Low,28566.39,9,2022-06-09
CUST01569,Guerrero PLC,Business,Charity / NPO,,HK,False,Low,Low,86355.7,6,2025-10-21
CUST01570,Christina Bates,Individual,,Retired,US,False,Low,Low,1234.93,5,2025-10-15
CUST01571,Kimberly Pacheco,Individual,,Educator,US,False,Low,Low,1150.55,6,2021-10-07
CUST01572,Amanda Jordan,Individual,,Student,US,False,Medium,Low,1037.21,4,2022-08-19
CUST01573,Cole-Farrell,Business,Cash-Intensive Retail (Convenience Store),,CA,False,Medium,Low,44835.48,12,2025-05-19
CUST01574,Johnson-Thompson,Business,Cryptocurrency Exchange,,JP,False,Low,High,610614.22,51,2024-03-12
CUST01575,"Martin, Jordan and Edwards",Business,Technology / SaaS,,AU,False,Low,Medium,50227.04,31,2024-12-04
CUST01576,Mr. Michael Keller,Individual,,Freelancer / Gig Worker,AU,False,Low,Medium,4499.44,11,2025-08-12
CUST01577,Hart-Moore,Business,Real Estate Agency,,PA,False,Medium,Medium,86387.04,51,2022-02-03
CUST01578,Johnny Arellano,Individual,,Healthcare Worker,BR,False,Low,Medium,7536.08,9,2024-08-13
CUST01579,Diane Brown,Individual,,Freelancer / Gig Worker,YE,False,High,Medium,12297.15,10,2022-01-01
CUST01580,Jacob Pacheco,Individual,,Student,US,False,Low,Medium,3789.37,13,2021-11-05
CUST01581,Lori James,Individual,,Business Owner,US,False,Medium,Medium,6978.79,9,2025-04-05
CUST01582,Hunter Bell,Individual,,Retired,SE,False,Low,Low,1381.51,5,2023-09-11
CUST01583,Matthew Watkins,Individual,,Salaried Employee,CH,False,Low,Low,1575.62,11,2022-03-05
CUST01584,Wilson-Jackson,Business,Cryptocurrency Exchange,,TR,False,High,High,571992.96,56,2024-05-23
CUST01585,Matthew Henderson,Individual,,Freelancer / Gig Worker,US,False,Medium,Medium,8803.54,14,2025-12-30
CUST01586,Adams-Dominguez,Business,Healthcare Services,,US,False,Low,Medium,73193.44,35,2021-10-22
CUST01587,Gray-Myers,Business,Consulting Services,,US,False,Low,High,323151.8,65,2022-06-13
CUST01588,Ariel Leonard,Individual,,Educator,MX,False,Low,Low,1298.19,6,2024-06-22
CUST01589,Robert Contreras Jr.,Individual,,Student,FR,False,Low,Medium,3591.07,14,2024-03-01
CUST01590,Montes-Harris,Business,Money Service Business,,US,False,Low,Low,22783.94,19,2022-04-05
CUST01591,"Lewis, Baker and Evans",Business,Cryptocurrency Exchange,,TR,False,Medium,Medium,176168.91,13,2025-01-14
CUST01592,Lori Rubio,Individual,,Educator,US,False,Low,Low,1198.51,9,2022-06-04
CUST01593,"Rogers, Jones and Solis",Business,Cash-Intensive Retail (Restaurant),,MM,False,High,Medium,168684.42,16,2025-08-29
CUST01594,Gregory Jones,Individual,,Salaried Employee,US,False,Low,Medium,4766.47,25,2024-03-08
CUST01595,Elizabeth Alvarado,Individual,,Business Owner,US,False,Low,Medium,8629.45,20,2024-04-13
CUST01596,Perry LLC,Business,Healthcare Services,,MX,False,Low,Low,14930.71,9,2026-01-01
CUST01597,Powers-Kelley,Business,Charity / NPO,,US,False,Medium,Low,49659.8,7,2021-10-10
CUST01598,"Warner, Huffman and Ray",Business,Import/Export Trading,,US,False,Medium,Low,54126.55,16,2023-06-06
CUST01599,Samantha Hurley,Individual,,Retired,US,False,Medium,Low,1649.13,7,2023-11-24
CUST01600,Kim Mendez,Individual,,Educator,KH,False,Low,Low,1673.98,6,2025-04-22
CUST01601,"Barber, Brown and Gonzalez",Business,Cryptocurrency Exchange,,US,False,Medium,Low,45477.07,9,2025-07-20
CUST01602,Chris Jennings,Individual,,Salaried Employee,ZA,False,Low,Low,2942.59,7,2024-03-03
CUST01603,Jenkins-Dalton,Business,Retail - E-commerce,,HK,False,Low,High,181080.55,71,2022-03-02
CUST01604,"Harris, Gutierrez and Colon",Business,Charity / NPO,,VE,False,High,High,485702.23,57,2022-12-25
CUST01605,Kyle Sullivan,Individual,,Business Owner,AU,False,Low,Medium,4963.51,13,2022-08-01
CUST01606,Lee and Sons,Business,Money Service Business,,AU,False,Medium,Medium,147842.05,26,2024-04-04
CUST01607,Justin Graham,Individual,,Retired,IR,False,Low,Medium,3606.36,15,2021-12-06
CUST01608,Dominic Johnson,Individual,,Healthcare Worker,UA,False,Low,Low,1730.12,5,2023-12-25
CUST01609,"Pierce, Newman and Williams",Business,Construction,,PA,False,High,Medium,53815.86,39,2025-10-01
CUST01610,Amy Mosley,Individual,,Retired,US,False,Low,Low,2194.18,6,2024-04-15
CUST01611,Sharon Lester,Individual,,Self-Employed,US,False,Low,Medium,4782.81,11,2025-01-29
CUST01612,Powers-Blackwell,Business,Money Service Business,,US,False,Low,Low,25942.67,8,2024-12-29
CUST01613,Misty Taylor,Individual,,Business Owner,MX,False,Low,Medium,8263.83,13,2022-07-27
CUST01614,Kathryn Martinez,Individual,,Educator,CH,False,Low,Medium,5750.85,17,2026-01-31
CUST01615,Stephen Young,Individual,,Student,MX,False,Medium,Low,1181.8,6,2022-08-28
CUST01616,Emily Collier,Individual,,Educator,US,False,Low,Low,1746.01,5,2024-12-07
CUST01617,Natasha Walls,Individual,,Retired,KR,False,Low,Low,1766.77,4,2023-06-22
CUST01618,Christopher Booker,Individual,,Freelancer / Gig Worker,IT,False,Medium,Medium,10745.53,9,2025-05-10
CUST01619,Scott Brown,Individual,,Business Owner,US,False,Low,Low,1743.23,9,2024-10-21
CUST01620,Ashley Gardner,Individual,,Freelancer / Gig Worker,US,False,Low,Low,1275.25,4,2025-08-28
CUST01621,"Sanchez, Ramirez and Mueller",Business,Consulting Services,,US,False,Low,High,261775.78,41,2022-11-07
CUST01622,Alvarez-Richardson,Business,Manufacturing,,CU,False,High,Low,10888.85,14,2024-03-28
CUST01623,Brewer PLC,Business,Precious Metals Dealer,,KH,False,High,Low,40406.06,13,2021-11-30
CUST01624,"Bates, Everett and Vazquez",Business,Consulting Services,,US,False,Low,Low,15285.45,12,2023-08-28
CUST01625,James Fowler,Individual,,Retired,US,False,Low,Low,1351.85,5,2024-09-14
CUST01626,Melinda Nichols,Individual,,Freelancer / Gig Worker,CA,False,Low,High,6936.02,25,2023-08-18
CUST01627,Price-Browning,Business,Money Service Business,,US,False,Low,High,737344.59,50,2024-12-16
CUST01628,Tabitha Turner,Individual,,Educator,NG,False,Medium,Medium,5163.08,10,2023-08-15
CUST01629,Clark-Zamora,Business,Healthcare Services,,US,False,Low,Low,19598.77,13,2025-05-08
CUST01630,Sherry Wang,Individual,,Self-Employed,ZA,False,Low,Medium,3507.27,23,2025-01-27
CUST01631,Denise Miller,Individual,,Freelancer / Gig Worker,IR,False,High,High,12745.48,16,2025-10-19
CUST01632,Mclaughlin-House,Business,Casino / Gaming,,UA,False,Low,Low,26487.96,7,2024-06-12
CUST01633,Sherri Wilkins,Individual,,Business Owner,CH,False,Low,Low,1236.87,4,2022-12-25
CUST01634,"Green, Jones and Fisher",Business,Real Estate Agency,,NG,False,Medium,Low,13528.76,8,2024-05-25
CUST01635,Neal-Gill,Business,Technology / SaaS,,KH,False,Low,Medium,52367.72,35,2023-03-07
CUST01636,Rachel Taylor,Individual,,Educator,DE,False,Low,Medium,5368.91,13,2025-01-09
CUST01637,Fuller LLC,Business,Casino / Gaming,,PA,False,High,Medium,171768.29,32,2022-04-26
CUST01638,Moore PLC,Business,Casino / Gaming,,US,False,Medium,Low,56965.51,13,2022-09-22
CUST01639,"Jennings, Sparks and Flores",Business,Money Service Business,,SE,False,Medium,Medium,237647.82,27,2025-09-08
CUST01640,Brandi Thompson,Individual,,Retired,US,False,Low,Medium,5643.51,10,2024-05-27
CUST01641,Gonzalez-Perry,Business,Cash-Intensive Retail (Car Wash),,ES,False,High,Medium,103812.92,17,2023-03-02
CUST01642,James Davenport,Individual,,Student,US,False,Low,Low,926.71,8,2023-07-12
CUST01643,Alexander Hansen,Individual,,Educator,IN,False,High,Low,1765.03,5,2023-07-25
CUST01644,Valerie Gonzalez,Individual,,Student,DE,False,Low,Medium,4806.64,14,2023-01-20
CUST01645,Luke Burke,Individual,,Student,NG,False,High,Medium,13777.69,8,2022-11-20
CUST01646,Jacob Valentine,Individual,,Student,HK,False,Medium,Medium,5331.32,12,2022-08-13
CUST01647,Joseph Ayala,Individual,,Healthcare Worker,US,False,Low,Medium,6083.13,13,2025-06-23
CUST01648,"Snyder, Walker and Harris",Business,Cryptocurrency Exchange,,IT,False,Medium,Medium,132306.43,24,2023-11-19
CUST01649,Johnny Anderson,Individual,,Healthcare Worker,US,False,Low,Medium,5323.02,16,2023-05-17
CUST01650,Whitney Campbell,Individual,,Retired,TR,False,Medium,Low,1001.33,7,2023-03-25
CUST01651,White-Sparks,Business,Cash-Intensive Retail (Convenience Store),,US,False,High,Medium,216401.05,18,2021-11-11
CUST01652,Dennis Williamson,Individual,,Retired,US,False,Low,Low,1258.71,4,2023-09-24
CUST01653,Aguilar-Holland,Business,Construction,,US,False,Low,Medium,27759.15,20,2022-05-07
CUST01654,Casey Morris,Individual,,Educator,US,False,Low,Medium,8624.29,16,2024-12-31
CUST01655,"Lewis, Reyes and Henderson",Business,Technology / SaaS,,US,False,Low,Medium,51611.52,26,2023-10-19
CUST01656,Davis Inc,Business,Healthcare Services,,TR,False,Low,Medium,70546.5,21,2022-01-22
CUST01657,Galvan-Ruiz,Business,Retail - E-commerce,,IT,False,Low,Medium,63782.25,22,2024-08-18
CUST01658,"Crosby, Coffey and George",Business,Money Service Business,,NL,False,Low,High,772346.07,36,2022-01-02
CUST01659,Jonathan James,Individual,,Healthcare Worker,SY,False,High,Medium,3015.71,10,2024-12-22
CUST01660,Brandi Mcclain,Individual,,Educator,US,False,Low,Medium,3733.95,15,2021-12-19
CUST01661,Debbie Gordon,Individual,,Government Employee,SE,False,Low,Medium,3151.57,15,2024-07-02
CUST01662,Anderson-Stewart,Business,Cryptocurrency Exchange,,KR,False,Low,Medium,172143.58,31,2025-04-20
CUST01663,Bruce Williams,Individual,,Educator,KR,False,Low,Low,966.46,7,2022-09-15
CUST01664,Savage-Davenport,Business,Cash-Intensive Retail (Convenience Store),,TR,False,High,High,554422.01,47,2024-09-07
CUST01665,Campbell-Mcdowell,Business,Cash-Intensive Retail (Convenience Store),,US,False,Low,Medium,220474.0,18,2023-11-11
CUST01666,Jessica Martin,Individual,,Government Employee,IN,False,Medium,Low,1014.96,4,2025-10-18
CUST01667,Brittany Farrell,Individual,,Freelancer / Gig Worker,US,False,Low,High,18216.67,28,2025-05-12
CUST01668,Lopez Inc,Business,Cash-Intensive Retail (Convenience Store),,CU,False,Medium,High,1975025.0,78,2023-07-29
CUST01669,Johnson LLC,Business,Technology / SaaS,,SS,False,High,High,169650.11,66,2023-01-04
CUST01670,"Mcdonald, Wilson and Woodard",Business,Cash-Intensive Retail (Car Wash),,NL,False,Low,Low,37726.77,12,2025-10-29
CUST01671,Alexander Ltd,Business,Healthcare Services,,US,True,Low,Medium,61610.64,28,2025-09-29
CUST01672,Vasquez-Singleton,Business,Import/Export Trading,,BR,False,Low,Medium,237202.41,20,2022-11-16
CUST01673,Brandon Oneill,Individual,,Healthcare Worker,US,False,Low,Medium,5795.47,14,2023-02-26
CUST01674,Nicole Carson,Individual,,Freelancer / Gig Worker,US,False,Low,Medium,5194.58,17,2023-06-04
CUST01675,"Bolton, Smith and Wang",Business,Healthcare Services,,SS,False,Medium,Low,12651.51,10,2023-02-26
CUST01676,Billy Tate,Individual,,Freelancer / Gig Worker,RU,False,Medium,Medium,11597.22,14,2022-06-02
CUST01677,Allison Maldonado,Individual,,Government Employee,HK,False,Low,High,31737.23,43,2022-08-28
CUST01678,Brooks-Hickman,Business,Professional Services (Legal/Accounting),,US,False,Low,Medium,77519.55,38,2022-07-09
CUST01679,Hernandez-Miller,Business,Professional Services (Legal/Accounting),,US,False,Low,Medium,89661.93,21,2025-09-12
CUST01680,Tyler Wheeler,Individual,,Self-Employed,KP,False,High,Low,992.53,5,2021-09-01
CUST01681,Booker-Douglas,Business,Professional Services (Legal/Accounting),,US,False,Medium,High,246364.02,68,2025-06-21
CUST01682,Nicholas Navarro,Individual,,Healthcare Worker,SE,False,Low,Low,1299.12,6,2022-09-19
CUST01683,Anthony Schneider,Individual,,Student,US,False,Low,Low,1979.82,7,2024-05-14
CUST01684,Manning PLC,Business,Consulting Services,,NG,False,High,High,359823.68,85,2024-11-10
CUST01685,Ross and Sons,Business,Cash-Intensive Retail (Restaurant),,RU,False,Medium,Low,29457.77,6,2023-08-29
CUST01686,Davis-Phelps,Business,Money Service Business,,US,False,Medium,High,593072.94,49,2023-01-02
CUST01687,Chan-Mitchell,Business,Technology / SaaS,,SG,False,Low,High,158965.5,54,2022-12-05
CUST01688,Evans Group,Business,Casino / Gaming,,PH,False,Low,Medium,199610.95,21,2024-04-03
CUST01689,Lindsey Howard,Individual,,Student,US,False,Low,High,30901.76,41,2022-06-08
CUST01690,Kayla Burns,Individual,,Retired,US,False,Low,Medium,4744.81,12,2024-12-01
CUST01691,Adams-Burke,Business,Retail - E-commerce,,US,False,Medium,Low,7876.68,12,2022-05-21
CUST01692,Shepherd-Austin,Business,Manufacturing,,ZA,False,Low,Medium,41497.59,28,2025-04-23
CUST01693,"Simmons, Williams and Peterson",Business,Cryptocurrency Exchange,,TR,False,Medium,Medium,215978.43,22,2025-07-24
CUST01694,"Walker, Parks and Moore",Business,Technology / SaaS,,US,False,Low,High,266268.77,58,2025-10-30
CUST01695,"Soto, Warren and Roberts",Business,Cash-Intensive Retail (Restaurant),,BR,False,Medium,Medium,370841.66,16,2025-05-03
CUST01696,Robert Evans,Individual,,Educator,US,False,Low,Low,1381.78,7,2022-09-15
CUST01697,Elizabeth Wright,Individual,,Salaried Employee,US,False,Low,Medium,5896.92,14,2025-04-03
CUST01698,Carroll-Arnold,Business,Cryptocurrency Exchange,,DE,False,Low,High,480665.85,61,2022-01-01
CUST01699,Kayla Gutierrez,Individual,,Freelancer / Gig Worker,SY,False,High,Low,1832.41,9,2025-07-27
CUST01700,"Cortez, Hess and Kelly",Business,Cash-Intensive Retail (Convenience Store),,US,False,Low,Low,56868.77,9,2022-04-25
CUST01701,"Smith, Yang and Ford",Business,Consulting Services,,GB,False,Low,Low,19073.26,11,2023-03-03
CUST01702,Amber Butler,Individual,,Self-Employed,ZA,False,Low,High,19409.76,19,2024-02-24
CUST01703,Nathaniel Todd,Individual,,Self-Employed,US,False,Low,Low,2929.71,3,2025-06-11
CUST01704,Deborah Levy,Individual,,Student,BR,False,High,Low,1518.72,2,2023-03-18
CUST01705,Lopez Ltd,Business,Healthcare Services,,US,False,Medium,Low,13803.62,8,2023-10-28
CUST01706,Ashley Ferguson,Individual,,Salaried Employee,JP,False,Medium,Medium,10940.91,15,2021-09-01
CUST01707,Adam Rios,Individual,,Retired,NL,False,Low,Medium,6645.91,8,2025-07-13
CUST01708,Sheila Church,Individual,,Healthcare Worker,SS,False,High,Medium,6396.99,10,2025-10-04
CUST01709,Montgomery-Dickson,Business,Consulting Services,,CH,False,Low,Medium,88093.4,33,2024-09-07
CUST01710,"Nunez, Vaughn and Foster",Business,Money Service Business,,US,False,Medium,Medium,171502.06,30,2024-03-11
CUST01711,Martinez Inc,Business,Consulting Services,,US,False,Low,Medium,49058.77,19,2023-03-29
CUST01712,Alan Waller,Individual,,Business Owner,ES,False,Low,Low,2390.96,3,2021-11-05
CUST01713,Castillo and Sons,Business,Cash-Intensive Retail (Convenience Store),,US,False,Low,High,1251374.75,70,2023-09-04
CUST01714,Wilkinson-Garrison,Business,Precious Metals Dealer,,CH,False,Low,Medium,113201.36,31,2023-03-30
CUST01715,Turner Group,Business,Precious Metals Dealer,,US,False,High,High,513531.04,49,2022-11-17
CUST01716,Henderson-Wilson,Business,Healthcare Services,,US,False,Low,Low,18932.43,10,2022-11-30
CUST01717,Jill Washington,Individual,,Retired,MX,False,Low,Low,1464.91,4,2021-10-13
CUST01718,Richards-Harris,Business,Technology / SaaS,,SG,False,Low,Medium,36450.98,37,2024-12-13
CUST01719,Cook Inc,Business,Manufacturing,,US,False,Low,Low,20136.74,11,2025-04-16
CUST01720,Allison-Mclaughlin,Business,Cryptocurrency Exchange,,US,False,Low,Medium,102457.22,26,2024-02-03
CUST01721,James Palmer,Individual,,Student,BR,False,Low,High,15012.27,46,2025-10-07
CUST01722,Antonio Smith,Individual,,Educator,US,False,Medium,Low,1158.84,8,2024-04-21
CUST01723,"Brown, Orozco and Butler",Business,Real Estate Agency,,US,False,Low,High,353031.46,62,2025-08-23
CUST01724,Marcus Lucas,Individual,,Educator,AU,False,Low,Low,2050.29,7,2025-06-06
CUST01725,"Graham, Martin and Barber",Business,Cryptocurrency Exchange,,UA,False,Low,High,881555.92,53,2025-08-10
CUST01726,Kim-Romero,Business,Casino / Gaming,,IT,False,Medium,Low,27362.69,9,2024-07-02
CUST01727,"Castaneda, Espinoza and Mcdonald",Business,Cryptocurrency Exchange,,KH,False,Medium,Low,70457.39,13,2024-02-11
CUST01728,Jeanette Butler,Individual,,Educator,US,False,Low,Low,1279.19,8,2024-09-06
CUST01729,Rebecca Richard,Individual,,Student,US,False,Low,Low,2207.27,4,2023-05-19
CUST01730,Vazquez-Miller,Business,Professional Services (Legal/Accounting),,US,False,Low,Low,18342.13,9,2025-09-22
CUST01731,Curtis Obrien,Individual,,Educator,MX,False,Low,Low,727.59,5,2022-06-23
CUST01732,Terri Snyder,Individual,,Retired,CA,False,Low,Medium,6022.76,14,2023-08-13
CUST01733,Hawkins Inc,Business,Consulting Services,,US,False,Low,Medium,57116.82,22,2024-09-01
CUST01734,Heather Moore,Individual,,Freelancer / Gig Worker,US,False,Low,Low,1242.44,4,2025-11-25
CUST01735,Roman LLC,Business,Manufacturing,,TR,False,Medium,Medium,78036.7,29,2025-04-12
CUST01736,Darrell Hoffman,Individual,,Salaried Employee,NL,False,Medium,Medium,6005.28,11,2025-10-03
CUST01737,Gerald Kelly,Individual,,Salaried Employee,CA,False,Medium,Medium,7314.02,8,2022-01-06
CUST01738,"Adams, Hernandez and Vaughn",Business,Manufacturing,,AU,False,Low,High,154324.16,88,2026-01-01
CUST01739,Ashley Williams,Individual,,Freelancer / Gig Worker,KR,False,Low,Low,1510.4,6,2025-05-05
CUST01740,Tonya Campos,Individual,,Salaried Employee,US,False,Low,Low,1127.03,5,2022-07-08
CUST01741,Lisa Garrison,Individual,,Healthcare Worker,BR,False,Low,Medium,3853.34,14,2022-06-26
CUST01742,Amanda Garcia,Individual,,Salaried Employee,US,False,Medium,Low,1349.9,5,2022-08-15
CUST01743,Bartlett and Sons,Business,Charity / NPO,,US,False,Medium,Medium,172059.26,32,2024-02-07
CUST01744,"Alexander, Hunter and Oconnor",Business,Construction,,GB,False,Low,Low,9228.87,10,2022-06-18
CUST01745,Holland LLC,Business,Cash-Intensive Retail (Restaurant),,CA,False,Medium,Low,45450.66,10,2022-10-16
CUST01746,Allison Group,Business,Construction,,BR,False,Low,Low,17042.42,5,2025-02-25
CUST01747,Sanchez Group,Business,Charity / NPO,,NL,False,Medium,Medium,261476.62,28,2024-07-09
CUST01748,Christopher Adams,Individual,,Business Owner,US,False,Low,Low,1247.01,7,2025-02-23
CUST01749,Soto-Sanchez,Business,Consulting Services,,IT,False,Medium,Medium,55867.5,36,2025-03-16
CUST01750,Brenda Patterson,Individual,,Student,LB,False,Medium,Low,1705.03,4,2025-02-05
CUST01751,Tiffany Black,Individual,,Educator,US,False,Low,Low,788.37,4,2024-09-10
CUST01752,Jessica Carrillo,Individual,,Freelancer / Gig Worker,CH,False,Low,High,7061.75,30,2026-01-07
CUST01753,Miller LLC,Business,Cash-Intensive Retail (Car Wash),,HK,False,Low,High,501753.38,85,2025-01-12
CUST01754,Mrs. Amy Malone,Individual,,Healthcare Worker,US,False,Low,Low,1227.99,11,2022-11-25
CUST01755,"Brown, Welch and Reeves",Business,Construction,,US,False,Low,Low,33276.09,15,2026-01-14
CUST01756,Barnes-Blackwell,Business,Retail - E-commerce,,US,False,Low,Low,12962.68,6,2024-03-16
CUST01757,Emily Cooper,Individual,,Salaried Employee,AU,False,Low,Low,855.68,6,2023-12-31
CUST01758,Lisa Thomas,Individual,,Government Employee,US,False,Low,Low,1141.58,6,2025-01-19
CUST01759,Daniel Stephens,Individual,,Educator,US,False,Low,Low,1591.12,6,2025-05-18
CUST01760,Stacy Harrington,Individual,,Salaried Employee,BR,False,Low,Low,1704.76,8,2025-01-21
CUST01761,Ibarra Inc,Business,Education Services,,US,False,Low,High,137241.92,54,2021-12-06
CUST01762,Jean Higgins,Individual,,Educator,MM,False,High,Medium,7221.69,12,2022-09-09
CUST01763,"Braun, Campbell and Davis",Business,Construction,,IR,False,Low,Medium,55594.07,21,2024-04-10
CUST01764,Nicole Moore,Individual,,Healthcare Worker,YE,True,Medium,Low,1840.31,5,2021-11-08
CUST01765,"Vargas, Allen and Schroeder",Business,Charity / NPO,,NL,False,Medium,Low,27583.39,13,2025-03-19
CUST01766,Mrs. Amy Watson,Individual,,Salaried Employee,SY,False,High,Low,1158.66,5,2025-12-07
CUST01767,Anthony Curtis,Individual,,Retired,NG,False,Low,Medium,4042.29,17,2022-09-05
CUST01768,Kenneth Smith,Individual,,Retired,DE,False,Low,Medium,4829.04,14,2024-07-02
CUST01769,Dr. Virginia Cunningham,Individual,,Student,MM,False,Medium,Medium,3352.95,13,2023-08-10
CUST01770,Dustin Glover,Individual,,Government Employee,IT,False,Low,Low,2384.44,7,2022-10-22
CUST01771,"Gray, Mclaughlin and Garcia",Business,Cryptocurrency Exchange,,HK,False,Low,Medium,223335.38,27,2026-01-04
CUST01772,"Lee, Osborne and Gibson",Business,Construction,,ZA,False,Medium,Medium,44954.63,31,2022-11-12
CUST01773,"Simmons, Jenkins and Davis",Business,Professional Services (Legal/Accounting),,RU,False,Medium,High,147514.85,59,2025-03-26
CUST01774,Karen Griffin,Individual,,Healthcare Worker,IN,False,Low,High,18377.23,28,2024-10-04
CUST01775,Jennifer Hansen,Individual,,Self-Employed,JP,False,Low,Low,1563.27,4,2024-12-22
CUST01776,Lauren Fields,Individual,,Freelancer / Gig Worker,IN,False,Medium,Medium,6182.84,19,2025-05-12
CUST01777,Theresa Dennis,Individual,,Freelancer / Gig Worker,US,False,Low,Low,1303.88,4,2025-03-01
CUST01778,Brianna Martinez,Individual,,Student,SS,False,High,Low,1251.24,5,2025-07-06
CUST01779,Faulkner PLC,Business,Money Service Business,,FR,False,Low,Low,72531.63,9,2026-02-12
CUST01780,Daniel Kennedy,Individual,,Retired,CA,False,Low,Low,1205.14,4,2022-12-14
CUST01781,Jaclyn Crane,Individual,,Healthcare Worker,US,False,Low,Low,1462.96,5,2025-02-03
CUST01782,Jacob Roberts,Individual,,Salaried Employee,US,False,Low,Low,1512.68,5,2026-01-24
CUST01783,Wilson LLC,Business,Cash-Intensive Retail (Car Wash),,KH,False,Medium,Medium,186346.94,23,2024-10-20
CUST01784,John Moody,Individual,,Freelancer / Gig Worker,TR,False,Medium,Low,1220.97,4,2022-10-29
CUST01785,"Fisher, Zuniga and Torres",Business,Charity / NPO,,CU,False,High,Medium,329848.76,13,2024-01-11
CUST01786,Robert Burns,Individual,,Student,SG,False,Low,Low,1192.26,7,2022-08-29
CUST01787,"Bailey, Harrell and Butler",Business,Healthcare Services,,US,False,Low,Low,20604.36,10,2024-04-02
CUST01788,"Chavez, Morgan and Bennett",Business,Professional Services (Legal/Accounting),,US,False,Low,Medium,62870.1,41,2022-09-30
CUST01789,Wagner Group,Business,Cash-Intensive Retail (Car Wash),,KH,False,Medium,Medium,205519.35,36,2025-06-11
CUST01790,Brittany Luna,Individual,,Self-Employed,US,False,Low,High,14299.31,42,2022-05-18
CUST01791,"Beck, Ortiz and Hall",Business,Cryptocurrency Exchange,,LB,False,High,Low,33722.54,11,2024-12-24
CUST01792,Angel Santiago,Individual,,Retired,US,False,Low,Medium,6404.67,16,2025-05-21
CUST01793,"Ramirez, Davis and Martin",Business,Technology / SaaS,,MX,False,Low,Low,23609.23,8,2021-10-30
CUST01794,"Mccoy, Ingram and Parker",Business,Construction,,HK,False,Low,Medium,63427.49,28,2022-09-02
CUST01795,Angela Friedman,Individual,,Healthcare Worker,US,False,Low,Low,1670.18,5,2022-01-25
CUST01796,"Boyd, Christensen and Shaw",Business,Precious Metals Dealer,,IT,False,Low,Medium,191971.34,26,2021-10-10
CUST01797,Timothy White,Individual,,Educator,US,False,Low,Low,1343.05,4,2021-10-11
CUST01798,Daniel Gallegos,Individual,,Business Owner,US,False,Low,Medium,4335.44,18,2025-05-25
CUST01799,Joseph Flores,Individual,,Freelancer / Gig Worker,CH,False,Medium,Low,1195.59,6,2021-12-31
CUST01800,Atkins-Johnson,Business,Cash-Intensive Retail (Convenience Store),,CU,False,Medium,Medium,337298.2,20,2025-05-02
CUST01801,Perry PLC,Business,Cash-Intensive Retail (Convenience Store),,TR,False,Medium,Low,32849.58,6,2024-04-26
CUST01802,Brandon Petty,Individual,,Self-Employed,US,False,Low,Medium,3400.76,16,2023-01-18
CUST01803,Clayton Tate,Individual,,Government Employee,US,False,Low,Medium,4709.58,13,2022-12-06
CUST01804,Farley-Gregory,Business,Manufacturing,,US,False,Low,High,136795.46,54,2022-02-13
CUST01805,Erika Johnson,Individual,,Retired,US,False,Low,Medium,6199.31,11,2022-02-11
CUST01806,Brett Thomas,Individual,,Healthcare Worker,US,False,Low,Low,1384.98,4,2024-05-17
CUST01807,Todd Lam,Individual,,Business Owner,NG,False,Low,Medium,7346.73,11,2022-01-22
CUST01808,Allen PLC,Business,Retail - E-commerce,,US,False,Low,High,296290.11,100,2023-08-18
CUST01809,Paul Cruz Jr.,Individual,,Business Owner,US,False,Low,Medium,6493.75,9,2022-02-18
CUST01810,Marshall-Russell,Business,Real Estate Agency,,KH,False,Medium,Medium,42623.65,17,2025-09-26
CUST01811,Russell and Sons,Business,Precious Metals Dealer,,US,False,Low,High,831835.87,134,2021-10-10
CUST01812,Victor Leonard,Individual,,Student,SE,False,Low,Medium,7610.53,12,2023-09-18
CUST01813,Marisa Martinez,Individual,,Self-Employed,DE,False,Low,Medium,5678.57,10,2025-01-28
CUST01814,Ryan Mason,Individual,,Freelancer / Gig Worker,US,False,Low,Low,1970.89,6,2022-10-30
CUST01815,William Casey,Individual,,Freelancer / Gig Worker,ZA,False,Low,Medium,5855.82,26,2025-03-22
CUST01816,Kristen Williams,Individual,,Freelancer / Gig Worker,BR,False,Low,Low,1282.39,5,2025-07-27
CUST01817,Lisa Delgado,Individual,,Salaried Employee,YE,False,High,Medium,8239.97,16,2023-01-16
CUST01818,Brown Group,Business,Retail - E-commerce,,US,False,Low,Low,15786.42,16,2023-12-11
CUST01819,"King, Frazier and Kidd",Business,Retail - E-commerce,,US,False,Low,Medium,55541.41,29,2023-06-06
CUST01820,Katrina Williams,Individual,,Self-Employed,NG,False,High,Medium,7921.38,12,2022-03-19
CUST01821,James Martinez,Individual,,Retired,SG,False,Low,Medium,8690.11,21,2022-10-21
CUST01822,Yvonne Johns,Individual,,Freelancer / Gig Worker,US,False,Low,Low,1237.69,6,2023-05-31
CUST01823,Tina Flores,Individual,,Self-Employed,IT,False,Low,Low,535.32,9,2024-07-13
CUST01824,Veronica Zimmerman,Individual,,Business Owner,ES,False,Low,Low,1158.95,4,2023-12-10
CUST01825,William Peterson,Individual,,Educator,BR,False,Medium,Low,1555.97,6,2025-07-12
CUST01826,Erin Sloan,Individual,,Government Employee,LB,False,Medium,Medium,3948.97,12,2022-10-03
CUST01827,"Nielsen, Lynch and Smith",Business,Real Estate Agency,,KR,False,Low,Low,17356.47,10,2021-09-12
CUST01828,Jennifer Woodard,Individual,,Salaried Employee,BR,False,Low,Low,1818.95,7,2025-10-11
CUST01829,Medina-Cobb,Business,Cash-Intensive Retail (Convenience Store),,NL,False,Medium,Medium,411169.23,20,2022-04-11
CUST01830,"Johnson, Collier and Powers",Business,Cash-Intensive Retail (Convenience Store),,US,False,Medium,Medium,296603.97,18,2022-09-01
CUST01831,Robert Carey,Individual,,Self-Employed,US,False,Low,Low,1127.34,5,2024-08-30
CUST01832,Ryan Cain,Individual,,Retired,US,False,Low,High,17769.23,31,2021-09-09
CUST01833,Ford and Sons,Business,Manufacturing,,ZA,False,Low,Medium,46821.74,19,2025-05-26
CUST01834,Walker Inc,Business,Precious Metals Dealer,,CA,False,Medium,High,587887.74,63,2024-01-04
CUST01835,"Morse, Howard and Davis",Business,Retail - E-commerce,,US,False,Low,High,455720.19,61,2024-03-12
CUST01836,Connie Baird,Individual,,Salaried Employee,YE,False,High,Medium,11534.88,10,2024-09-14
CUST01837,Campbell Ltd,Business,Import/Export Trading,,US,False,Low,High,378314.47,52,2023-05-25
CUST01838,William Little,Individual,,Educator,US,False,Low,Low,1338.57,6,2022-07-24
CUST01839,Laura Snyder,Individual,,Government Employee,FR,False,Low,Low,1355.93,7,2023-04-08
CUST01840,Krystal Fleming,Individual,,Retired,US,False,Medium,Medium,5494.9,21,2023-02-10
CUST01841,Chapman Ltd,Business,Healthcare Services,,US,False,Low,Medium,131170.92,21,2022-03-04
CUST01842,Timothy Foley,Individual,,Salaried Employee,SG,False,Low,Medium,6707.85,16,2026-01-25
CUST01843,"Casey, Lee and Gregory",Business,Charity / NPO,,TR,False,High,Low,25031.07,7,2023-10-08
CUST01844,Sonya Smith,Individual,,Freelancer / Gig Worker,US,False,Low,Medium,9444.66,8,2025-04-01
CUST01845,Terri Williams,Individual,,Student,JP,False,Low,Low,1447.14,4,2024-05-13
CUST01846,Richard-Russell,Business,Consulting Services,,GB,False,Low,High,129209.08,53,2022-08-27
CUST01847,"Holmes, Simpson and Holmes",Business,Technology / SaaS,,IN,False,Low,Medium,44900.7,40,2021-12-27
CUST01848,"Walker, Ramirez and Fisher",Business,Import/Export Trading,,US,False,Low,Medium,140413.06,23,2025-06-08
CUST01849,James Cook,Individual,,Business Owner,US,False,Low,Low,2126.59,5,2021-10-31
CUST01850,Courtney Norris DVM,Individual,,Healthcare Worker,US,False,Low,Low,2885.09,10,2023-09-29
CUST01851,Gary Brown,Individual,,Salaried Employee,KR,False,Medium,Medium,3561.29,8,2022-06-10
CUST01852,Castillo Inc,Business,Charity / NPO,,ZA,False,Medium,High,660042.47,37,2024-06-17
CUST01853,Wright-Wells,Business,Construction,,CA,False,Low,High,239673.26,61,2024-07-07
CUST01854,Samantha Stone,Individual,,Retired,IN,False,Low,Low,1337.58,4,2023-08-19
CUST01855,Parsons PLC,Business,Technology / SaaS,,US,False,Low,Low,16341.93,8,2025-05-07
CUST01856,Lori Riley,Individual,,Educator,US,False,Low,Medium,12835.4,15,2022-05-06
CUST01857,Rangel Group,Business,Charity / NPO,,US,False,Medium,High,628433.13,74,2024-04-13
CUST01858,Melissa Patton,Individual,,Educator,ZA,False,Low,Low,1539.89,12,2022-02-22
CUST01859,Brown-Bishop,Business,Cash-Intensive Retail (Restaurant),,CA,False,Medium,High,792936.65,50,2025-04-16
CUST01860,Michael Hansen,Individual,,Self-Employed,HK,False,Low,Low,1689.22,5,2024-02-16
CUST01861,Morales-Williamson,Business,Cash-Intensive Retail (Restaurant),,US,False,Medium,Medium,142144.55,25,2025-02-11
CUST01862,Kyle Keller,Individual,,Salaried Employee,US,False,Low,Low,1068.17,5,2021-09-15
CUST01863,Reyes-Pope,Business,Consulting Services,,US,False,Low,Medium,65581.62,20,2022-06-24
CUST01864,Curtis-Lowe,Business,Cryptocurrency Exchange,,LY,False,High,Medium,111036.39,27,2021-11-02
CUST01865,Holmes-Matthews,Business,Cash-Intensive Retail (Restaurant),,US,False,Low,High,389714.03,73,2022-07-15
CUST01866,Kurt Jones,Individual,,Government Employee,ES,False,Low,Low,1501.66,5,2023-04-07
CUST01867,Beth Hicks,Individual,,Business Owner,AU,False,Low,Low,2123.33,5,2024-08-22
CUST01868,Nathaniel Wallace,Individual,,Educator,US,False,Low,Low,2154.41,6,2023-09-08
CUST01869,Andrew Anderson,Individual,,Salaried Employee,US,False,Low,Low,1198.44,5,2025-04-29
CUST01870,Marissa Howard,Individual,,Retired,SE,False,Low,High,15894.25,53,2022-11-09
CUST01871,Eric Cooper,Individual,,Self-Employed,HK,False,Low,Low,2587.36,6,2024-10-02
CUST01872,Kelly Sandoval,Individual,,Business Owner,US,False,Low,Medium,6425.81,12,2022-11-06
CUST01873,Jonathon Conley,Individual,,Salaried Employee,BR,False,Low,High,16009.18,24,2022-01-30
CUST01874,Craig Gonzalez,Individual,,Healthcare Worker,PH,False,Medium,Low,1365.59,5,2023-05-01
CUST01875,Gloria Contreras,Individual,,Healthcare Worker,KR,False,Low,Low,1403.7,5,2025-08-05
CUST01876,Erin Lane,Individual,,Business Owner,SG,False,Low,Low,1572.87,7,2024-06-21
CUST01877,Jennifer Martin,Individual,,Business Owner,TR,False,Medium,Low,1915.9,5,2025-06-25
CUST01878,Crawford Inc,Business,Cryptocurrency Exchange,,US,False,Medium,Medium,134660.47,20,2023-07-07
CUST01879,"Hall, Hanson and Allen",Business,Charity / NPO,,ZA,False,Medium,Medium,79584.76,15,2024-06-08
CUST01880,Jamie Ross,Individual,,Freelancer / Gig Worker,US,False,Low,Low,986.91,3,2021-09-03
CUST01881,Benjamin Johnson,Individual,,Retired,MX,False,Medium,Low,1530.71,5,2022-08-06
CUST01882,Roberts and Sons,Business,Money Service Business,,DE,False,Low,Medium,202037.52,16,2024-09-05
CUST01883,Hester and Sons,Business,Money Service Business,,US,False,Medium,Low,34012.37,7,2023-04-20
CUST01884,Daniel Green,Individual,,Healthcare Worker,US,False,Low,Low,1273.3,6,2023-02-06
CUST01885,Abbott-Sanchez,Business,Retail - E-commerce,,KR,False,Low,High,289036.46,37,2023-04-14
CUST01886,Ryan Lozano,Individual,,Educator,US,False,Low,High,11663.23,42,2021-10-18
CUST01887,"Taylor, Pena and Dyer",Business,Retail - E-commerce,,US,False,Low,High,236296.81,63,2024-06-30
CUST01888,Torres and Sons,Business,Cryptocurrency Exchange,,US,True,Medium,Medium,158651.84,26,2024-10-05
CUST01889,Guerrero-Pugh,Business,Professional Services (Legal/Accounting),,NG,False,High,High,373129.71,72,2025-04-22
CUST01890,"Jones, Thomas and Glass",Business,Cryptocurrency Exchange,,UA,False,Medium,Medium,237531.76,25,2023-03-26
CUST01891,Patel Ltd,Business,Cryptocurrency Exchange,,BR,False,Low,Medium,188654.31,30,2024-10-19
CUST01892,Jeffrey Fields,Individual,,Salaried Employee,NG,False,High,Medium,3875.49,12,2022-01-04
CUST01893,Laurie Dickerson,Individual,,Salaried Employee,VE,False,Medium,Low,1829.89,4,2024-02-13
CUST01894,Erin Brown,Individual,,Student,NL,False,Medium,Medium,4251.36,19,2024-01-01
CUST01895,Sarah Schmitt,Individual,,Salaried Employee,US,False,Low,Medium,8324.54,15,2025-10-11
CUST01896,Acosta Group,Business,Healthcare Services,,LB,False,Medium,Medium,112577.9,36,2022-03-03
CUST01897,Romero Ltd,Business,Cryptocurrency Exchange,,US,False,Medium,Low,41319.89,9,2025-12-12
CUST01898,Joseph White,Individual,,Business Owner,US,False,Low,Low,1221.67,4,2024-10-18
CUST01899,"Neal, Baldwin and Simpson",Business,Money Service Business,,SE,False,Low,Medium,228494.45,23,2023-11-25
CUST01900,Margaret Gibbs,Individual,,Freelancer / Gig Worker,LY,False,High,Low,1004.94,7,2021-12-05
CUST01901,Steven Hayes,Individual,,Educator,US,False,Low,Medium,9786.56,10,2023-08-12
CUST01902,Robinson-Coleman,Business,Real Estate Agency,,US,False,Low,Low,16934.85,9,2024-10-28
CUST01903,Taylor Brooks,Individual,,Educator,US,False,Low,Low,845.57,4,2022-05-04
CUST01904,Bradley Wallace,Individual,,Healthcare Worker,US,False,Low,Low,2162.76,6,2024-08-10
CUST01905,Andrew Hunt,Individual,,Freelancer / Gig Worker,US,False,Low,Low,1479.11,6,2024-06-24
CUST01906,John Ortiz,Individual,,Healthcare Worker,US,False,Low,High,21342.73,22,2025-11-06
CUST01907,James White,Individual,,Business Owner,US,False,Low,High,11650.0,35,2023-08-10
CUST01908,Bill Valenzuela,Individual,,Freelancer / Gig Worker,ZA,False,Low,Low,1801.61,6,2024-02-15
CUST01909,Kayla Schneider,Individual,,Government Employee,US,False,Low,Medium,6876.98,12,2023-12-20
CUST01910,Garcia Inc,Business,Precious Metals Dealer,,IR,False,Medium,Medium,185491.37,34,2024-09-06
CUST01911,Curtis Gonzalez,Individual,,Self-Employed,US,False,Low,Medium,3854.35,23,2024-06-01
CUST01912,Patrick Mack,Individual,,Healthcare Worker,US,False,Low,Medium,8747.46,10,2023-12-14
CUST01913,Thornton and Sons,Business,Precious Metals Dealer,,KR,False,Medium,Medium,139177.89,25,2023-11-03
CUST01914,Elijah Short,Individual,,Educator,US,False,Low,Medium,9287.74,11,2025-01-19
CUST01915,Samantha Todd,Individual,,Retired,TR,False,Medium,Medium,5476.78,14,2021-09-19
CUST01916,Jose Juarez,Individual,,Business Owner,US,False,Low,Medium,4496.73,25,2022-11-20
CUST01917,Crystal Cummings,Individual,,Retired,US,False,Low,Medium,4558.74,11,2023-05-28
CUST01918,Hall-Matthews,Business,Import/Export Trading,,KH,False,High,Low,56851.75,9,2025-08-09
CUST01919,"Olsen, Peterson and Miller",Business,Cash-Intensive Retail (Restaurant),,DE,False,Medium,Medium,141231.7,17,2023-03-20
CUST01920,Tom Butler,Individual,,Salaried Employee,SG,False,Low,Medium,4364.86,12,2025-05-07
CUST01921,Justin Brooks,Individual,,Retired,SS,False,High,Low,849.38,4,2022-09-16
CUST01922,Harding-Smith,Business,Casino / Gaming,,SG,False,High,Medium,259279.72,34,2024-08-19
CUST01923,Perez-Simmons,Business,Import/Export Trading,,US,False,Low,High,973559.33,54,2025-01-18
CUST01924,Melissa Evans,Individual,,Government Employee,ES,False,Low,Low,1400.66,6,2021-10-25
CUST01925,"Floyd, Weeks and Hernandez",Business,Casino / Gaming,,US,False,High,Low,49881.38,6,2024-06-05
CUST01926,"Soto, Morrison and Franklin",Business,Manufacturing,,US,False,Low,High,251177.75,51,2024-12-10
CUST01927,Harris-Myers,Business,Cash-Intensive Retail (Car Wash),,US,False,Medium,High,1030890.24,42,2024-11-26
CUST01928,Wells LLC,Business,Manufacturing,,US,False,Low,Medium,43927.42,36,2025-06-16
CUST01929,Elizabeth Jackson,Individual,,Student,US,False,Low,Medium,5586.58,9,2023-02-16
CUST01930,Michael Burns,Individual,,Government Employee,US,False,Low,Low,1207.85,6,2023-03-17
CUST01931,Thomas Cruz,Individual,,Government Employee,AU,False,Low,Medium,4995.71,5,2023-05-15
CUST01932,Carter PLC,Business,Money Service Business,,US,False,Low,Low,52572.95,9,2022-03-19
CUST01933,Brown-Stone,Business,Cash-Intensive Retail (Car Wash),,LB,False,High,Medium,86623.2,17,2023-01-29
CUST01934,Heath-Jenkins,Business,Precious Metals Dealer,,US,False,High,Low,36328.75,5,2022-12-14
CUST01935,Anderson Group,Business,Education Services,,AF,False,Low,Medium,77966.02,18,2025-09-07
CUST01936,"Jones, Friedman and Glenn",Business,Charity / NPO,,KR,False,Medium,High,924073.56,59,2022-09-21
CUST01937,Emily Meyers,Individual,,Salaried Employee,US,False,Medium,Low,1450.03,4,2025-08-28
CUST01938,Kenneth Collins,Individual,,Self-Employed,AU,False,Low,Medium,5757.62,7,2023-05-06
CUST01939,Melinda Hill,Individual,,Government Employee,GB,False,Low,Low,2177.72,7,2021-09-06
CUST01940,Griffin Group,Business,Charity / NPO,,US,False,Low,Medium,224557.66,20,2023-09-19
CUST01941,Susan Suarez,Individual,,Government Employee,CU,False,High,High,20009.08,42,2025-07-13
CUST01942,Johnston-Mclaughlin,Business,Retail - E-commerce,,US,False,Low,Medium,40154.79,14,2024-01-25
CUST01943,Tamara Reed,Individual,,Healthcare Worker,US,False,Low,Low,1376.04,11,2024-02-24
CUST01944,Rodney Horn,Individual,,Self-Employed,SS,False,Medium,Low,1963.69,6,2025-02-23
CUST01945,White PLC,Business,Casino / Gaming,,US,False,Low,Medium,217486.32,36,2025-04-17
CUST01946,Thomas White,Individual,,Salaried Employee,US,False,Low,Low,1606.71,3,2022-06-06
CUST01947,Hale-Williams,Business,Casino / Gaming,,US,False,High,Low,76135.96,13,2022-12-17
CUST01948,Khan-Medina,Business,Cash-Intensive Retail (Restaurant),,ES,False,Low,Medium,182328.61,18,2022-03-09
CUST01949,Miranda Robinson,Individual,,Healthcare Worker,IT,False,Low,Medium,3411.98,8,2025-10-25
CUST01950,Philip Martinez,Individual,,Freelancer / Gig Worker,HK,False,Medium,Medium,4769.36,15,2024-10-02
CUST01951,Campos PLC,Business,Real Estate Agency,,US,False,Low,Medium,46040.38,24,2024-05-22
CUST01952,Christopher Clark,Individual,,Educator,ES,False,Low,Medium,5994.11,9,2021-12-30
CUST01953,Benjamin Neal,Individual,,Self-Employed,SE,False,Low,Low,1349.34,10,2025-07-19
CUST01954,Patrick Foley,Individual,,Government Employee,US,False,Low,Low,1730.36,3,2024-12-28
CUST01955,David Fletcher,Individual,,Retired,KP,False,High,Medium,6935.27,14,2022-10-12
CUST01956,Paul Washington,Individual,,Student,AU,False,Low,Medium,6562.52,14,2022-03-14
CUST01957,Matthew Reeves,Individual,,Student,US,False,Low,Medium,5617.28,11,2025-05-04
CUST01958,Ruiz LLC,Business,Money Service Business,,ES,False,Medium,Medium,313586.83,26,2022-12-28
CUST01959,Roberson PLC,Business,Cash-Intensive Retail (Car Wash),,KH,False,Medium,Medium,107942.09,25,2022-06-22
CUST01960,Caleb Figueroa,Individual,,Student,ES,False,Low,Low,1333.32,4,2023-01-19
CUST01961,Powers Inc,Business,Technology / SaaS,,FR,False,Low,Medium,41448.21,36,2023-12-10
CUST01962,Hunter Robinson,Individual,,Freelancer / Gig Worker,JP,False,Low,Low,1700.28,5,2021-11-29
CUST01963,"Patel, Ramos and Williams",Business,Import/Export Trading,,NG,False,High,High,658058.52,75,2026-01-24
CUST01964,Michelle Prince,Individual,,Freelancer / Gig Worker,HK,False,Low,Low,1429.22,9,2024-12-09
CUST01965,Jill George,Individual,,Student,CU,False,High,Medium,5089.84,11,2022-01-12
CUST01966,Pamela Mcfarland,Individual,,Self-Employed,NG,False,Medium,Medium,8090.64,22,2024-10-20
CUST01967,Gonzalez Inc,Business,Cryptocurrency Exchange,,MM,False,Medium,Medium,78668.92,24,2025-03-16
CUST01968,Adrian Hoover,Individual,,Self-Employed,SE,False,Medium,Low,1455.72,13,2022-02-26
CUST01969,Stephen Robles,Individual,,Government Employee,US,False,Low,Low,2142.13,6,2023-01-17
CUST01970,"Jackson, Perry and Rodriguez",Business,Cash-Intensive Retail (Restaurant),,US,False,Medium,High,850977.22,53,2024-05-26
CUST01971,Mark Weber,Individual,,Retired,AF,False,Medium,Medium,4275.05,25,2024-12-23
CUST01972,Barbara Lewis,Individual,,Healthcare Worker,SE,False,High,Medium,4909.11,14,2024-08-25
CUST01973,Thompson-Morales,Business,Retail - E-commerce,,DE,False,Low,Low,15219.07,10,2024-04-22
CUST01974,Daniel Robinson,Individual,,Student,PH,False,Low,Medium,5095.21,13,2023-12-27
CUST01975,Jackie Jones,Individual,,Business Owner,US,False,Low,Low,2422.39,4,2023-06-24
CUST01976,Randall Porter,Individual,,Government Employee,US,False,High,Medium,4882.67,19,2022-06-26
CUST01977,Raven Nielsen,Individual,,Business Owner,US,False,Low,Low,3006.1,5,2023-01-28
CUST01978,Brandon Nguyen,Individual,,Student,MM,False,High,Medium,4594.99,19,2024-12-03
CUST01979,"Middleton, Wise and Anderson",Business,Charity / NPO,,TR,False,High,High,1047556.5,95,2023-02-09
CUST01980,"Gill, Watts and Spence",Business,Healthcare Services,,KR,False,Low,Low,10202.98,12,2025-09-19
CUST01981,Rogers PLC,Business,Money Service Business,,SG,False,Medium,High,878677.07,63,2025-06-08
CUST01982,Dixon-Harmon,Business,Construction,,RU,False,Low,Medium,59582.39,27,2025-11-25
CUST01983,"Bush, Smith and Smith",Business,Cryptocurrency Exchange,,CH,False,Medium,High,1473009.9,73,2022-09-03
CUST01984,Young-Patterson,Business,Import/Export Trading,,US,False,Medium,Low,42341.25,8,2023-09-09
CUST01985,Amy Brooks,Individual,,Government Employee,KH,False,High,High,22578.54,45,2024-02-21
CUST01986,James May,Individual,,Government Employee,US,False,Medium,Low,1042.39,3,2023-08-23
CUST01987,"George, Bautista and Stevenson",Business,Cryptocurrency Exchange,,ES,False,Low,Medium,344449.07,25,2024-05-31
CUST01988,Evan Buchanan,Individual,,Retired,MX,False,Low,Low,1039.02,9,2021-12-15
CUST01989,"Conner, Perry and Hess",Business,Import/Export Trading,,YE,False,High,High,626797.57,48,2021-10-26
CUST01990,Bradford LLC,Business,Retail - E-commerce,,US,False,Low,High,293535.11,56,2024-07-13
CUST01991,Joshua Knox,Individual,,Retired,IN,False,Low,Medium,5878.17,12,2023-09-24
CUST01992,Melissa Walker,Individual,,Healthcare Worker,US,False,Low,Medium,5883.26,15,2024-11-11
CUST01993,Catherine Soto,Individual,,Healthcare Worker,TR,False,Medium,High,16791.71,56,2022-03-02
CUST01994,Andrea Lee,Individual,,Healthcare Worker,US,False,Low,Medium,4674.33,15,2022-10-27
CUST01995,Martinez and Sons,Business,Retail - E-commerce,,MX,False,Low,Medium,76129.32,19,2023-05-10
CUST01996,Romero Group,Business,Cash-Intensive Retail (Car Wash),,US,False,Medium,Medium,125697.96,43,2025-08-04
CUST01997,Nathan Sanchez,Individual,,Self-Employed,KH,False,Medium,Low,706.59,8,2023-02-13
CUST01998,"Wright, Mitchell and West",Business,Professional Services (Legal/Accounting),,US,False,Low,Medium,110321.06,20,2023-05-01
CUST01999,Richard Miller,Individual,,Student,US,False,Low,Low,2315.71,6,2024-09-04
CUST02000,Christopher Alexander,Individual,,Freelancer / Gig Worker,LB,False,Low,Low,2322.65,8,2025-11-30
CUST02001,Jessica Moore,Individual,,Educator,US,False,Low,Low,1481.81,7,2025-09-19
CUST02002,James Dickerson,Individual,,Business Owner,SE,False,Low,Low,1813.66,6,2024-03-03
CUST02003,"Medina, Tran and Thompson",Business,Cash-Intensive Retail (Convenience Store),,US,False,Low,Medium,352088.03,34,2024-11-08
CUST02004,Jesse Brooks,Individual,,Healthcare Worker,ZA,False,Low,Low,2898.6,6,2025-09-15
CUST02005,Cook Ltd,Business,Import/Export Trading,,US,False,Low,Medium,138386.75,27,2025-08-10
CUST02006,Moore and Sons,Business,Cash-Intensive Retail (Convenience Store),,RU,False,High,Low,58104.22,11,2021-08-26
CUST02007,Hensley Ltd,Business,Technology / SaaS,,GB,False,Low,Medium,27808.62,24,2024-10-19
CUST02008,Sullivan-Perry,Business,Consulting Services,,US,False,Low,High,206737.34,56,2024-12-22
CUST02009,Jacqueline Burns,Individual,,Business Owner,US,False,Low,Low,2217.35,4,2022-03-23
CUST02010,Andrew Dorsey,Individual,,Student,IR,False,High,Medium,11769.22,11,2024-11-21
CUST02011,Carla Hines,Individual,,Educator,IT,False,Low,Low,2110.85,4,2023-10-16
CUST02012,"Bailey, Fletcher and Reid",Business,Consulting Services,,US,False,Low,Low,31395.22,8,2024-09-30
CUST02013,Marilyn House,Individual,,Healthcare Worker,US,False,Low,Low,1600.48,3,2023-09-19
CUST02014,Woods LLC,Business,Technology / SaaS,,US,False,Medium,Low,12379.87,12,2021-11-09
CUST02015,"Wade, Hernandez and Jacobs",Business,Real Estate Agency,,LB,False,Medium,Medium,54502.04,28,2022-11-14
CUST02016,Wright-Lane,Business,Cryptocurrency Exchange,,SE,False,High,Medium,201399.37,29,2022-12-28
CUST02017,Wilson Inc,Business,Healthcare Services,,SG,False,Low,High,167282.08,76,2024-11-20
CUST02018,Kevin Santana,Individual,,Government Employee,US,False,Low,Low,1170.25,6,2026-01-11
CUST02019,Liu and Sons,Business,Professional Services (Legal/Accounting),,US,False,Low,Medium,98509.27,38,2025-04-01
CUST02020,Holt-Mason,Business,Cash-Intensive Retail (Car Wash),,US,False,Low,Medium,203764.93,8,2024-11-15
CUST02021,"Parker, Jenkins and Walter",Business,Cryptocurrency Exchange,,NL,False,Low,Low,35400.82,14,2022-05-17
CUST02022,Fields LLC,Business,Professional Services (Legal/Accounting),,US,True,Low,Low,23728.56,14,2022-10-31
CUST02023,Daniel Goodman,Individual,,Educator,US,False,Low,Low,1260.03,10,2024-03-28
CUST02024,Christopher Vasquez,Individual,,Business Owner,US,False,Low,Low,1079.32,5,2022-06-10
CUST02025,Michael Warren,Individual,,Educator,US,False,Low,Medium,9742.24,15,2024-01-26
CUST02026,"Jordan, Thompson and Lopez",Business,Professional Services (Legal/Accounting),,US,False,Medium,High,237700.26,42,2022-10-05
CUST02027,Christopher Fry,Individual,,Freelancer / Gig Worker,PA,False,Low,Medium,10328.94,18,2025-06-14
CUST02028,Christy Harris,Individual,,Freelancer / Gig Worker,AU,False,Low,Low,1967.11,4,2023-03-04
CUST02029,Cheryl Bird,Individual,,Student,US,False,Low,Medium,6322.0,13,2025-02-04
CUST02030,Thomas Rodriguez,Individual,,Salaried Employee,KR,False,Medium,Medium,6019.57,13,2023-01-12
CUST02031,Carter Group,Business,Charity / NPO,,HK,False,High,Medium,341008.87,30,2022-09-05
CUST02032,Gordon Richards,Individual,,Government Employee,US,False,Medium,Low,612.1,4,2025-09-06
CUST02033,Chambers-Garcia,Business,Consulting Services,,IN,False,Low,High,275943.22,88,2022-02-19
CUST02034,Walton-Smith,Business,Cash-Intensive Retail (Convenience Store),,US,False,High,Low,27392.08,20,2021-12-22
CUST02035,Joseph Smith,Individual,,Salaried Employee,ES,False,Low,Low,1874.08,8,2026-01-15
CUST02036,Dr. Tara Kennedy,Individual,,Educator,US,False,Low,Low,1651.98,5,2024-06-26
CUST02037,Gabrielle Maldonado,Individual,,Government Employee,US,False,Medium,Low,1496.55,6,2024-07-14
CUST02038,Dr. Teresa Ortega MD,Individual,,Business Owner,US,False,Low,High,20133.37,22,2022-02-07
CUST02039,Shelley Drake,Individual,,Self-Employed,IR,False,High,Low,1271.55,6,2021-08-23
CUST02040,Harrell-Morales,Business,Retail - E-commerce,,AF,False,High,Medium,47386.57,52,2022-10-19
CUST02041,Bryce Schmidt,Individual,,Student,KR,False,Low,High,11851.23,21,2023-09-25
CUST02042,Luke Hopkins,Individual,,Freelancer / Gig Worker,ZA,False,Low,Medium,4703.17,12,2025-08-29
CUST02043,Mary Smith,Individual,,Salaried Employee,KH,False,Medium,Low,1371.14,4,2024-05-10
CUST02044,Isaac Williams,Individual,,Educator,SG,False,Low,Medium,6026.86,16,2024-05-21
CUST02045,"Wallace, Lawson and Ross",Business,Healthcare Services,,US,False,Medium,Medium,61030.66,25,2022-04-23
CUST02046,Patterson-Huynh,Business,Cash-Intensive Retail (Restaurant),,US,True,Medium,High,659119.37,35,2025-09-01
CUST02047,"Vincent, Stein and Navarro",Business,Healthcare Services,,US,False,Low,High,179428.17,54,2024-02-13
CUST02048,"Lee, Thomas and Meyer",Business,Cryptocurrency Exchange,,CU,False,Medium,Low,41075.76,13,2025-11-28
CUST02049,Jonathan Miller,Individual,,Freelancer / Gig Worker,CH,False,Medium,Low,1571.49,5,2025-08-03
CUST02050,Mosley Inc,Business,Cash-Intensive Retail (Restaurant),,RU,False,Medium,Medium,180262.22,28,2025-09-20
CUST02051,"Fernandez, Sanchez and Jackson",Business,Cash-Intensive Retail (Restaurant),,PK,False,High,Medium,122325.14,28,2022-05-18
CUST02052,Graham Ltd,Business,Casino / Gaming,,DE,False,Medium,Low,51729.54,9,2021-11-12
CUST02053,Hickman LLC,Business,Cash-Intensive Retail (Restaurant),,US,False,Medium,Medium,183220.46,28,2024-11-17
CUST02054,Robinson-Scott,Business,Precious Metals Dealer,,BR,False,Low,High,916225.68,65,2025-09-01
CUST02055,Meagan Wade,Individual,,Salaried Employee,DE,False,Low,Low,1842.13,5,2025-10-20
CUST02056,Michael Wiggins,Individual,,Government Employee,KR,False,Medium,Low,1507.68,4,2022-03-02
CUST02057,Jamie Love,Individual,,Government Employee,US,False,Low,Medium,2498.16,13,2024-11-11
CUST02058,"May, Hoffman and Chase",Business,Cash-Intensive Retail (Convenience Store),,NG,False,High,Low,31984.41,10,2023-08-09
CUST02059,Brian Miller,Individual,,Business Owner,ES,False,Medium,Medium,5560.83,13,2022-05-17
CUST02060,Kevin Lopez,Individual,,Educator,ES,False,Medium,High,22125.95,28,2022-08-09
CUST02061,"Richardson, Castaneda and Finley",Business,Technology / SaaS,,US,False,Low,Low,10397.33,15,2021-08-19
CUST02062,Kevin Lee,Individual,,Self-Employed,AU,False,Medium,Medium,5060.37,13,2024-12-01
CUST02063,Emma Diaz,Individual,,Self-Employed,ES,False,Low,Medium,6765.76,11,2022-09-10
CUST02064,"Alvarado, Garza and Rodriguez",Business,Cash-Intensive Retail (Restaurant),,US,False,High,High,667756.88,87,2021-09-11
CUST02065,"Phelps, Stewart and Cabrera",Business,Real Estate Agency,,SG,False,Low,Medium,69079.71,29,2024-02-22
CUST02066,Kathryn Bryant,Individual,,Retired,NG,False,Medium,Medium,3582.91,17,2024-01-11
CUST02067,Maurice Solis,Individual,,Government Employee,CA,False,Low,Low,1027.15,3,2021-11-28
CUST02068,"Flores, Shaw and Barker",Business,Healthcare Services,,GB,False,Low,Low,16387.21,16,2023-12-11
CUST02069,"Berry, Welch and Lewis",Business,Cash-Intensive Retail (Convenience Store),,SG,False,Low,Medium,422291.14,22,2024-02-05
CUST02070,Jamie Zavala,Individual,,Salaried Employee,ZA,False,Low,Low,1975.94,5,2024-06-14
CUST02071,Carey and Sons,Business,Cash-Intensive Retail (Convenience Store),,CH,False,Low,Medium,143754.43,21,2023-07-14
CUST02072,"Fitzgerald, Leblanc and Parsons",Business,Healthcare Services,,MX,False,Low,Medium,41783.11,28,2025-10-06
CUST02073,Elizabeth Briggs,Individual,,Freelancer / Gig Worker,CH,False,Medium,Medium,4050.78,14,2022-12-21
CUST02074,Kelley LLC,Business,Import/Export Trading,,PK,False,High,High,721117.78,87,2025-03-18
CUST02075,Wanda Todd,Individual,,Retired,SS,False,Low,Low,900.25,7,2024-12-10
CUST02076,Nicholas Campbell,Individual,,Educator,US,False,Medium,Medium,16371.57,16,2023-04-12
CUST02077,"Chase, Long and Anderson",Business,Consulting Services,,PA,False,Medium,Low,18886.96,7,2022-01-29
CUST02078,"Torres, Pena and Ray",Business,Precious Metals Dealer,,AE,False,High,Medium,118701.71,24,2025-05-17
CUST02079,"Olson, Merritt and Clark",Business,Manufacturing,,US,False,Low,Low,11348.41,8,2023-04-13
CUST02080,"Curtis, Cox and Chase",Business,Retail - E-commerce,,US,False,Low,Low,19793.39,5,2022-06-26
CUST02081,Virginia Hernandez,Individual,,Self-Employed,US,False,Low,Low,1505.37,5,2025-04-01
CUST02082,Carol Brown,Individual,,Government Employee,HK,False,Low,Low,1435.11,8,2024-08-22
CUST02083,Catherine Williams,Individual,,Self-Employed,US,False,Low,Low,1260.35,7,2026-01-01
CUST02084,Leslie Booker,Individual,,Educator,NG,False,Low,Medium,9770.38,17,2025-01-20
CUST02085,Bryan Sanders,Individual,,Business Owner,US,False,Low,Medium,8865.23,14,2024-03-11
CUST02086,Tiffany Delgado,Individual,,Freelancer / Gig Worker,ES,False,Low,Medium,5128.11,22,2024-10-23
CUST02087,Wendy Lambert,Individual,,Healthcare Worker,US,False,Low,Medium,5842.34,17,2022-05-19
CUST02088,Sharon Santos,Individual,,Retired,NG,False,Medium,Medium,7826.58,26,2023-12-17
CUST02089,"Delgado, Richardson and Wilson",Business,Cryptocurrency Exchange,,JP,False,Low,Medium,109791.35,22,2022-04-27
CUST02090,Martin Kerr,Individual,,Government Employee,CA,False,Low,Medium,6723.21,10,2023-07-13
CUST02091,Kenneth Armstrong,Individual,,Self-Employed,CA,False,Low,Medium,3140.94,13,2023-12-12
CUST02092,"Mcgee, Bauer and White",Business,Manufacturing,,US,False,Low,Medium,89650.11,19,2025-09-26
CUST02093,"Park, Evans and Martinez",Business,Consulting Services,,US,False,Low,High,299817.97,71,2024-05-20
CUST02094,Terry Pope,Individual,,Business Owner,CA,False,Low,Low,2507.49,5,2023-03-11
CUST02095,Hess-Smith,Business,Education Services,,IT,False,Medium,Low,19104.3,10,2025-10-09
CUST02096,Ryan Ryan,Individual,,Educator,US,False,Low,Medium,6281.96,10,2022-09-03
CUST02097,Christine Barrett,Individual,,Retired,JP,False,Low,Low,2171.74,7,2022-08-13
CUST02098,Atkins Ltd,Business,Import/Export Trading,,US,False,Low,Medium,85407.29,16,2023-02-24
CUST02099,Peters LLC,Business,Precious Metals Dealer,,IT,False,Medium,High,1228063.89,47,2022-08-31
CUST02100,Anderson and Sons,Business,Education Services,,US,False,Low,Medium,62871.55,15,2022-12-27
CUST02101,David Mullins,Individual,,Government Employee,US,False,Low,Medium,4618.76,10,2022-05-03
CUST02102,Hunter LLC,Business,Healthcare Services,,US,False,Low,Medium,62898.29,20,2023-01-29
CUST02103,Tony Smith,Individual,,Government Employee,IN,True,Low,Low,1568.24,4,2024-03-04
CUST02104,Tracy Conway,Individual,,Student,US,False,Low,Low,1332.5,10,2024-02-11
CUST02105,"Ferguson, Taylor and Henry",Business,Real Estate Agency,,PH,False,Medium,High,282135.37,86,2024-04-12
CUST02106,"Bartlett, Shea and Obrien",Business,Import/Export Trading,,US,False,Medium,Medium,288306.97,20,2025-12-17
CUST02107,Brett Weiss,Individual,,Salaried Employee,US,False,Low,Medium,7262.7,11,2023-08-20
CUST02108,Charles Chase,Individual,,Student,CU,False,Medium,Medium,10474.22,18,2023-06-13
CUST02109,Lindsey Robinson,Individual,,Government Employee,DE,False,Low,Low,963.88,6,2024-09-02
CUST02110,Nicholas Henderson,Individual,,Freelancer / Gig Worker,US,False,Low,Low,1509.64,5,2023-10-15
CUST02111,Matthew Martin,Individual,,Healthcare Worker,ES,False,Low,High,28820.91,37,2025-06-30
CUST02112,David Coleman,Individual,,Freelancer / Gig Worker,US,False,Low,Low,1417.7,6,2022-11-02
CUST02113,"Harris, Soto and Adams",Business,Casino / Gaming,,JP,False,Medium,Medium,221238.17,32,2023-04-04
CUST02114,"Watson, Sandoval and Hoover",Business,Charity / NPO,,FR,False,Medium,Low,60535.0,12,2023-01-05
CUST02115,Underwood-Stewart,Business,Casino / Gaming,,US,False,Low,Medium,215367.88,23,2025-04-22
CUST02116,Victor Wright,Individual,,Student,UA,False,Medium,Medium,11873.86,12,2023-12-01
CUST02117,Schmidt Ltd,Business,Import/Export Trading,,CA,False,Medium,Medium,147585.68,43,2025-01-28
CUST02118,Murphy Inc,Business,Import/Export Trading,,US,False,Medium,Medium,158523.3,24,2024-09-14
CUST02119,Paula Thomas,Individual,,Salaried Employee,US,False,Low,Medium,9763.89,15,2023-07-16
CUST02120,Brent Petty,Individual,,Self-Employed,US,False,Low,High,16243.73,28,2023-07-05
CUST02121,Brian Frost,Individual,,Government Employee,ZA,False,Low,High,22772.37,23,2023-02-10
CUST02122,"Chandler, Parker and Nicholson",Business,Cash-Intensive Retail (Car Wash),,US,True,High,High,1005141.52,62,2025-10-13
CUST02123,Rice Ltd,Business,Charity / NPO,,US,False,Medium,Medium,205927.95,19,2024-01-07
CUST02124,"Nelson, Garcia and Williams",Business,Cash-Intensive Retail (Convenience Store),,GB,False,Low,Low,35687.41,10,2024-04-27
CUST02125,White-Shaffer,Business,Healthcare Services,,SS,False,High,High,170598.92,45,2025-01-15
CUST02126,Cameron Smith,Individual,,Government Employee,TR,False,Medium,Low,1020.82,5,2025-12-26
CUST02127,"Moore, Martinez and Gray",Business,Money Service Business,,US,False,High,Medium,253974.94,20,2023-11-22
CUST02128,Sellers Ltd,Business,Cash-Intensive Retail (Restaurant),,US,False,Medium,High,845187.36,68,2024-10-07
CUST02129,Danielle Franklin,Individual,,Freelancer / Gig Worker,US,False,Low,Low,1997.37,7,2025-07-06
CUST02130,William Lindsey,Individual,,Salaried Employee,KH,False,Medium,Low,1050.34,6,2025-11-21
CUST02131,Hill-Patterson,Business,Cash-Intensive Retail (Car Wash),,SE,False,Low,Medium,135296.23,23,2023-07-25
CUST02132,Scott Meza,Individual,,Business Owner,AF,False,High,Low,712.84,9,2025-01-27
CUST02133,Bruce-Walters,Business,Healthcare Services,,SY,False,High,Medium,61098.68,14,2022-04-09
CUST02134,"Allen, Davis and Johnston",Business,Technology / SaaS,,US,False,Low,Low,10880.68,15,2022-05-03
CUST02135,Kristen Vasquez,Individual,,Government Employee,BR,False,Low,Medium,4198.04,10,2021-09-16
CUST02136,Jessica Romero,Individual,,Healthcare Worker,US,False,Medium,Low,1273.19,5,2022-10-11
CUST02137,Jimenez-Jennings,Business,Real Estate Agency,,DE,False,Low,Medium,115939.96,42,2022-09-05
CUST02138,Smith-Lee,Business,Education Services,,US,False,Low,Low,9637.51,11,2021-09-05
CUST02139,Michele Brady,Individual,,Healthcare Worker,HK,False,Low,Medium,6454.78,10,2023-09-11
CUST02140,Mary Knapp DVM,Individual,,Government Employee,TR,False,Medium,Medium,6005.62,8,2026-02-09
CUST02141,"Lynch, Lawson and Oconnell",Business,Professional Services (Legal/Accounting),,ES,False,Low,Medium,72942.88,26,2026-01-26
CUST02142,Carrie Richardson,Individual,,Government Employee,US,False,Low,Low,1738.1,9,2022-10-02
CUST02143,"Gomez, Williams and Simpson",Business,Cryptocurrency Exchange,,PH,False,High,High,1337437.28,99,2023-01-25
CUST02144,Booker-Morgan,Business,Cryptocurrency Exchange,,US,False,Medium,Medium,201776.09,18,2023-09-28
CUST02145,"Rosales, Hodge and Roberts",Business,Charity / NPO,,US,False,Medium,High,524274.18,95,2025-09-23
CUST02146,Baker-Smith,Business,Retail - E-commerce,,BR,False,Low,Low,10890.59,6,2024-12-18
CUST02147,Eric Fitzpatrick,Individual,,Retired,US,False,Low,Medium,3576.55,12,2026-01-01
CUST02148,Walls PLC,Business,Cryptocurrency Exchange,,MX,False,Medium,High,571346.56,69,2025-10-08
CUST02149,Aaron Stevens,Individual,,Educator,BR,False,Low,Low,1530.13,5,2024-02-26
CUST02150,Rodriguez-Bailey,Business,Construction,,IN,False,Low,Medium,33688.12,18,2023-03-15
CUST02151,Gomez-Garcia,Business,Cash-Intensive Retail (Convenience Store),,US,False,Low,High,574081.17,96,2025-10-20
CUST02152,Miller PLC,Business,Education Services,,PK,False,Medium,Medium,57203.06,20,2022-12-04
CUST02153,Thomas Smith,Individual,,Healthcare Worker,US,False,Low,Medium,3610.33,17,2023-09-30
CUST02154,James Evans,Individual,,Freelancer / Gig Worker,IN,False,Low,Low,1601.66,6,2025-04-05
CUST02155,Kimberly Adams,Individual,,Educator,US,False,Low,Medium,4974.79,15,2025-05-07
CUST02156,"Franco, Martin and Gomez",Business,Charity / NPO,,FR,False,Medium,Low,40348.67,15,2025-04-23
CUST02157,Stephen Fletcher,Individual,,Retired,PK,False,Medium,Medium,3833.36,19,2022-07-23
CUST02158,Andrew Foster,Individual,,Educator,IN,False,Low,Medium,4882.0,21,2024-06-08
CUST02159,Martin and Sons,Business,Professional Services (Legal/Accounting),,US,False,Low,High,251817.47,37,2025-09-11
CUST02160,"Bird, Wilson and Burns",Business,Manufacturing,,US,False,Low,Medium,52936.19,24,2025-10-31
CUST02161,Michelle Nguyen,Individual,,Self-Employed,AU,False,Low,Low,1626.46,5,2025-01-07
CUST02162,Tammy Cameron,Individual,,Freelancer / Gig Worker,IN,False,Low,Medium,5774.93,14,2024-12-04
CUST02163,Tyler Sparks,Individual,,Salaried Employee,PA,False,Medium,Medium,4857.33,17,2022-09-09
CUST02164,Cooper Inc,Business,Education Services,,AE,False,High,High,201126.94,47,2023-08-18
CUST02165,Ronald Jordan,Individual,,Educator,US,False,Low,Low,1998.56,7,2021-09-07
CUST02166,Castillo-Campbell,Business,Cryptocurrency Exchange,,US,False,Low,Medium,204968.02,53,2022-04-27
CUST02167,Danielle Hernandez,Individual,,Self-Employed,CH,False,Low,Low,1673.6,4,2025-12-19
CUST02168,Douglas Wilson,Individual,,Freelancer / Gig Worker,DE,False,Low,Medium,5810.62,10,2023-11-10
CUST02169,"Wright, Hoover and Gonzalez",Business,Real Estate Agency,,GB,False,Low,Low,16180.55,7,2022-06-30
CUST02170,Kathryn White,Individual,,Self-Employed,MX,False,Low,Medium,6628.62,9,2022-11-19
CUST02171,Carlos Johnson,Individual,,Freelancer / Gig Worker,KR,False,Medium,Low,2974.01,9,2023-04-03
CUST02172,Jessica Jensen,Individual,,Business Owner,US,False,Low,Medium,11197.92,22,2022-05-23
CUST02173,James PLC,Business,Cash-Intensive Retail (Car Wash),,SE,False,Medium,Low,62843.83,7,2024-03-23
CUST02174,Veronica Walker,Individual,,Freelancer / Gig Worker,US,False,Low,Medium,7112.03,10,2025-03-29
CUST02175,Jordan Schneider,Individual,,Freelancer / Gig Worker,KH,False,Low,Low,1909.11,4,2024-03-16
CUST02176,Jack Hahn,Individual,,Salaried Employee,UA,False,Low,Medium,4008.55,13,2025-03-04
CUST02177,Flores Inc,Business,Import/Export Trading,,US,False,Medium,Low,43036.7,6,2023-03-01
CUST02178,Anthony Garner,Individual,,Business Owner,US,False,Low,Low,842.44,4,2023-06-03
CUST02179,Douglas Obrien,Individual,,Healthcare Worker,US,False,Low,Medium,6761.83,8,2025-04-13
CUST02180,Travis Cox,Individual,,Student,PK,True,Medium,Medium,4833.21,21,2024-03-16
CUST02181,Michael Vega,Individual,,Freelancer / Gig Worker,LB,False,Medium,Medium,7388.06,17,2022-09-22
CUST02182,Patrick Ward,Individual,,Retired,KR,False,Low,High,15916.98,39,2026-02-12
CUST02183,Cynthia Hill,Individual,,Business Owner,CU,False,Medium,Medium,6932.7,15,2024-11-19
CUST02184,Eaton and Sons,Business,Education Services,,US,False,Low,Low,22099.41,16,2022-08-22
CUST02185,Warren Henson,Individual,,Healthcare Worker,KR,False,Medium,Medium,9933.35,14,2023-03-28
CUST02186,Bush Inc,Business,Import/Export Trading,,US,False,Low,Low,43977.07,8,2022-04-03
CUST02187,"Montgomery, Turner and Wells",Business,Technology / SaaS,,US,False,Low,Low,7457.41,8,2023-05-03
CUST02188,"Le, Williams and Lee",Business,Manufacturing,,CA,False,Low,Low,15717.58,12,2023-10-07
CUST02189,"Hester, Jacobson and West",Business,Cash-Intensive Retail (Convenience Store),,US,True,High,Low,36877.28,10,2022-08-13
CUST02190,Andrea Barnes,Individual,,Student,PK,False,Medium,Low,1605.98,5,2025-11-26
CUST02191,Jackson LLC,Business,Retail - E-commerce,,VE,False,Medium,Medium,43612.49,25,2022-09-18
CUST02192,Williams-Knight,Business,Professional Services (Legal/Accounting),,MM,False,High,Medium,54578.21,22,2023-03-27
CUST02193,Jennifer Cohen,Individual,,Healthcare Worker,SG,False,Medium,Low,2540.97,6,2025-12-26
CUST02194,Martin PLC,Business,Precious Metals Dealer,,US,False,High,High,549767.89,31,2024-11-19
CUST02195,Jeanette Lawson,Individual,,Freelancer / Gig Worker,IN,False,Low,Low,1279.0,4,2023-05-18
CUST02196,Smith PLC,Business,Money Service Business,,US,False,Low,Low,48333.24,8,2023-06-21
CUST02197,"Horton, Suarez and Gibbs",Business,Consulting Services,,US,False,Low,High,497357.23,75,2025-06-29
CUST02198,Michelle Green,Individual,,Self-Employed,US,False,Low,Low,1917.21,8,2023-06-29
CUST02199,Erickson-Arnold,Business,Cash-Intensive Retail (Restaurant),,US,False,Medium,Low,47750.11,11,2023-01-27
CUST02200,Joseph Carter,Individual,,Freelancer / Gig Worker,SY,False,Medium,Low,1882.57,9,2022-11-17
CUST02201,Ho-Nelson,Business,Cash-Intensive Retail (Car Wash),,NL,False,Low,High,642263.73,72,2022-01-21
CUST02202,Danielle Colon,Individual,,Retired,SE,False,Low,High,34438.33,28,2022-08-09
CUST02203,Wong Ltd,Business,Technology / SaaS,,US,False,Low,Low,23696.93,8,2024-10-03
CUST02204,Travis Henson,Individual,,Educator,US,False,Low,Medium,6305.34,15,2023-11-12
CUST02205,"Anderson, Villanueva and Phillips",Business,Retail - E-commerce,,US,False,Medium,High,214722.23,64,2022-02-07
CUST02206,Alexandra Kelly,Individual,,Educator,US,False,Low,Low,1256.48,5,2023-12-30
CUST02207,Scott Inc,Business,Cryptocurrency Exchange,,ZA,False,Medium,Medium,129063.83,31,2022-07-10
CUST02208,Melissa Bautista,Individual,,Educator,CA,False,Low,Medium,2606.55,9,2023-10-22
CUST02209,Madison Pierce,Individual,,Business Owner,CA,False,Medium,Medium,4804.28,20,2025-05-18
CUST02210,Nguyen and Sons,Business,Manufacturing,,ES,False,Low,Low,15077.94,15,2024-12-24
CUST02211,David Barber,Individual,,Freelancer / Gig Worker,SE,False,Low,High,15520.23,21,2024-10-02
CUST02212,John Crawford,Individual,,Salaried Employee,SY,False,High,Low,2107.74,6,2025-07-11
CUST02213,Scott Lopez,Individual,,Retired,CA,False,Low,Low,1481.94,5,2025-10-15
CUST02214,Catherine Campbell,Individual,,Educator,DE,False,Low,Low,845.18,6,2024-04-03
CUST02215,Christopher Long,Individual,,Self-Employed,IN,False,Low,Medium,6570.61,23,2023-03-20
CUST02216,Benjamin Sanchez,Individual,,Self-Employed,KP,False,Medium,Low,1581.97,6,2025-01-15
CUST02217,Ramsey and Sons,Business,Healthcare Services,,US,False,Low,Low,16271.34,9,2021-09-19
CUST02218,Jamie Smith,Individual,,Retired,US,False,Low,Low,2483.94,4,2021-09-25
CUST02219,"Michael, Anderson and Carrillo",Business,Consulting Services,,AU,False,Medium,High,269231.93,74,2023-11-23
CUST02220,Mark Smith,Individual,,Student,US,False,Low,Low,852.02,6,2021-09-12
CUST02221,Daniels LLC,Business,Precious Metals Dealer,,US,False,Medium,Medium,155405.72,17,2022-05-04
CUST02222,Taylor PLC,Business,Real Estate Agency,,IN,False,Low,Medium,26216.99,28,2025-05-25
CUST02223,Parker Group,Business,Healthcare Services,,KR,False,Low,High,224916.07,51,2022-12-07
CUST02224,Brown Ltd,Business,Manufacturing,,US,False,Low,Medium,56100.14,22,2023-11-22
CUST02225,"Stephens, Smith and Williams",Business,Consulting Services,,US,False,Low,High,224937.31,30,2024-02-21
CUST02226,Hunt Group,Business,Professional Services (Legal/Accounting),,US,False,Low,High,249320.57,67,2022-10-28
CUST02227,Barr Inc,Business,Cash-Intensive Retail (Convenience Store),,UA,False,High,Low,51313.97,8,2023-07-19
CUST02228,Cruz-Gomez,Business,Real Estate Agency,,DE,False,Medium,Low,9219.5,5,2024-01-22
CUST02229,Dorsey Ltd,Business,Retail - E-commerce,,US,False,Low,Medium,96482.65,35,2024-11-21
CUST02230,"Henson, Carson and Rodriguez",Business,Cash-Intensive Retail (Convenience Store),,AU,True,High,Medium,218543.01,16,2023-01-22
CUST02231,Walker LLC,Business,Cash-Intensive Retail (Convenience Store),,SG,False,Medium,Medium,123120.44,53,2024-08-28
CUST02232,Gene Ward,Individual,,Government Employee,US,False,Medium,Low,1098.7,6,2022-05-04
CUST02233,Munoz and Sons,Business,Construction,,US,False,Low,Low,12357.83,7,2025-04-06
CUST02234,"Rogers, White and Coleman",Business,Cash-Intensive Retail (Restaurant),,SE,False,Low,Medium,249051.69,23,2024-03-07
CUST02235,"Roth, Bailey and Garcia",Business,Technology / SaaS,,UA,False,Low,Medium,73398.34,22,2025-11-12
CUST02236,Tasha Cochran,Individual,,Salaried Employee,US,False,Low,Low,1948.92,5,2022-04-08
CUST02237,Shannon Spence,Individual,,Salaried Employee,IT,False,Low,Low,2147.23,6,2022-11-12
CUST02238,James Griffith,Individual,,Student,CA,False,Low,Medium,9323.41,16,2025-09-08
CUST02239,Wilson Group,Business,Money Service Business,,ZA,False,Low,Medium,248031.7,30,2023-12-27
CUST02240,Davis and Sons,Business,Technology / SaaS,,US,False,Low,Medium,29912.44,37,2023-03-02
CUST02241,Heather Snyder,Individual,,Salaried Employee,CH,False,Low,Low,1139.49,4,2025-09-17
CUST02242,"Dudley, Guzman and Fields",Business,Retail - E-commerce,,NL,False,Low,Medium,45055.92,18,2022-10-17
CUST02243,Martha Sanchez,Individual,,Business Owner,US,False,Low,Low,2263.68,10,2025-03-06
CUST02244,"Crawford, Ferguson and Patel",Business,Education Services,,GB,False,Low,Low,16339.98,15,2023-07-29
CUST02245,Kevin Fisher,Individual,,Business Owner,TR,False,Medium,Low,1680.9,5,2023-06-26
CUST02246,"Miller, Ward and Harris",Business,Healthcare Services,,US,False,Low,Medium,36831.87,18,2021-10-06
CUST02247,John Anderson,Individual,,Government Employee,MM,False,Medium,Medium,10070.86,10,2022-07-22
CUST02248,Pruitt LLC,Business,Money Service Business,,US,False,Low,High,1178312.16,78,2022-10-20
CUST02249,Charles Castaneda,Individual,,Educator,SE,False,Low,High,33007.81,44,2025-03-14
CUST02250,Ronald Brown,Individual,,Business Owner,US,False,Low,Low,968.33,5,2022-10-16
CUST02251,Hayden Ltd,Business,Retail - E-commerce,,US,False,Low,Medium,39035.67,15,2022-11-01
CUST02252,Quinn-Horton,Business,Cash-Intensive Retail (Car Wash),,US,False,Medium,Low,89287.06,12,2025-03-25
CUST02253,Michael Bates,Individual,,Business Owner,US,False,Medium,Low,1239.69,5,2022-03-31
CUST02254,Monroe-Harrell,Business,Retail - E-commerce,,US,False,Low,High,269875.53,67,2021-11-15
CUST02255,Charles Sanchez,Individual,,Government Employee,US,False,Low,High,27780.79,38,2021-09-21
CUST02256,Robin Hernandez,Individual,,Student,LY,False,Medium,Medium,5342.19,16,2023-03-03
CUST02257,Charles Rose,Individual,,Self-Employed,IN,False,Low,Low,1116.91,4,2024-03-01
CUST02258,Jenkins-Rogers,Business,Education Services,,DE,True,Medium,Low,14974.48,13,2021-09-24
CUST02259,Rodriguez-Brown,Business,Professional Services (Legal/Accounting),,CA,False,Low,High,286585.72,89,2021-11-21
CUST02260,Carrie Martin,Individual,,Self-Employed,NG,False,Low,Medium,3807.53,17,2024-12-27
CUST02261,Frazier-Liu,Business,Real Estate Agency,,US,False,Low,Medium,43564.89,24,2023-10-24
CUST02262,Kathryn Fletcher,Individual,,Salaried Employee,NL,False,Low,Low,1260.82,7,2025-03-22
CUST02263,Nelson Inc,Business,Precious Metals Dealer,,US,False,Medium,Low,28614.6,7,2026-01-20
CUST02264,Trevor Paul,Individual,,Salaried Employee,AU,False,Low,Medium,4416.88,10,2025-01-09
CUST02265,"Brown, Long and Carson",Business,Import/Export Trading,,BR,False,Medium,Medium,154120.25,22,2022-04-10
CUST02266,Julie Edwards,Individual,,Freelancer / Gig Worker,US,False,Low,High,35688.04,37,2025-01-23
CUST02267,Martin-Pratt,Business,Import/Export Trading,,TR,False,High,Low,36858.81,7,2025-03-24
CUST02268,Brian Miller,Individual,,Healthcare Worker,IN,False,Low,Medium,4003.57,9,2024-06-21
CUST02269,Douglas Weaver,Individual,,Self-Employed,CU,False,Medium,Low,1333.75,7,2022-03-04
CUST02270,Harper LLC,Business,Casino / Gaming,,KP,False,Medium,High,619603.51,38,2023-03-20
CUST02271,Margaret Johnson,Individual,,Educator,IR,False,Medium,Medium,4699.36,12,2023-11-28
CUST02272,Kelly Williams,Individual,,Retired,ZA,False,Low,High,15721.62,44,2025-09-25
CUST02273,Ernest Harding,Individual,,Freelancer / Gig Worker,TR,False,Medium,Medium,3757.29,15,2021-09-09
CUST02274,Dr. Tina Porter,Individual,,Salaried Employee,SG,False,Low,High,13185.43,47,2024-04-17
CUST02275,Swanson-Dickson,Business,Professional Services (Legal/Accounting),,US,False,High,High,505936.15,60,2022-06-12
CUST02276,Steven Gordon,Individual,,Business Owner,US,False,Low,Low,1452.43,11,2025-11-21
CUST02277,Brittany Matthews,Individual,,Retired,US,False,Low,High,12385.12,39,2024-11-13
CUST02278,Sean Johnson,Individual,,Government Employee,US,False,Low,Low,1667.02,5,2022-12-27
CUST02279,Fleming Inc,Business,Charity / NPO,,US,False,Medium,Medium,236940.45,29,2022-05-30
CUST02280,"Hall, Lewis and Maldonado",Business,Healthcare Services,,ES,False,Low,Low,9827.54,14,2022-10-25
CUST02281,Candace Stuart,Individual,,Business Owner,US,False,Low,Low,1137.36,6,2026-01-04
CUST02282,Lisa Mills PhD,Individual,,Healthcare Worker,US,False,Low,Low,1378.12,8,2025-06-04
CUST02283,Gina Ward,Individual,,Salaried Employee,HK,False,Low,Medium,12048.38,14,2025-04-13
CUST02284,Micheal Vega,Individual,,Retired,US,True,Medium,Low,1499.26,3,2023-08-26
CUST02285,Leroy Jones,Individual,,Salaried Employee,PA,False,Low,Low,1747.73,5,2022-11-30
CUST02286,"Burton, Jimenez and Ballard",Business,Manufacturing,,UA,False,Low,Medium,133545.46,25,2022-10-31
CUST02287,Emily Dillon,Individual,,Freelancer / Gig Worker,US,False,Medium,Medium,7047.55,16,2022-05-11
CUST02288,Davis-Edwards,Business,Money Service Business,,US,False,Low,High,646648.96,55,2024-02-18
CUST02289,Douglas Cox,Individual,,Business Owner,GB,False,Low,Medium,8155.84,13,2022-05-18
CUST02290,Michael Murray,Individual,,Student,CH,False,Low,Medium,5425.94,17,2025-08-23
CUST02291,Pamela Ramos,Individual,,Freelancer / Gig Worker,KH,False,Low,Low,1814.03,5,2022-10-24
CUST02292,Valerie Freeman,Individual,,Self-Employed,MM,False,High,Low,1749.03,4,2024-09-16
CUST02293,Jennifer Vincent,Individual,,Salaried Employee,IT,False,Low,Low,3278.63,7,2022-09-18
CUST02294,Richardson-Kirk,Business,Import/Export Trading,,ES,False,High,High,858748.24,39,2024-04-14
CUST02295,Miller-Gutierrez,Business,Precious Metals Dealer,,RU,False,Medium,Medium,133641.63,23,2025-06-12
CUST02296,Rich-Esparza,Business,Education Services,,YE,False,High,Low,22114.74,7,2021-12-24
CUST02297,"Madden, Brown and Gibbs",Business,Manufacturing,,US,False,Medium,High,148842.81,43,2021-09-07
CUST02298,Brian Bennett,Individual,,Salaried Employee,KP,False,High,Medium,4264.58,16,2025-01-05
CUST02299,Courtney Sawyer,Individual,,Salaried Employee,NL,False,Low,Low,1046.25,8,2022-05-31
CUST02300,John Nichols,Individual,,Self-Employed,SS,False,Medium,Medium,6948.94,24,2025-07-28
CUST02301,Miller Ltd,Business,Consulting Services,,US,False,Low,Medium,60031.09,14,2022-07-16
CUST02302,Tammy Tate,Individual,,Self-Employed,ES,True,Medium,Medium,6384.61,11,2023-04-25
CUST02303,Murphy-Stewart,Business,Technology / SaaS,,AU,False,Low,Medium,37846.86,20,2025-10-02
CUST02304,Patrick Wilson,Individual,,Business Owner,US,False,Low,High,18432.91,20,2025-06-26
CUST02305,Christopher Harrison,Individual,,Student,SG,False,Low,Medium,3827.62,5,2023-06-08
CUST02306,Carroll-Huerta,Business,Consulting Services,,US,False,Medium,Low,16001.73,12,2024-11-07
CUST02307,Robert Clarke,Individual,,Salaried Employee,AF,False,High,Low,990.09,9,2025-08-23
CUST02308,Daniel Johnson,Individual,,Self-Employed,US,False,Low,Low,2316.12,5,2025-03-19
CUST02309,Mark Miller,Individual,,Government Employee,SE,False,Low,High,18581.37,24,2022-03-17
CUST02310,Brad Russo,Individual,,Government Employee,SS,False,High,High,21478.31,35,2025-06-16
CUST02311,Kelly Caldwell,Individual,,Self-Employed,US,False,Medium,Medium,9082.58,8,2023-10-29
CUST02312,Rivas Inc,Business,Cash-Intensive Retail (Convenience Store),,US,False,Medium,Medium,121197.46,23,2025-04-06
CUST02313,Paul Martin,Individual,,Healthcare Worker,US,False,Low,Low,1436.35,4,2024-08-03
CUST02314,Karen Nichols,Individual,,Self-Employed,NG,False,Low,Low,2198.25,8,2022-12-26
CUST02315,Jessica Gaines,Individual,,Student,US,False,Low,Low,702.61,7,2024-12-05
CUST02316,Hoffman PLC,Business,Manufacturing,,AE,False,Medium,High,166038.21,28,2023-04-22
CUST02317,Sharp PLC,Business,Technology / SaaS,,ZA,False,Low,High,215407.89,39,2022-11-06
CUST02318,Beck-Colon,Business,Precious Metals Dealer,,US,False,Medium,Medium,169291.28,36,2024-04-23
CUST02319,Steven Peck,Individual,,Educator,NG,False,Medium,Medium,9116.29,20,2025-11-12
CUST02320,Wilson-Cordova,Business,Consulting Services,,US,False,Low,Medium,82124.58,24,2025-01-27
CUST02321,Meyer-Smith,Business,Money Service Business,,US,False,Medium,High,932539.46,65,2025-06-13
CUST02322,Shannon Walters,Individual,,Retired,HK,False,Low,Low,1552.8,4,2022-06-12
CUST02323,Patrick Lopez,Individual,,Business Owner,YE,False,Medium,Medium,4095.92,11,2023-01-12
CUST02324,Cindy Clark,Individual,,Student,LY,False,High,Low,2044.02,5,2023-03-30
CUST02325,"Ray, Smith and Cervantes",Business,Professional Services (Legal/Accounting),,SS,False,High,Low,17676.06,9,2021-10-03
CUST02326,Eric Fuentes,Individual,,Business Owner,US,False,Medium,Low,2277.93,4,2022-09-05
CUST02327,Mariah Bryant,Individual,,Student,BR,False,Low,Medium,5331.95,7,2025-02-09
CUST02328,Bell-Daniels,Business,Casino / Gaming,,US,False,Medium,Medium,198779.1,16,2026-01-25
CUST02329,Wilson-Thompson,Business,Import/Export Trading,,SY,False,High,Medium,154992.46,30,2025-04-05
CUST02330,Juan Martin,Individual,,Freelancer / Gig Worker,HK,False,Low,Medium,5072.54,18,2025-04-29
CUST02331,Ryan Barker,Individual,,Educator,IT,False,Low,Low,1538.31,12,2025-05-04
CUST02332,"Campbell, Oliver and Buckley",Business,Technology / SaaS,,PK,False,Medium,Low,17050.1,18,2022-06-18
CUST02333,Renee Garcia DDS,Individual,,Freelancer / Gig Worker,US,False,Low,High,28607.84,18,2025-02-11
CUST02334,Paul Hanson,Individual,,Business Owner,US,False,Low,Low,1310.19,4,2022-06-19
CUST02335,"Wallace, Perkins and Johnson",Business,Cryptocurrency Exchange,,ES,False,Medium,Low,44853.79,9,2024-01-31
CUST02336,Lewis-Frank,Business,Healthcare Services,,NL,False,Low,Low,8565.64,12,2024-11-09
CUST02337,Gonzalez Group,Business,Real Estate Agency,,US,False,Low,High,227863.62,68,2022-09-04
CUST02338,Riley Marshall,Individual,,Freelancer / Gig Worker,IT,False,Medium,Low,1657.67,6,2024-12-25
CUST02339,Ayers and Sons,Business,Cryptocurrency Exchange,,NL,False,Medium,High,1229485.74,89,2025-12-07
CUST02340,Adams-Hopkins,Business,Cash-Intensive Retail (Restaurant),,US,False,Medium,Medium,278018.97,21,2024-03-26
CUST02341,Nunez-Smith,Business,Professional Services (Legal/Accounting),,US,False,Low,Medium,29407.27,22,2025-02-21
CUST02342,Alexander Gibbs,Individual,,Educator,ZA,False,Low,Medium,6415.94,10,2026-01-12
CUST02343,Lindsay Rogers,Individual,,Government Employee,US,False,Low,Medium,9002.34,17,2025-04-11
CUST02344,William Lee,Individual,,Self-Employed,LB,False,Low,Low,1417.91,5,2024-12-17
CUST02345,Solis PLC,Business,Precious Metals Dealer,,CA,False,Medium,Medium,77354.8,21,2025-04-08
CUST02346,Ayers Group,Business,Precious Metals Dealer,,SG,False,Low,Medium,171193.32,21,2023-02-04
CUST02347,Evan Moore,Individual,,Salaried Employee,CH,False,Low,Low,2161.8,6,2023-08-01
CUST02348,Robert Gordon,Individual,,Self-Employed,US,False,Medium,Low,2913.78,2,2024-12-13
CUST02349,Lori Green,Individual,,Student,LB,False,High,Low,1037.02,4,2022-12-21
CUST02350,Christina Davis,Individual,,Healthcare Worker,US,False,Low,Medium,3440.46,9,2025-05-04
CUST02351,Randy Hernandez,Individual,,Self-Employed,JP,False,Low,Low,1470.49,4,2022-04-15
CUST02352,Allison Gross,Individual,,Healthcare Worker,SS,False,High,Low,1624.31,5,2025-06-23
CUST02353,Paula Lopez,Individual,,Educator,ZA,False,Low,Low,1793.97,8,2023-07-03
CUST02354,Joseph Sanchez,Individual,,Salaried Employee,SY,False,Low,Medium,9959.29,13,2024-10-31
CUST02355,Hopkins-Hill,Business,Construction,,US,False,Low,High,197963.38,61,2022-11-03
CUST02356,"Johnson, Mercer and Camacho",Business,Manufacturing,,MX,False,Low,Medium,26821.42,21,2022-07-24
CUST02357,Kyle Rodriguez,Individual,,Government Employee,US,False,Low,Low,1476.87,9,2024-01-08
CUST02358,Kline-Davis,Business,Casino / Gaming,,US,False,Low,Low,27060.6,16,2025-10-27
CUST02359,Susan Clark,Individual,,Self-Employed,US,False,Low,Medium,5847.96,13,2022-06-22
CUST02360,Pope-Gutierrez,Business,Education Services,,US,False,Low,Medium,51789.55,25,2025-10-03
CUST02361,"Jones, Mcdaniel and Brooks",Business,Import/Export Trading,,HK,False,Low,Low,42095.13,8,2024-04-14
CUST02362,Joanne Martin,Individual,,Self-Employed,ZA,False,Low,High,28822.1,31,2024-02-28
CUST02363,Christopher Bradley,Individual,,Student,ES,False,Low,Medium,5306.44,9,2021-11-19
CUST02364,Daugherty LLC,Business,Cash-Intensive Retail (Convenience Store),,KH,False,High,Low,48604.73,13,2025-09-25
CUST02365,Lindsay Smith DDS,Individual,,Salaried Employee,PK,False,Medium,Low,1489.49,4,2023-10-13
CUST02366,Cheryl Johnson,Individual,,Business Owner,IN,False,Low,Medium,9123.03,8,2021-10-24
CUST02367,"Hunt, Hernandez and Camacho",Business,Charity / NPO,,US,False,High,High,1072315.56,27,2022-08-05
CUST02368,Alyssa Taylor,Individual,,Business Owner,US,False,Low,Medium,5949.62,12,2022-04-30
CUST02369,"Holt, Martinez and Hill",Business,Cash-Intensive Retail (Restaurant),,ES,False,Medium,High,1013141.77,64,2023-04-25
CUST02370,Hannah Arnold,Individual,,Freelancer / Gig Worker,HK,False,Low,Medium,5077.1,6,2024-02-14
CUST02371,Robert Graham,Individual,,Self-Employed,SG,False,Low,High,19740.62,40,2025-01-07
CUST02372,Danielle Gonzalez,Individual,,Educator,LB,False,Medium,Low,2348.8,6,2024-01-04
CUST02373,Ashley Mcguire,Individual,,Self-Employed,US,False,Low,Low,2826.45,6,2024-04-08
CUST02374,Daniel Bowen,Individual,,Retired,LB,False,Medium,Low,1642.88,6,2025-04-21
CUST02375,Jessica Burgess,Individual,,Government Employee,CA,False,Medium,Low,1511.59,7,2024-04-30
CUST02376,Lisa Patterson,Individual,,Healthcare Worker,BR,False,Low,Low,1024.06,5,2024-08-14
CUST02377,Hurst-Weiss,Business,Real Estate Agency,,LY,False,High,Medium,57728.94,34,2025-06-10
CUST02378,Andrew Dixon,Individual,,Educator,LB,False,High,Medium,4708.46,9,2025-02-07
CUST02379,Ronald Newman,Individual,,Student,US,False,Low,Low,1523.18,5,2024-08-12
CUST02380,Brian Lamb,Individual,,Government Employee,RU,False,Medium,Low,1913.9,5,2025-04-09
CUST02381,Howard Inc,Business,Precious Metals Dealer,,US,False,Medium,Low,76749.87,8,2023-06-13
CUST02382,"Watson, Thomas and Edwards",Business,Precious Metals Dealer,,HK,False,Medium,Medium,232567.98,27,2021-09-12
CUST02383,Adam Murphy,Individual,,Educator,US,False,Low,Low,1703.88,7,2025-07-29
CUST02384,Erica Hall,Individual,,Salaried Employee,US,False,Low,Medium,7651.28,16,2022-03-07
CUST02385,Campbell-Lewis,Business,Manufacturing,,PH,False,Medium,Medium,76739.57,35,2023-06-20
CUST02386,Donald Franklin,Individual,,Student,BR,False,Low,Low,1891.91,9,2022-04-03
CUST02387,"Stafford, Fisher and Avila",Business,Cash-Intensive Retail (Restaurant),,US,False,High,High,977481.1,83,2024-04-27
CUST02388,Gonzalez-Williams,Business,Real Estate Agency,,US,False,Medium,Medium,47379.9,21,2025-10-26
CUST02389,Dr. Jason Martinez Jr.,Individual,,Healthcare Worker,US,False,Low,Medium,4491.33,14,2024-05-25
CUST02390,"Reyes, Ray and Mitchell",Business,Precious Metals Dealer,,ZA,False,Medium,Medium,175488.51,28,2021-08-28
CUST02391,Diane Skinner,Individual,,Government Employee,US,False,Low,Low,1365.46,6,2025-01-16
CUST02392,Joseph Rose,Individual,,Retired,GB,False,Low,Low,1762.2,7,2024-06-27
CUST02393,Andrea Davis,Individual,,Educator,US,False,Low,Low,1390.82,5,2025-02-23
CUST02394,"Turner, Stewart and Reed",Business,Education Services,,US,False,Low,Low,25785.59,6,2022-04-18
CUST02395,Emily Salazar,Individual,,Educator,US,False,Low,High,24449.46,44,2024-12-18
CUST02396,Horton-Gibson,Business,Manufacturing,,NL,False,Low,Low,20347.68,16,2022-08-26
CUST02397,Teresa Garcia,Individual,,Salaried Employee,UA,False,Low,Low,1596.06,4,2023-07-10
CUST02398,Petersen and Sons,Business,Casino / Gaming,,CU,False,Medium,Medium,265559.4,18,2022-07-06
CUST02399,Shannon Ramsey MD,Individual,,Freelancer / Gig Worker,US,False,High,High,28880.61,31,2022-05-14
CUST02400,Steven Wood,Individual,,Healthcare Worker,US,False,Low,Low,2194.19,5,2021-08-29
CUST02401,Shawna Green,Individual,,Freelancer / Gig Worker,KR,False,Low,Low,1355.75,5,2021-12-25
CUST02402,Travis Jones,Individual,,Retired,US,False,Low,Low,1645.64,5,2024-06-02
CUST02403,"Salazar, Burnett and Nelson",Business,Healthcare Services,,US,False,High,High,227808.68,58,2023-01-25
CUST02404,Lauren Wilson,Individual,,Business Owner,KR,False,Low,Low,1985.44,4,2024-05-02
CUST02405,Mullins Group,Business,Technology / SaaS,,US,False,Low,High,179531.44,37,2025-06-02
CUST02406,"Martinez, Rose and Lane",Business,Retail - E-commerce,,CH,False,Medium,Medium,42945.51,30,2025-10-14
CUST02407,Morris-Simon,Business,Education Services,,US,False,Low,Medium,69019.42,28,2023-07-16
CUST02408,Ralph Dawson,Individual,,Freelancer / Gig Worker,US,False,Medium,Medium,4292.47,14,2024-08-14
CUST02409,"Houston, Sanchez and Holland",Business,Healthcare Services,,US,False,Low,Low,13963.8,10,2023-05-15
CUST02410,"Miller, Bonilla and Brown",Business,Retail - E-commerce,,US,False,Medium,Low,18309.39,8,2021-09-23
CUST02411,"Robinson, Cardenas and Lopez",Business,Cryptocurrency Exchange,,US,False,Low,Medium,324770.05,19,2022-07-04
CUST02412,Robert Gill,Individual,,Educator,CH,False,Low,Low,1169.0,5,2025-12-27
CUST02413,Paige Collins,Individual,,Salaried Employee,AE,False,Medium,Low,1878.94,7,2025-06-24
CUST02414,Sarah Garcia,Individual,,Self-Employed,US,False,Low,Low,1837.09,4,2022-09-22
CUST02415,Rangel Group,Business,Cash-Intensive Retail (Convenience Store),,BR,False,Low,High,1104399.78,79,2025-06-19
CUST02416,Kayla Deleon,Individual,,Freelancer / Gig Worker,SE,False,Low,Low,765.13,5,2023-03-20
CUST02417,Jay Parks,Individual,,Government Employee,US,False,Low,High,18328.18,45,2022-06-27
CUST02418,Murray Inc,Business,Healthcare Services,,CU,False,High,Medium,36161.17,24,2022-07-22
CUST02419,Smith Group,Business,Precious Metals Dealer,,US,False,Medium,Medium,150740.53,24,2023-03-18
CUST02420,John Schmidt,Individual,,Freelancer / Gig Worker,US,False,Low,Medium,5568.64,12,2024-08-11
CUST02421,Timothy Miller,Individual,,Retired,MM,False,Medium,Low,2340.87,6,2025-04-15
CUST02422,Hernandez PLC,Business,Cash-Intensive Retail (Car Wash),,GB,False,High,Low,65205.72,6,2025-04-13
CUST02423,"Cook, Alexander and Wood",Business,Cash-Intensive Retail (Convenience Store),,AU,False,Low,Low,32410.12,6,2022-01-13
CUST02424,Monique Henderson,Individual,,Salaried Employee,IT,False,Low,Low,1061.87,6,2024-02-13
CUST02425,Powell PLC,Business,Cryptocurrency Exchange,,US,False,Medium,Medium,131414.13,23,2023-12-19
CUST02426,Katherine Hamilton,Individual,,Healthcare Worker,LB,False,Medium,Medium,8140.83,16,2022-01-15
CUST02427,"Wright, Rodriguez and Wilson",Business,Casino / Gaming,,VE,False,High,Medium,194212.78,16,2021-12-02
CUST02428,"Adams, Jones and Garcia",Business,Cash-Intensive Retail (Convenience Store),,US,False,Medium,High,452730.64,61,2023-07-18
CUST02429,"Lyons, Sullivan and Long",Business,Money Service Business,,JP,False,Medium,Medium,268130.85,18,2023-06-28
CUST02430,"Holloway, Holt and Simpson",Business,Cash-Intensive Retail (Convenience Store),,TR,False,High,Low,49405.08,12,2023-01-27
CUST02431,Hannah Roberts,Individual,,Retired,SE,False,Medium,Low,1900.92,9,2024-01-25
CUST02432,"Smith, Lopez and Velez",Business,Cash-Intensive Retail (Restaurant),,NL,False,High,Low,28195.62,15,2025-09-03
CUST02433,Sarah Watts,Individual,,Business Owner,US,False,Low,Medium,4336.58,5,2023-01-24
CUST02434,Benjamin Lopez,Individual,,Salaried Employee,US,False,Medium,Medium,11049.87,20,2025-06-28
CUST02435,Adam Wells,Individual,,Government Employee,PH,False,Medium,Low,3576.05,6,2024-06-16
CUST02436,William Ibarra,Individual,,Business Owner,US,False,Low,Medium,5796.86,16,2023-01-26
CUST02437,Sarah Wheeler,Individual,,Freelancer / Gig Worker,ES,False,Low,Low,1920.88,5,2025-08-25
CUST02438,"Smith, Marks and Kennedy",Business,Manufacturing,,IN,False,Low,Medium,43312.02,30,2022-01-01
CUST02439,Bradley LLC,Business,Real Estate Agency,,KH,False,Medium,Medium,34653.26,37,2023-07-24
CUST02440,"Gordon, Fischer and Rowe",Business,Consulting Services,,US,False,Medium,Low,15428.5,10,2022-06-20
CUST02441,Noah Chavez,Individual,,Retired,LY,False,Medium,Medium,4408.81,7,2024-08-07
CUST02442,Dawn Tucker MD,Individual,,Business Owner,US,False,Low,Medium,6586.15,10,2021-09-25
CUST02443,Turner-Cook,Business,Retail - E-commerce,,US,False,Medium,Medium,69419.91,19,2026-01-08
CUST02444,Shannon Barrera,Individual,,Business Owner,YE,False,High,Low,960.06,8,2025-09-26
CUST02445,Michael Chandler,Individual,,Freelancer / Gig Worker,IT,False,Low,Low,658.28,5,2021-10-17
CUST02446,Jason Robinson,Individual,,Healthcare Worker,US,False,Low,Low,1468.83,3,2022-10-28
CUST02447,Jimenez-Sanchez,Business,Consulting Services,,ZA,False,Low,Medium,71718.75,24,2025-04-13
CUST02448,Patrick Lee,Individual,,Educator,US,False,Low,Medium,8304.47,16,2024-10-30
CUST02449,Tracie Wiley,Individual,,Student,US,False,Low,Medium,3550.05,8,2025-06-09
CUST02450,"Thompson, Lozano and Bailey",Business,Charity / NPO,,PH,False,Medium,Medium,245306.77,18,2024-06-07
CUST02451,Jason Mcknight,Individual,,Self-Employed,US,False,Low,Medium,5841.99,15,2024-04-01
CUST02452,Williams PLC,Business,Healthcare Services,,US,True,Medium,Medium,63359.53,20,2024-07-15
CUST02453,Barbara Pope,Individual,,Student,KP,False,Medium,High,28122.14,29,2024-07-27
CUST02454,Rodriguez-Smith,Business,Cryptocurrency Exchange,,SG,False,Medium,Medium,198930.08,25,2022-11-14
CUST02455,Chris Levy,Individual,,Business Owner,GB,False,Low,High,24331.82,34,2023-01-01
CUST02456,Dwayne Marsh,Individual,,Salaried Employee,IT,False,Low,Low,2213.28,6,2021-10-01
CUST02457,Williams-Campbell,Business,Cash-Intensive Retail (Convenience Store),,AF,False,High,High,1334401.71,73,2022-09-01
CUST02458,Eric Jordan,Individual,,Business Owner,PA,False,Medium,Medium,8918.62,13,2021-08-15
CUST02459,King LLC,Business,Money Service Business,,AF,False,High,Low,38932.46,9,2024-01-11
CUST02460,"Ortega, Mack and Moore",Business,Consulting Services,,CU,False,Medium,Medium,49019.31,38,2022-05-08
CUST02461,"Nelson, Ferrell and Gonzalez",Business,Money Service Business,,DE,False,High,Medium,180545.38,23,2022-04-21
CUST02462,Robinson-Kennedy,Business,Cash-Intensive Retail (Restaurant),,US,False,Medium,Low,42768.34,11,2024-08-19
CUST02463,Michael Hughes,Individual,,Self-Employed,FR,True,Low,Low,1726.62,6,2025-01-05
CUST02464,Orozco LLC,Business,Construction,,KR,False,Low,Medium,61056.07,33,2024-04-05
CUST02465,Jeffrey Liu,Individual,,Self-Employed,US,False,Low,Low,1757.11,5,2022-10-20
CUST02466,"Saunders, Wright and Butler",Business,Import/Export Trading,,JP,False,Medium,Medium,264103.43,19,2023-04-25
CUST02467,Torres-Evans,Business,Retail - E-commerce,,UA,False,Medium,Medium,74300.88,36,2025-07-16
CUST02468,"White, Patton and Bass",Business,Education Services,,US,False,Low,Medium,72772.29,16,2022-06-08
CUST02469,Rose Ltd,Business,Consulting Services,,US,False,Low,Low,11342.01,10,2024-04-13
CUST02470,Melinda Howard,Individual,,Government Employee,BR,False,Low,Medium,5587.47,24,2024-08-18
CUST02471,Jason Jenkins,Individual,,Retired,US,False,Low,Low,906.02,4,2021-11-07
CUST02472,"Johnson, Wang and Davis",Business,Construction,,US,True,Low,Medium,69560.34,41,2022-10-24
CUST02473,"Meadows, Buchanan and Carpenter",Business,Money Service Business,,US,False,Medium,Medium,255734.63,23,2024-10-16
CUST02474,Oliver PLC,Business,Retail - E-commerce,,US,False,Low,Medium,68284.94,22,2024-02-11
CUST02475,Ryan Martinez,Individual,,Self-Employed,KH,False,Low,Medium,2507.74,20,2021-09-01
CUST02476,Phillip Holmes,Individual,,Government Employee,US,False,Low,Medium,8402.56,10,2022-01-29
CUST02477,Devin Andersen,Individual,,Student,US,False,Low,Low,1900.02,5,2022-07-12
CUST02478,Wheeler-Short,Business,Casino / Gaming,,DE,False,High,Medium,114105.88,23,2025-09-17
CUST02479,Sharon Martinez,Individual,,Government Employee,LY,False,High,Low,1501.29,5,2025-12-18
CUST02480,Amy Harris,Individual,,Student,NL,False,Low,High,15198.24,29,2022-11-04
CUST02481,"Yang, Simpson and Walker",Business,Charity / NPO,,ES,False,Medium,Medium,136526.11,51,2022-12-07
CUST02482,Eric Hays,Individual,,Salaried Employee,LY,False,High,High,22981.53,32,2021-09-03
CUST02483,Loretta Gonzalez,Individual,,Educator,AE,False,Medium,Medium,5034.37,15,2022-03-10
CUST02484,Larry Martinez,Individual,,Retired,CH,False,Low,Low,2214.05,8,2022-06-10
CUST02485,Harris Group,Business,Casino / Gaming,,US,False,Low,Medium,158106.35,16,2021-10-29
CUST02486,"Wallace, Brown and Martinez",Business,Casino / Gaming,,MX,False,Low,Medium,143782.87,42,2025-01-21
CUST02487,Mr. David Abbott,Individual,,Educator,ES,True,Medium,Medium,5240.61,19,2023-10-31
CUST02488,Melanie Villarreal,Individual,,Government Employee,AU,False,Medium,Medium,5169.45,21,2022-08-31
CUST02489,Thomas-Smith,Business,Healthcare Services,,US,False,Low,Low,14331.95,15,2022-10-28
CUST02490,Mary Jackson,Individual,,Healthcare Worker,JP,False,Medium,Low,1148.72,5,2023-04-28
CUST02491,Castillo-Roberts,Business,Precious Metals Dealer,,US,False,Medium,Medium,196268.15,23,2022-06-20
CUST02492,Katherine Contreras,Individual,,Student,RU,False,Low,Low,1467.36,6,2024-12-11
CUST02493,Robert Marshall,Individual,,Educator,US,False,Low,Medium,3008.96,21,2025-03-25
CUST02494,Drew Wilson,Individual,,Retired,KR,False,Low,Medium,8759.42,9,2024-12-05
CUST02495,Carpenter Inc,Business,Education Services,,MX,False,Low,High,234866.29,115,2025-05-25
CUST02496,Terry Estes,Individual,,Self-Employed,US,False,Low,Low,1187.69,2,2025-08-06
CUST02497,"Ellis, Smith and Moore",Business,Casino / Gaming,,RU,False,Medium,Medium,238321.17,11,2025-11-16
CUST02498,"Clark, Orr and Warren",Business,Retail - E-commerce,,ZA,False,Low,High,227278.45,45,2025-12-24
CUST02499,Matthew Bell,Individual,,Retired,KR,False,Low,Low,1562.42,7,2024-07-03
CUST02500,Scott Taylor,Individual,,Freelancer / Gig Worker,US,False,Low,Low,1467.37,3,2024-03-12
CUST02501,Andrea Franco,Individual,,Educator,US,False,Low,High,26454.51,16,2025-09-24
CUST02502,John Hopkins,Individual,,Government Employee,US,False,Medium,Medium,6663.31,12,2025-12-06
CUST02503,"Fox, Anderson and Nguyen",Business,Education Services,,US,False,Low,Low,17263.63,16,2024-07-30
CUST02504,Sandra Jones,Individual,,Self-Employed,NL,False,Medium,Medium,6773.97,13,2021-11-13
CUST02505,"Moore, Davis and Rodriguez",Business,Precious Metals Dealer,,JP,False,Medium,Medium,137147.72,27,2025-09-02
CUST02506,David Ingram,Individual,,Freelancer / Gig Worker,ZA,False,Low,Low,748.18,8,2023-08-19
CUST02507,Spencer Chandler,Individual,,Retired,US,False,Low,Low,1632.03,3,2024-11-19
CUST02508,Jennifer Brown,Individual,,Retired,KR,False,Low,Low,1234.2,5,2023-10-01
CUST02509,Ryan Jones,Individual,,Student,AU,False,Low,Low,1817.09,4,2024-10-19
CUST02510,"Welch, Johnson and Thompson",Business,Consulting Services,,US,False,Low,Medium,54416.36,18,2022-07-14
CUST02511,Jamie Zhang,Individual,,Retired,SG,False,Low,Low,1463.93,5,2023-04-26
CUST02512,King Group,Business,Technology / SaaS,,KH,False,High,Medium,68357.59,37,2024-01-19
CUST02513,Patrick Hamilton,Individual,,Freelancer / Gig Worker,US,False,Low,Low,1040.06,5,2026-02-11
CUST02514,Cheryl Perkins,Individual,,Retired,US,False,Low,High,15230.84,25,2022-06-08
CUST02515,Robert Barry,Individual,,Educator,US,False,Low,Medium,3664.14,23,2024-09-04
CUST02516,Carroll-Lin,Business,Money Service Business,,US,False,Low,Low,28585.36,4,2024-07-07
CUST02517,Fleming Ltd,Business,Construction,,ZA,False,Low,Low,16533.57,11,2026-02-09
CUST02518,Lee-Clark,Business,Construction,,CH,False,Low,Medium,55985.47,20,2025-08-24
CUST02519,"Bell, Montgomery and Hansen",Business,Precious Metals Dealer,,ES,False,Medium,Medium,207184.28,31,2022-10-16
CUST02520,Jessica Garrett,Individual,,Student,US,False,Low,High,20186.79,24,2022-03-22
CUST02521,"Miller, Patton and Evans",Business,Cash-Intensive Retail (Restaurant),,IN,False,Low,Low,45924.65,10,2022-08-15
CUST02522,Hall-Guzman,Business,Cash-Intensive Retail (Car Wash),,NL,False,Low,Medium,144746.66,22,2024-06-07
CUST02523,Walker LLC,Business,Retail - E-commerce,,NG,False,Medium,Low,18983.0,10,2023-10-04
CUST02524,Warner-Jones,Business,Cash-Intensive Retail (Convenience Store),,US,False,Low,Low,46281.31,9,2022-12-17
CUST02525,Jones-Johnston,Business,Charity / NPO,,DE,False,Medium,Low,35572.98,14,2026-01-08
CUST02526,"Porter, Ross and Brown",Business,Money Service Business,,DE,False,Low,Medium,162421.13,19,2022-07-24
CUST02527,Taylor Mercer,Individual,,Salaried Employee,KH,False,Medium,Medium,7269.95,7,2021-11-15
CUST02528,Jason Gonzalez,Individual,,Business Owner,BR,False,Low,Low,1709.22,3,2022-02-14
CUST02529,Harris Ltd,Business,Charity / NPO,,CH,False,Medium,Medium,340610.72,57,2024-06-03
CUST02530,Mary Johns,Individual,,Student,HK,False,Low,Low,2160.96,4,2023-08-16
CUST02531,Jones-Gould,Business,Import/Export Trading,,US,False,Medium,Medium,114175.96,21,2021-12-01
CUST02532,Benjamin Butler,Individual,,Self-Employed,TR,False,Medium,Low,2413.74,4,2022-04-21
CUST02533,"Mendoza, Anderson and Cummings",Business,Casino / Gaming,,US,False,Medium,Medium,221958.78,34,2022-07-03
CUST02534,Jordan Santos,Individual,,Healthcare Worker,VE,False,High,Low,913.29,3,2025-04-15
CUST02535,Richard Walter,Individual,,Freelancer / Gig Worker,US,False,Low,Medium,6208.82,9,2023-07-22
CUST02536,Anthony Ayala,Individual,,Healthcare Worker,US,False,Low,Low,2292.22,7,2023-04-15
CUST02537,"Franklin, Gray and Sutton",Business,Retail - E-commerce,,US,False,Low,Medium,109739.14,19,2021-10-09
CUST02538,Amy Cannon,Individual,,Business Owner,IN,False,Low,Low,1348.26,4,2022-09-07
CUST02539,Jeffery Taylor,Individual,,Student,CA,False,Low,Medium,8595.21,14,2025-05-05
CUST02540,Luis Berger,Individual,,Student,FR,False,Low,Low,1173.05,7,2024-08-10
CUST02541,Jeffrey Brown,Individual,,Freelancer / Gig Worker,US,False,Low,Low,1731.58,4,2023-08-04
CUST02542,Chapman and Sons,Business,Money Service Business,,PA,False,High,High,989926.67,59,2025-02-17
CUST02543,"Goodwin, Morton and Herrera",Business,Import/Export Trading,,MX,False,Medium,Medium,182062.06,23,2022-01-03
CUST02544,Marks and Sons,Business,Cash-Intensive Retail (Restaurant),,US,False,High,High,427952.22,43,2022-02-06
CUST02545,Cameron White,Individual,,Student,US,False,Low,Medium,5579.36,11,2021-12-27
CUST02546,Lance Zamora,Individual,,Business Owner,US,False,Low,Low,1328.09,6,2024-02-08
CUST02547,Obrien Group,Business,Consulting Services,,KH,False,Low,Low,12481.27,16,2022-08-29
CUST02548,Angela Mays,Individual,,Healthcare Worker,US,False,Medium,High,20141.13,21,2023-05-15
CUST02549,Nicholas Kelly DVM,Individual,,Business Owner,IN,False,Low,High,22619.69,50,2023-06-29
CUST02550,Eric Richardson,Individual,,Business Owner,US,False,Medium,Low,1445.34,6,2024-02-09
CUST02551,"Sanchez, Orozco and Flores",Business,Cash-Intensive Retail (Convenience Store),,US,False,Medium,Medium,177334.77,24,2025-11-25
CUST02552,Brown Group,Business,Real Estate Agency,,ZA,False,Medium,High,395286.82,40,2025-10-02
CUST02553,Dalton Taylor,Individual,,Business Owner,KH,False,Medium,Low,1348.4,6,2026-01-18
CUST02554,Torres PLC,Business,Real Estate Agency,,JP,True,Low,Medium,73359.13,25,2023-05-30
CUST02555,Nathaniel French,Individual,,Educator,US,False,Medium,Low,1563.64,4,2021-12-03
CUST02556,Hale Ltd,Business,Cash-Intensive Retail (Restaurant),,SE,False,Medium,High,875390.34,94,2025-06-23
CUST02557,Alison Huff,Individual,,Freelancer / Gig Worker,US,False,Low,Low,1236.33,8,2023-12-01
CUST02558,Chapman-Evans,Business,Cash-Intensive Retail (Car Wash),,US,False,Medium,High,473017.98,85,2022-05-03
CUST02559,Ramirez PLC,Business,Real Estate Agency,,US,False,Low,Low,23767.52,11,2024-11-18
CUST02560,Scott Cruz Jr.,Individual,,Business Owner,FR,False,Medium,Low,1497.25,6,2023-05-15
CUST02561,Lopez-Jordan,Business,Real Estate Agency,,US,False,Low,High,345085.49,63,2022-01-23
CUST02562,"Torres, Weaver and Bailey",Business,Precious Metals Dealer,,SG,False,Medium,Medium,160907.03,33,2021-11-02
CUST02563,Nicole Rogers,Individual,,Business Owner,US,False,Low,Low,2052.66,7,2023-11-07
CUST02564,"Robinson, Johnson and Swanson",Business,Education Services,,PA,False,Low,High,220532.61,97,2025-04-23
CUST02565,Patton-Mcfarland,Business,Cryptocurrency Exchange,,US,False,High,Low,66380.21,11,2022-02-07
CUST02566,Kristen Farley,Individual,,Student,US,False,Low,Low,977.63,7,2024-01-23
CUST02567,"Ford, Armstrong and Carroll",Business,Retail - E-commerce,,ZA,False,Medium,Medium,71956.8,22,2026-01-12
CUST02568,Tyler Mcdonald,Individual,,Government Employee,US,False,Low,Medium,5883.0,10,2023-08-24
CUST02569,Adrian Marsh,Individual,,Student,US,False,Low,Low,1273.36,6,2023-12-14
CUST02570,David Daniels,Individual,,Educator,IR,False,Medium,Low,1653.66,9,2024-06-27
CUST02571,Amanda Hill,Individual,,Educator,CA,False,Low,High,25086.54,43,2023-11-26
CUST02572,Rachel Patrick,Individual,,Salaried Employee,US,False,Low,Low,923.04,4,2021-09-21
CUST02573,Keith Morris,Individual,,Healthcare Worker,US,False,Low,Low,1818.57,5,2023-11-13
CUST02574,Wallace Inc,Business,Consulting Services,,US,False,Low,Low,20760.49,14,2025-05-11
CUST02575,Andrew Howard,Individual,,Retired,US,False,Low,Low,1435.89,4,2023-06-21
CUST02576,Brown-Mcmillan,Business,Casino / Gaming,,US,False,Low,High,525458.8,111,2023-12-20
CUST02577,"Arnold, Ashley and Alexander",Business,Manufacturing,,CU,False,Medium,Medium,120877.11,19,2023-10-24
CUST02578,Green-Simpson,Business,Healthcare Services,,US,False,Low,High,370747.71,76,2023-07-21
CUST02579,"Thompson, Pitts and Douglas",Business,Cash-Intensive Retail (Convenience Store),,US,False,High,Medium,136050.64,20,2023-08-06
CUST02580,Pena and Sons,Business,Healthcare Services,,US,False,Medium,Medium,66108.17,30,2025-12-05
CUST02581,Lauren Williams,Individual,,Government Employee,ZA,False,Low,Low,1460.93,6,2023-07-23
CUST02582,Lynn LLC,Business,Precious Metals Dealer,,SG,False,Medium,Medium,229370.54,20,2023-10-22
CUST02583,Ryan Atkinson,Individual,,Retired,IT,False,Low,Low,1279.51,4,2021-12-30
CUST02584,"Young, Rodriguez and Hunter",Business,Casino / Gaming,,KH,False,Medium,Medium,216885.46,23,2022-07-31
CUST02585,Cynthia Nguyen,Individual,,Government Employee,US,False,Low,Low,1307.92,5,2024-10-10
CUST02586,Melanie Jones,Individual,,Retired,NL,False,Medium,Medium,7203.87,14,2025-03-31
CUST02587,Briana Nguyen,Individual,,Freelancer / Gig Worker,SS,False,Medium,Medium,3084.34,16,2024-09-06
CUST02588,Jason Pearson,Individual,,Student,NG,True,High,Low,939.07,6,2025-08-15
CUST02589,Howell-Martin,Business,Professional Services (Legal/Accounting),,CH,False,Low,Medium,40812.57,27,2021-12-30
CUST02590,Chris Garza,Individual,,Salaried Employee,NG,False,Medium,Low,1420.54,5,2022-07-10
CUST02591,"Lewis, Edwards and Baldwin",Business,Retail - E-commerce,,SG,False,Low,Low,11921.49,7,2025-12-09
CUST02592,"Marquez, Case and Gray",Business,Cash-Intensive Retail (Convenience Store),,US,False,Medium,Medium,238234.52,29,2021-11-23
CUST02593,"Barber, James and Cuevas",Business,Technology / SaaS,,MX,False,Low,Medium,60582.51,20,2022-04-14
CUST02594,Tina Gay,Individual,,Freelancer / Gig Worker,US,False,High,Low,1612.04,9,2025-11-25
CUST02595,Miss Morgan Ryan MD,Individual,,Retired,US,False,Low,Low,868.59,4,2026-02-08
CUST02596,Lawson Ltd,Business,Cash-Intensive Retail (Restaurant),,HK,False,Medium,Medium,119879.61,26,2026-01-29
CUST02597,"Alexander, Adams and Huff",Business,Charity / NPO,,US,False,High,Medium,348512.17,22,2024-02-10
CUST02598,Erin Lloyd,Individual,,Student,AU,False,Low,Medium,5939.41,10,2024-09-11
CUST02599,Ethan Compton,Individual,,Freelancer / Gig Worker,US,False,Low,Low,1360.44,3,2023-09-01
CUST02600,Tyler Ortiz,Individual,,Retired,US,False,Low,Low,2104.04,7,2022-04-18
CUST02601,Castro-Jones,Business,Cash-Intensive Retail (Restaurant),,SE,True,High,Medium,282881.99,22,2024-09-12
CUST02602,Lisa Cole,Individual,,Educator,AU,False,Low,Low,2530.36,4,2025-03-07
CUST02603,Hudson and Sons,Business,Cash-Intensive Retail (Restaurant),,US,False,Low,Medium,275300.31,30,2023-09-14
CUST02604,Craig-Wade,Business,Charity / NPO,,US,False,Medium,Low,51543.1,8,2023-10-31
CUST02605,Gloria Wilson,Individual,,Educator,PK,False,Low,Low,1745.9,4,2025-02-03
CUST02606,Wagner-Hernandez,Business,Charity / NPO,,HK,False,Low,Low,24129.46,5,2025-10-27
CUST02607,Patricia Yoder,Individual,,Educator,US,False,Low,Medium,5516.53,13,2025-06-24
CUST02608,Jackson Group,Business,Consulting Services,,US,False,Low,Medium,87205.26,32,2023-11-10
CUST02609,Michelle Harrison,Individual,,Salaried Employee,UA,False,Medium,Low,1088.18,6,2022-06-23
CUST02610,Andrew Reynolds,Individual,,Salaried Employee,US,False,Low,Medium,5538.53,11,2023-01-14
CUST02611,Brandi Camacho DVM,Individual,,Government Employee,ES,False,Low,Low,1916.57,8,2025-03-18
CUST02612,James Hawkins,Individual,,Government Employee,MM,False,High,High,14838.66,18,2024-02-11
CUST02613,Steven Villanueva,Individual,,Salaried Employee,US,False,Low,Medium,17116.71,24,2022-07-14
CUST02614,"Williams, Rodgers and Kelly",Business,Education Services,,JP,False,Medium,Low,16630.59,10,2025-06-08
CUST02615,Lynn Yang,Individual,,Freelancer / Gig Worker,US,False,Low,High,15693.56,25,2025-04-28
CUST02616,John Taylor,Individual,,Freelancer / Gig Worker,US,False,Medium,High,21495.38,29,2023-03-06
CUST02617,"Cannon, Hendricks and Zuniga",Business,Technology / SaaS,,US,False,Low,High,155741.87,38,2022-05-01
CUST02618,Huang PLC,Business,Cryptocurrency Exchange,,US,False,High,Low,35419.63,7,2024-10-06
CUST02619,"Banks, Gray and Gonzales",Business,Casino / Gaming,,US,False,Low,Medium,119112.52,24,2025-12-11
CUST02620,"Chapman, Duffy and Davis",Business,Professional Services (Legal/Accounting),,US,False,Medium,High,434553.42,49,2024-02-23
CUST02621,Peterson-Elliott,Business,Consulting Services,,ZA,False,Low,Medium,40468.72,28,2026-01-31
CUST02622,Sarah Simmons,Individual,,Retired,LB,False,Medium,Low,960.15,6,2024-05-12
CUST02623,Flores-White,Business,Consulting Services,,US,False,Low,High,333055.46,74,2022-11-01
CUST02624,Tony Khan,Individual,,Educator,IT,False,Low,Medium,5262.35,24,2023-05-30
CUST02625,Stone-Andrews,Business,Cryptocurrency Exchange,,ES,False,Low,Low,43265.48,9,2024-04-16
CUST02626,Reed and Sons,Business,Cash-Intensive Retail (Convenience Store),,NL,False,Low,Medium,156833.3,21,2022-08-17
CUST02627,John Walker,Individual,,Government Employee,US,False,Low,Medium,6503.3,13,2023-01-22
CUST02628,Thomas Zhang,Individual,,Student,ZA,False,Low,Low,2239.68,3,2022-07-09
CUST02629,Mary Thomas,Individual,,Freelancer / Gig Worker,UA,False,High,Medium,6902.76,16,2023-05-18
CUST02630,Katie Jackson,Individual,,Business Owner,US,False,Low,Low,1579.07,7,2021-12-15
CUST02631,"Medina, Lee and Freeman",Business,Money Service Business,,US,False,High,Low,101658.52,12,2021-11-02
CUST02632,Douglas Gould,Individual,,Retired,US,False,Low,Low,831.96,9,2025-03-31
CUST02633,"Wallace, Martinez and Chavez",Business,Consulting Services,,VE,False,High,Low,19150.59,12,2022-07-20
CUST02634,"Mccarthy, Kirk and Wallace",Business,Manufacturing,,US,False,Low,Medium,80289.46,43,2025-04-18
CUST02635,Baker-Lin,Business,Import/Export Trading,,US,False,Medium,Medium,291687.87,40,2023-12-27
CUST02636,Audrey Gomez,Individual,,Educator,US,False,Low,Low,1939.11,4,2022-04-16
CUST02637,"Mcguire, Luna and Murphy",Business,Technology / SaaS,,US,False,Low,Medium,56657.62,26,2025-12-06
CUST02638,Jesse Moss,Individual,,Business Owner,NL,False,Low,Medium,4159.27,23,2022-04-01
CUST02639,Emily Middleton,Individual,,Retired,US,False,Low,Low,1533.84,4,2025-04-21
CUST02640,Michael Boyd,Individual,,Student,KP,False,Medium,Low,1694.09,4,2023-03-28
CUST02641,Mary Rich,Individual,,Student,MX,False,Low,Low,1452.95,12,2021-12-02
CUST02642,Lori Sanchez,Individual,,Government Employee,PA,False,High,High,16205.46,37,2024-10-25
CUST02643,Connie Gonzalez,Individual,,Government Employee,SG,False,Low,Low,883.04,6,2025-08-13
CUST02644,Washington and Sons,Business,Cryptocurrency Exchange,,US,False,Low,Medium,165144.28,38,2025-11-04
CUST02645,Craig Liu,Individual,,Retired,UA,False,Medium,Low,1897.07,3,2026-01-04
CUST02646,Nicole Smith,Individual,,Government Employee,US,False,Low,Medium,8053.08,11,2022-03-10
CUST02647,Logan Mckinney Jr.,Individual,,Salaried Employee,CH,False,Low,Medium,6558.39,8,2023-11-09
CUST02648,"James, Silva and Little",Business,Precious Metals Dealer,,US,False,Medium,High,572126.53,47,2025-09-26
CUST02649,"Sandoval, White and Evans",Business,Technology / SaaS,,NL,False,Low,Medium,53266.28,20,2023-08-04
CUST02650,Mary Henry,Individual,,Healthcare Worker,US,False,Low,Low,1648.76,4,2024-12-14
CUST02651,"Howard, Castillo and Davis",Business,Consulting Services,,US,False,Low,Low,13921.95,15,2022-07-29
CUST02652,Stephanie Gallagher,Individual,,Educator,US,False,Low,Medium,7993.39,11,2025-03-09
CUST02653,Erika Bates,Individual,,Healthcare Worker,US,False,Low,Low,929.99,6,2022-08-08
CUST02654,Tyler Guerrero,Individual,,Retired,VE,False,High,Low,1955.67,6,2024-07-28
CUST02655,Michele Ayala,Individual,,Freelancer / Gig Worker,US,False,Low,Medium,6542.41,16,2025-09-24
CUST02656,Sharon Burke,Individual,,Salaried Employee,NL,False,Low,Low,1589.85,5,2023-08-13
CUST02657,Derek Lewis,Individual,,Healthcare Worker,IN,False,Low,Medium,6450.83,14,2025-02-04
CUST02658,Raymond Green,Individual,,Self-Employed,US,False,Medium,Medium,7286.12,11,2024-04-26
CUST02659,Robert Coleman,Individual,,Freelancer / Gig Worker,US,False,Low,Low,1257.69,5,2023-11-01
CUST02660,Debra Chandler,Individual,,Business Owner,US,False,Medium,Low,2443.06,4,2024-07-04
CUST02661,Amber West,Individual,,Salaried Employee,US,False,Low,Low,1136.03,5,2023-07-02
CUST02662,"Hutchinson, Herrera and Chan",Business,Cash-Intensive Retail (Car Wash),,US,False,Low,Medium,111605.21,38,2022-07-22
CUST02663,"Bishop, Anderson and Fernandez",Business,Money Service Business,,US,False,Medium,Medium,196663.04,24,2021-10-18
CUST02664,Ann Bush,Individual,,Healthcare Worker,US,False,Low,Low,2044.68,5,2024-08-13
CUST02665,Kristen Pena,Individual,,Government Employee,US,False,Medium,Low,1963.61,8,2026-01-11
CUST02666,Joseph Galloway,Individual,,Educator,JP,False,Low,Low,1399.43,7,2024-12-24
CUST02667,"Perez, Solis and Lozano",Business,Construction,,IT,False,Low,Low,18246.0,14,2024-06-08
CUST02668,Juan Wright,Individual,,Business Owner,US,False,Low,High,20276.66,41,2021-09-25
CUST02669,Alejandro Bentley,Individual,,Business Owner,NL,False,Low,High,10924.64,42,2022-06-28
CUST02670,Raven Williams,Individual,,Self-Employed,US,False,Low,Low,1714.0,6,2024-01-10
CUST02671,Johnson-Welch,Business,Technology / SaaS,,LB,False,Medium,High,367615.83,66,2023-09-21
CUST02672,Nelson Inc,Business,Manufacturing,,NG,False,Medium,High,272124.01,61,2024-10-30
CUST02673,"Morales, Cardenas and Mcdowell",Business,Consulting Services,,US,False,Low,Medium,52917.22,18,2022-05-04
CUST02674,Jonathan Warner,Individual,,Government Employee,UA,False,Medium,Low,1055.04,3,2025-02-24
CUST02675,Patrick Weaver,Individual,,Healthcare Worker,US,False,Low,Medium,7336.15,11,2022-11-28
CUST02676,Kevin Myers,Individual,,Retired,US,False,Medium,Medium,9136.36,23,2024-04-09
CUST02677,Jessica Paul,Individual,,Healthcare Worker,KP,False,High,Medium,3003.53,10,2024-03-09
CUST02678,Stevens-Garcia,Business,Import/Export Trading,,PH,False,High,Low,60680.19,15,2025-08-17
CUST02679,Carter-Davis,Business,Precious Metals Dealer,,US,False,Medium,Low,52894.23,11,2025-01-27
CUST02680,Karen Velez,Individual,,Freelancer / Gig Worker,JP,False,Low,Low,1954.18,4,2025-12-04
CUST02681,Alan Crawford,Individual,,Healthcare Worker,IN,False,Low,Low,978.62,7,2024-12-19
CUST02682,Farmer-Klein,Business,Technology / SaaS,,ES,False,Low,High,188108.59,74,2025-06-19
CUST02683,Lane Inc,Business,Precious Metals Dealer,,US,False,Medium,Medium,206702.3,31,2024-12-30
CUST02684,West Group,Business,Manufacturing,,US,False,Low,High,236938.18,41,2022-07-18
CUST02685,Evelyn Pacheco,Individual,,Self-Employed,AE,False,Medium,Low,1089.04,3,2022-04-30
CUST02686,Hoffman and Sons,Business,Healthcare Services,,US,False,Low,Medium,63533.57,28,2025-10-13
CUST02687,"Wright, Thomas and Jensen",Business,Casino / Gaming,,PK,False,Medium,Low,57922.43,11,2025-08-24
CUST02688,"Sharp, Knight and Hall",Business,Healthcare Services,,US,False,Medium,Medium,43019.76,24,2025-10-24
CUST02689,Jenkins-Yang,Business,Manufacturing,,US,False,Medium,Low,6184.55,10,2022-11-24
CUST02690,Michael George,Individual,,Retired,US,False,Low,Medium,3975.93,18,2021-08-31
CUST02691,Daniel Hart,Individual,,Government Employee,US,False,Low,High,17629.46,32,2025-10-10
CUST02692,"Porter, Chung and Young",Business,Cash-Intensive Retail (Car Wash),,US,True,High,Medium,221459.17,19,2025-07-17
CUST02693,"Webb, Peters and Singh",Business,Cryptocurrency Exchange,,MX,False,High,High,900154.36,62,2022-04-24
CUST02694,Jessica Jones,Individual,,Healthcare Worker,LB,False,Low,Low,1280.54,4,2022-09-13
CUST02695,Carla Goodman,Individual,,Government Employee,DE,False,Low,Low,949.8,5,2023-01-12
CUST02696,Sergio Wilson,Individual,,Government Employee,US,False,Low,Low,1451.53,6,2025-03-23
CUST02697,Mark Warren Jr.,Individual,,Healthcare Worker,FR,False,Low,Low,1443.5,9,2025-03-05
CUST02698,Edward Graham,Individual,,Educator,US,False,Low,High,32084.44,28,2024-02-14
CUST02699,"Weeks, Rhodes and Mills",Business,Healthcare Services,,IN,False,Low,Low,12170.54,12,2024-10-11
CUST02700,"Santos, Thomas and Mills",Business,Technology / SaaS,,BR,False,Low,Medium,129284.42,30,2023-05-11
CUST02701,Tiffany Watson,Individual,,Retired,YE,False,High,Medium,5728.45,10,2023-10-03
CUST02702,Daniel Rivera,Individual,,Salaried Employee,TR,False,Low,Medium,6902.17,13,2022-10-08
CUST02703,Warren Group,Business,Education Services,,US,False,Low,Low,22242.7,8,2021-09-13
CUST02704,Christopher Ruiz,Individual,,Freelancer / Gig Worker,GB,False,Low,Medium,4587.68,16,2021-08-31
CUST02705,Cody Benson,Individual,,Educator,AE,False,Low,Medium,5290.88,13,2025-07-08
CUST02706,Antonio Harrison,Individual,,Educator,MX,False,Low,Low,1061.92,7,2022-12-13
CUST02707,Mark Ware,Individual,,Business Owner,PA,False,Medium,Low,1580.27,6,2024-07-20
CUST02708,Tanya Hill,Individual,,Healthcare Worker,SS,False,High,High,21025.44,29,2025-03-30
CUST02709,Elizabeth Weber,Individual,,Freelancer / Gig Worker,NL,False,Low,Medium,3634.87,18,2025-01-17
CUST02710,Kristina May,Individual,,Government Employee,US,False,Low,Low,1821.88,8,2023-05-05
CUST02711,Watkins Inc,Business,Consulting Services,,SG,False,Low,Low,11366.89,15,2023-06-17
CUST02712,Dennis Garcia,Individual,,Salaried Employee,TR,False,Low,Low,728.95,5,2026-01-22
CUST02713,Pamela Rivera,Individual,,Self-Employed,CA,False,Low,Medium,7098.24,7,2023-12-23
CUST02714,Nancy Gilbert,Individual,,Educator,US,False,Low,Low,1192.35,5,2025-08-23
CUST02715,Jackson and Sons,Business,Cash-Intensive Retail (Convenience Store),,LB,False,Medium,High,686065.0,59,2023-06-17
CUST02716,Noble PLC,Business,Precious Metals Dealer,,US,False,Low,Medium,200538.23,18,2022-11-12
CUST02717,Martin Inc,Business,Consulting Services,,US,False,Low,High,377211.16,64,2024-05-14
CUST02718,Huang Inc,Business,Manufacturing,,US,False,Low,High,334632.16,60,2022-10-13
CUST02719,"Aguirre, Coleman and Ruiz",Business,Real Estate Agency,,CH,False,Low,Medium,84474.12,24,2024-03-11
CUST02720,"Wolf, Allen and Long",Business,Construction,,VE,False,High,High,130295.1,41,2024-11-23
CUST02721,Heather Roberson,Individual,,Government Employee,US,False,Low,Medium,8960.64,15,2024-04-24
CUST02722,Sophia Wilkinson,Individual,,Government Employee,US,False,Low,Medium,6169.01,11,2023-01-12
CUST02723,"Bass, Dawson and Larsen",Business,Import/Export Trading,,US,False,Low,High,454186.14,100,2025-05-17
CUST02724,Neal-King,Business,Cryptocurrency Exchange,,US,False,Medium,Medium,228592.8,21,2022-08-22
CUST02725,"Yoder, Pearson and Thompson",Business,Technology / SaaS,,SG,False,Low,Medium,95852.88,31,2024-09-23
CUST02726,Patricia Reed,Individual,,Self-Employed,GB,False,Low,Low,3185.41,6,2025-03-23
CUST02727,Justin Cuevas,Individual,,Educator,US,False,Low,Low,1822.2,6,2023-03-30
CUST02728,Brooks-Fitzpatrick,Business,Healthcare Services,,CH,False,Medium,Medium,69841.29,21,2021-09-16
CUST02729,Ramos PLC,Business,Manufacturing,,ES,False,Low,Low,18646.34,14,2023-04-11
CUST02730,Willis LLC,Business,Cash-Intensive Retail (Convenience Store),,US,False,Low,Medium,123719.54,20,2022-06-02
CUST02731,Moon-Shaw,Business,Healthcare Services,,US,False,Medium,High,299310.03,44,2021-09-23
CUST02732,Amanda Hill,Individual,,Student,SY,False,High,Medium,4869.29,16,2025-09-09
CUST02733,Williams-Dominguez,Business,Precious Metals Dealer,,US,False,Medium,Medium,112724.65,21,2023-10-09
CUST02734,Anthony Armstrong,Individual,,Educator,US,False,Low,Low,1172.03,5,2021-11-16
CUST02735,"Pennington, Osborn and Chen",Business,Import/Export Trading,,DE,False,Medium,Medium,212778.17,36,2025-10-15
CUST02736,Wells Ltd,Business,Construction,,US,False,Low,Low,23266.14,6,2022-07-02
CUST02737,Wood PLC,Business,Import/Export Trading,,ZA,False,Low,Low,41045.75,12,2022-12-02
CUST02738,"Fitzgerald, Pitts and Anderson",Business,Charity / NPO,,ES,False,Medium,Low,26710.65,17,2025-03-09
CUST02739,Brown Ltd,Business,Charity / NPO,,US,False,Low,Low,97733.59,5,2022-02-23
CUST02740,Scott Ramirez,Individual,,Self-Employed,ES,False,Low,Low,1602.09,5,2023-04-09
CUST02741,"Mendez, Smith and Hood",Business,Retail - E-commerce,,SG,False,Medium,High,398979.9,77,2024-04-23
CUST02742,Caroline Andersen,Individual,,Educator,US,False,Low,Medium,4914.35,13,2024-09-24
CUST02743,Teresa Powell,Individual,,Self-Employed,US,False,Low,Medium,4122.45,10,2022-02-21
CUST02744,Roger Mason,Individual,,Educator,MX,False,Medium,Low,1784.57,5,2023-11-20
CUST02745,Jeremy Hill,Individual,,Business Owner,US,False,Low,Medium,5545.75,11,2023-04-23
CUST02746,Jennifer Reid,Individual,,Government Employee,US,False,Medium,Medium,6520.13,16,2021-08-24
CUST02747,Justin Wilson,Individual,,Government Employee,US,False,Low,Medium,8239.06,17,2025-08-01
CUST02748,"Huff, Miller and Conrad",Business,Import/Export Trading,,US,False,Medium,Low,23142.02,9,2022-05-14
CUST02749,Brandon Blair,Individual,,Salaried Employee,CA,False,Low,Medium,9143.19,22,2023-03-13
CUST02750,Mark Smith,Individual,,Salaried Employee,US,False,Low,Medium,6067.66,13,2023-01-22
CUST02751,Robinson LLC,Business,Construction,,IN,False,Low,Medium,146921.81,23,2025-07-14
CUST02752,Wiley and Sons,Business,Professional Services (Legal/Accounting),,BR,False,Low,High,291986.53,40,2024-03-27
CUST02753,Maria Valenzuela,Individual,,Business Owner,VE,False,High,Low,1797.31,6,2023-03-30
CUST02754,Nancy Collins,Individual,,Healthcare Worker,US,False,Low,Medium,6619.13,17,2024-11-04
CUST02755,"Mitchell, Ramirez and Cunningham",Business,Cash-Intensive Retail (Car Wash),,US,False,High,High,866337.31,49,2025-02-20
CUST02756,Conley LLC,Business,Education Services,,ZA,False,Low,High,190236.95,61,2023-04-24
CUST02757,Edward Wolfe,Individual,,Freelancer / Gig Worker,CH,False,Low,Low,1187.35,3,2023-11-13
CUST02758,Burns PLC,Business,Retail - E-commerce,,TR,False,Medium,Low,18567.36,10,2024-09-16
CUST02759,Martin Cole,Individual,,Business Owner,DE,False,Medium,Medium,6709.0,15,2023-01-25
CUST02760,Herring PLC,Business,Professional Services (Legal/Accounting),,AU,False,Low,Low,13783.95,9,2024-11-24
CUST02761,Keith Chaney,Individual,,Healthcare Worker,LB,False,Medium,Low,1482.75,7,2025-04-22
CUST02762,Brewer-Fleming,Business,Education Services,,US,False,Low,Low,12200.15,9,2024-01-27
CUST02763,Michael Gordon,Individual,,Business Owner,SE,False,Low,Low,768.6,3,2023-11-27
CUST02764,Raymond Scott,Individual,,Salaried Employee,US,False,Low,High,14789.06,48,2025-08-06
CUST02765,Thomas Holmes,Individual,,Freelancer / Gig Worker,US,False,Low,Low,2743.17,9,2023-03-16
CUST02766,John Morris,Individual,,Retired,US,False,Low,Low,878.05,3,2024-10-31
CUST02767,Stephanie Morris,Individual,,Government Employee,KR,False,Low,Low,1370.61,7,2022-07-05
CUST02768,"Howard, Santana and Moore",Business,Cash-Intensive Retail (Convenience Store),,YE,False,High,Medium,162309.81,18,2025-08-30
CUST02769,Matthew Garcia,Individual,,Government Employee,CA,False,Low,Medium,12834.15,9,2024-08-30
CUST02770,John Lopez,Individual,,Freelancer / Gig Worker,RU,False,Low,Medium,3904.02,10,2021-10-20
CUST02771,Luis Watkins,Individual,,Government Employee,US,False,Low,Low,1713.39,5,2025-04-26
CUST02772,Kara Sanchez,Individual,,Self-Employed,UA,False,Low,Low,2268.6,5,2024-10-16
CUST02773,Karen Morales,Individual,,Freelancer / Gig Worker,NL,False,Low,Low,1025.66,4,2021-12-16
CUST02774,Hines PLC,Business,Retail - E-commerce,,US,False,Low,Low,12046.72,7,2022-07-15
CUST02775,Raymond Finley,Individual,,Freelancer / Gig Worker,US,False,Low,Low,1496.64,4,2025-01-10
CUST02776,Carly Jackson,Individual,,Educator,SG,False,Low,Low,1195.17,8,2024-03-04
CUST02777,Traci Bender,Individual,,Retired,FR,True,Medium,Medium,6867.86,11,2023-04-22
CUST02778,"Walton, Anderson and Cook",Business,Money Service Business,,BR,False,Low,Medium,138912.43,47,2022-01-28
CUST02779,Parker and Sons,Business,Healthcare Services,,UA,False,Medium,High,101272.71,73,2024-07-24
CUST02780,Foster-Murray,Business,Casino / Gaming,,US,False,Low,Medium,230506.69,22,2022-11-15
CUST02781,Christopher Parker,Individual,,Educator,US,False,Low,Low,1160.13,5,2023-03-10
CUST02782,Hodge Group,Business,Cash-Intensive Retail (Convenience Store),,KP,False,High,High,1161951.81,80,2022-05-21
CUST02783,"Sanchez, Cohen and Singleton",Business,Charity / NPO,,US,False,High,High,1084061.14,67,2024-10-19
CUST02784,Woods LLC,Business,Construction,,KR,False,Low,Low,17911.32,8,2022-06-20
CUST02785,Michael Hale,Individual,,Student,ZA,False,Low,Medium,7389.46,21,2025-08-20
CUST02786,"Bennett, Ford and Sanchez",Business,Professional Services (Legal/Accounting),,SY,False,High,Low,15184.91,9,2022-06-07
CUST02787,Anderson-Hines,Business,Retail - E-commerce,,NL,False,Low,Medium,136843.24,32,2022-10-02
CUST02788,Gabriel Campbell,Individual,,Freelancer / Gig Worker,US,False,Low,Medium,2275.73,10,2025-03-25
CUST02789,Kimberly Reed,Individual,,Healthcare Worker,DE,False,Low,Low,1163.58,5,2021-11-05
CUST02790,Lee Tate,Individual,,Student,US,True,Medium,Low,2424.38,6,2024-10-03
CUST02791,Morgan-Morrow,Business,Manufacturing,,KH,False,Low,Low,18478.5,10,2025-01-02
CUST02792,Maria Taylor,Individual,,Healthcare Worker,RU,False,Low,High,17405.36,21,2023-03-21
CUST02793,Eric Davis,Individual,,Self-Employed,US,False,Medium,Low,882.5,5,2024-11-19
CUST02794,"White, Hernandez and Collins",Business,Technology / SaaS,,AU,False,Low,Low,15526.93,7,2025-09-15
CUST02795,Tyler Fisher,Individual,,Student,AF,False,High,Low,1528.29,5,2023-01-04
CUST02796,Fleming-Flowers,Business,Retail - E-commerce,,KR,False,Low,High,270413.24,44,2025-07-28
CUST02797,Hannah Oconnor,Individual,,Salaried Employee,FR,False,Low,Medium,6131.91,19,2025-01-21
CUST02798,Alexandria Flores,Individual,,Educator,US,False,Low,Low,1227.86,3,2025-12-06
CUST02799,Jesse Tucker,Individual,,Educator,US,False,Low,Low,883.44,6,2025-01-13
CUST02800,Wise-Turner,Business,Cash-Intensive Retail (Convenience Store),,US,False,Medium,Medium,175590.6,14,2023-10-26
CUST02801,"Walters, Munoz and Lang",Business,Professional Services (Legal/Accounting),,PK,False,Low,Medium,98827.88,17,2025-06-12
CUST02802,Priscilla Joseph,Individual,,Business Owner,CH,False,Low,Medium,4302.7,17,2024-09-20
CUST02803,Christopher Coleman,Individual,,Student,ES,False,Low,Low,873.59,5,2024-11-17
CUST02804,"Miller, Smith and Vaughan",Business,Cash-Intensive Retail (Restaurant),,BR,False,Medium,Low,53272.51,18,2023-10-24
CUST02805,Robertson PLC,Business,Cash-Intensive Retail (Car Wash),,MM,False,Medium,Low,65970.41,11,2025-06-27
CUST02806,Williams-Campbell,Business,Technology / SaaS,,IT,False,Medium,Medium,53715.71,12,2022-08-26
CUST02807,Julia Williams,Individual,,Government Employee,US,True,Low,Low,1370.85,5,2024-10-04
CUST02808,George Phillips,Individual,,Self-Employed,NL,False,Low,Low,1179.9,7,2021-10-26
CUST02809,"Adams, Carter and Butler",Business,Cash-Intensive Retail (Convenience Store),,US,False,Low,Medium,200646.7,28,2025-06-02
CUST02810,Evans-Johnson,Business,Charity / NPO,,SG,False,Medium,High,665187.87,37,2022-07-26
CUST02811,Andrew Rodgers,Individual,,Freelancer / Gig Worker,US,False,Low,Low,1346.02,3,2023-09-25
CUST02812,Miller Inc,Business,Manufacturing,,KH,False,Medium,Low,17616.33,20,2022-09-09
CUST02813,Mackenzie Jordan,Individual,,Student,CH,False,Low,Low,1080.9,3,2023-12-15
CUST02814,Jimmy Williamson,Individual,,Student,US,False,Medium,High,14955.77,36,2026-01-26
CUST02815,"Ellis, Jones and Watson",Business,Cash-Intensive Retail (Convenience Store),,YE,False,High,Low,47458.43,15,2022-11-12
CUST02816,"Davila, Little and Macias",Business,Cash-Intensive Retail (Convenience Store),,KR,False,Medium,High,1219857.02,60,2024-11-12
CUST02817,Molly Morgan,Individual,,Retired,US,False,Medium,Low,962.17,10,2024-03-09
CUST02818,Morales-White,Business,Professional Services (Legal/Accounting),,US,False,Low,Medium,120811.37,23,2023-10-21
CUST02819,"Delgado, Andrade and Copeland",Business,Cryptocurrency Exchange,,ZA,False,Medium,High,632195.78,57,2025-04-21
CUST02820,Rebecca Duncan,Individual,,Healthcare Worker,US,False,Medium,Medium,13717.54,7,2024-03-13
CUST02821,Kimberly Leon,Individual,,Business Owner,US,False,Low,Medium,5506.7,9,2022-01-12
CUST02822,John Hodges,Individual,,Freelancer / Gig Worker,US,False,Low,Low,1373.61,4,2025-05-02
CUST02823,Michael Lopez,Individual,,Salaried Employee,US,False,Low,Low,2120.07,6,2025-11-19
CUST02824,Lindsey Browning,Individual,,Self-Employed,US,False,Low,Medium,4435.88,25,2024-01-16
CUST02825,Smith-Clark,Business,Manufacturing,,US,False,Low,Low,22584.62,9,2025-02-21
CUST02826,"Anderson, Adams and George",Business,Cryptocurrency Exchange,,US,False,High,Medium,259843.44,43,2024-04-28
CUST02827,Danny Fletcher,Individual,,Salaried Employee,US,False,Low,Medium,11131.04,10,2023-07-01
CUST02828,Dwayne Joseph,Individual,,Business Owner,US,False,Medium,Low,935.89,9,2025-07-15
CUST02829,"Fisher, Larson and Weaver",Business,Money Service Business,,US,False,Medium,Medium,175751.93,29,2025-08-30
CUST02830,"Smith, Peterson and Reed",Business,Consulting Services,,US,False,Low,Medium,92017.27,18,2025-05-25
CUST02831,Scott Porter,Individual,,Student,US,False,High,Medium,7902.54,12,2023-01-24
CUST02832,Dawn Johnson,Individual,,Educator,SE,False,Low,Low,1558.09,3,2022-04-15
CUST02833,"Tucker, Mercer and Miller",Business,Charity / NPO,,US,False,Medium,High,555074.25,41,2024-10-04
CUST02834,Paul Hayes,Individual,,Government Employee,SG,False,Low,High,32042.54,42,2025-08-05
CUST02835,Moore PLC,Business,Manufacturing,,BR,True,Medium,Low,11458.9,6,2023-01-14
CUST02836,"Bell, Reynolds and Forbes",Business,Healthcare Services,,US,False,Low,Medium,47129.65,31,2021-10-25
CUST02837,Diane Manning,Individual,,Self-Employed,SS,False,High,Low,1577.45,7,2023-08-13
CUST02838,Morse-Anderson,Business,Professional Services (Legal/Accounting),,IT,False,Low,Medium,76360.97,20,2022-09-01
CUST02839,Daniel Gay,Individual,,Government Employee,AU,False,Low,Medium,5419.54,14,2024-01-29
CUST02840,Hancock Ltd,Business,Construction,,US,False,Low,Medium,64632.44,25,2025-01-11
CUST02841,"Ortiz, Potter and Barnes",Business,Education Services,,US,False,Low,High,386642.22,58,2023-12-28
CUST02842,Jack Garcia,Individual,,Retired,US,False,Low,Medium,7743.49,13,2024-04-27
CUST02843,"Nichols, Myers and Trevino",Business,Import/Export Trading,,US,False,Medium,Medium,107534.61,22,2025-10-29
CUST02844,Mitchell-Middleton,Business,Cash-Intensive Retail (Convenience Store),,CA,False,Medium,High,765598.89,29,2022-12-14
CUST02845,Cassandra Roberts,Individual,,Student,US,False,Low,Low,1461.42,4,2024-06-16
CUST02846,Douglas-Vega,Business,Casino / Gaming,,LY,False,High,High,835019.38,67,2022-06-15
CUST02847,Carpenter-Barnes,Business,Cash-Intensive Retail (Convenience Store),,US,False,Medium,Low,72585.0,13,2025-03-05
CUST02848,Lopez-Johnson,Business,Construction,,DE,False,Medium,High,334832.46,60,2023-07-11
CUST02849,Manuel Duarte,Individual,,Healthcare Worker,FR,False,Low,Medium,7033.0,17,2025-02-04
CUST02850,Erika Wright,Individual,,Business Owner,DE,False,Low,Low,764.83,3,2025-08-19
CUST02851,"Davis, Wood and Paul",Business,Money Service Business,,ES,False,Medium,Medium,157989.46,16,2024-12-05
CUST02852,"Dixon, Lee and Gentry",Business,Technology / SaaS,,US,False,Low,Medium,93791.93,25,2025-07-06
CUST02853,Sharp-Allen,Business,Charity / NPO,,US,False,Low,Low,31550.61,9,2025-08-19
CUST02854,Tammy Morris,Individual,,Student,US,False,Medium,Low,2012.25,7,2024-02-10
CUST02855,Kline and Sons,Business,Charity / NPO,,CU,False,High,Low,40011.45,6,2025-07-16
CUST02856,Michael Wallace,Individual,,Student,AE,False,Medium,Low,1180.58,4,2023-09-04
CUST02857,Valerie Porter,Individual,,Government Employee,LY,False,High,Medium,6117.46,23,2022-07-25
CUST02858,Sara Wiggins,Individual,,Educator,US,False,Low,Low,1622.46,8,2022-12-21
CUST02859,Nathan Jones,Individual,,Freelancer / Gig Worker,ZA,False,Low,Low,2240.01,11,2021-11-22
CUST02860,Jennifer Meyer,Individual,,Salaried Employee,DE,False,Low,Low,2798.66,5,2025-08-13
CUST02861,Andrea Butler,Individual,,Salaried Employee,HK,False,Low,Low,3551.04,11,2023-10-30
CUST02862,"Medina, Baldwin and Lawson",Business,Education Services,,US,False,Low,Medium,112207.36,17,2021-10-26
CUST02863,Ronald Brown,Individual,,Student,US,False,Low,Medium,6700.68,19,2025-01-02
CUST02864,"Mack, Cox and Moran",Business,Cash-Intensive Retail (Restaurant),,NL,False,High,Medium,140587.78,33,2025-12-20
CUST02865,"Banks, Patterson and Martinez",Business,Manufacturing,,SS,False,Medium,Medium,62792.05,23,2022-11-10
CUST02866,Norma Riley,Individual,,Government Employee,US,False,Low,Medium,10878.25,9,2022-07-27
CUST02867,"Jackson, Gutierrez and Morgan",Business,Professional Services (Legal/Accounting),,JP,False,Low,Medium,54177.25,34,2023-09-08
CUST02868,Christine Davis,Individual,,Freelancer / Gig Worker,LY,False,Medium,High,31248.76,21,2022-04-01
CUST02869,Nolan-Vasquez,Business,Construction,,US,False,Low,Medium,81485.83,32,2023-09-13
CUST02870,Grace Norris,Individual,,Business Owner,DE,False,Low,High,13125.96,46,2024-06-06
CUST02871,Lyons-Carroll,Business,Money Service Business,,NL,False,Medium,High,727973.02,53,2021-12-03
CUST02872,Hernandez LLC,Business,Education Services,,BR,False,Low,Low,19241.54,9,2021-11-02
CUST02873,Beard PLC,Business,Import/Export Trading,,US,False,Medium,High,1068612.34,68,2024-09-13
CUST02874,"Carter, Duffy and Moore",Business,Precious Metals Dealer,,SG,False,Medium,Medium,133406.31,18,2024-03-17
CUST02875,Jeremiah Phillips,Individual,,Salaried Employee,PH,False,Medium,High,30444.15,33,2022-09-17
CUST02876,Eduardo Cruz,Individual,,Self-Employed,US,False,Low,Low,2009.35,4,2023-07-23
CUST02877,Daniel Turner,Individual,,Retired,US,False,Low,High,23289.49,27,2021-09-20
CUST02878,Nathan Mcgee,Individual,,Student,MX,False,Low,Low,1058.61,5,2026-01-05
CUST02879,Luke Jackson,Individual,,Retired,US,False,Low,Medium,4216.28,12,2024-07-18
CUST02880,"Moore, Farrell and Edwards",Business,Casino / Gaming,,FR,False,Low,High,950641.44,68,2024-10-20
CUST02881,Timothy Wong,Individual,,Government Employee,US,False,Low,Low,2011.91,5,2026-01-31
CUST02882,Mr. James Barnett,Individual,,Business Owner,PH,False,Low,High,30940.75,13,2022-03-03
CUST02883,Walker-Clark,Business,Manufacturing,,AU,False,Low,Low,13369.91,5,2022-11-23
CUST02884,Richard Mccormick,Individual,,Retired,NL,False,Low,High,25101.11,27,2023-04-17
CUST02885,Porter-Hudson,Business,Consulting Services,,US,False,Low,High,232714.26,75,2021-09-20
CUST02886,"Singleton, Logan and Warren",Business,Education Services,,US,False,Low,High,335846.67,55,2023-07-24
CUST02887,Heidi Johnson,Individual,,Student,KR,False,Low,Medium,5905.28,15,2022-06-17
CUST02888,Romero-Nelson,Business,Casino / Gaming,,IN,False,Medium,High,1478701.6,82,2022-04-17
CUST02889,Griffin PLC,Business,Technology / SaaS,,PK,False,Low,Low,30246.55,18,2023-09-23
CUST02890,Robert White,Individual,,Salaried Employee,LB,False,Low,Low,1054.11,6,2023-09-14
CUST02891,Norris Group,Business,Money Service Business,,PA,False,High,Low,54388.7,6,2023-02-16
CUST02892,Lee Arnold,Individual,,Salaried Employee,US,False,Low,Medium,5942.77,11,2022-05-24
CUST02893,Morgan Lowery,Individual,,Freelancer / Gig Worker,ES,False,Medium,Medium,4854.17,19,2022-09-29
CUST02894,"Turner, Clark and Sanchez",Business,Healthcare Services,,JP,False,Medium,Medium,42405.41,32,2025-09-04
CUST02895,Joshua Harrington,Individual,,Student,PK,False,Medium,Medium,6703.62,31,2024-04-30
CUST02896,"Jones, Mendoza and Ramos",Business,Construction,,NL,True,High,Low,17075.63,17,2025-08-31
CUST02897,Garcia PLC,Business,Money Service Business,,DE,False,Low,High,529330.6,92,2023-06-12
CUST02898,"Freeman, Hudson and Perkins",Business,Cash-Intensive Retail (Car Wash),,US,True,Medium,Medium,199316.37,31,2022-07-26
CUST02899,"Tanner, Waters and Lee",Business,Retail - E-commerce,,US,False,Medium,Medium,57710.68,23,2025-07-01
CUST02900,Darlene Russell MD,Individual,,Government Employee,AE,False,Medium,Medium,13460.89,13,2023-02-13
CUST02901,John Campbell,Individual,,Government Employee,LB,False,Medium,Low,1478.83,3,2024-03-01
CUST02902,Camacho-Wright,Business,Cash-Intensive Retail (Restaurant),,US,False,Medium,High,1018709.32,70,2023-12-17
CUST02903,Kathryn Garrett,Individual,,Student,BR,False,Low,Medium,12529.02,15,2022-07-26
CUST02904,Theresa Freeman,Individual,,Salaried Employee,NG,False,Low,Medium,6754.07,14,2024-05-01
CUST02905,"Ruiz, Martin and Jones",Business,Real Estate Agency,,FR,False,Low,Medium,52516.29,28,2025-04-17
CUST02906,"Torres, Schaefer and Ramos",Business,Manufacturing,,FR,False,Medium,Low,36056.13,6,2023-03-04
CUST02907,Brian Hall,Individual,,Business Owner,ZA,False,Low,High,24498.45,38,2024-03-25
CUST02908,Erica Moreno,Individual,,Salaried Employee,IN,False,Low,High,14268.5,50,2022-06-29
CUST02909,"Evans, Lynch and Duncan",Business,Technology / SaaS,,LB,False,Medium,Medium,81962.92,24,2022-12-07
CUST02910,Moore-Miranda,Business,Retail - E-commerce,,PA,False,Low,Low,10068.01,7,2023-01-29
CUST02911,Lisa Moore,Individual,,Business Owner,US,False,Low,Low,1944.98,4,2026-01-04
CUST02912,Miss Rachel Chan,Individual,,Self-Employed,KR,True,Medium,Low,5207.98,5,2023-11-28
CUST02913,Dennis Michael,Individual,,Business Owner,JP,False,Low,High,18535.4,46,2024-03-14
CUST02914,Eric Acosta,Individual,,Healthcare Worker,UA,False,Medium,Low,1656.43,8,2024-04-19
CUST02915,Parker-Elliott,Business,Cash-Intensive Retail (Convenience Store),,US,False,Low,Medium,239816.75,24,2025-03-01
CUST02916,Todd Brown,Individual,,Healthcare Worker,PA,False,Low,Low,1523.11,5,2025-02-04
CUST02917,Robert Proctor,Individual,,Healthcare Worker,LB,False,Medium,Medium,3497.87,8,2023-12-13
CUST02918,Michael Clark,Individual,,Healthcare Worker,RU,False,Low,Medium,5071.43,25,2023-10-18
CUST02919,Wall-Johnson,Business,Cash-Intensive Retail (Convenience Store),,KR,False,Medium,Medium,344521.69,18,2025-04-03
CUST02920,Erika Castro,Individual,,Educator,SY,False,High,High,12664.45,20,2023-04-25
CUST02921,Lisa Alexander,Individual,,Government Employee,SE,False,Low,Low,2133.04,7,2023-12-13
CUST02922,David Nguyen,Individual,,Self-Employed,GB,False,Low,Low,2233.82,5,2025-09-12
CUST02923,Leslie Crane,Individual,,Educator,PH,False,Low,Low,4240.33,5,2022-01-03
CUST02924,"Price, Moyer and Mccarthy",Business,Cash-Intensive Retail (Car Wash),,HK,False,High,Medium,213898.78,21,2023-09-29
CUST02925,Benitez-Willis,Business,Retail - E-commerce,,DE,True,High,Medium,40429.3,30,2022-02-14
CUST02926,Mark Hill,Individual,,Salaried Employee,LB,False,Medium,Medium,6490.54,13,2024-10-04
CUST02927,Duane Ruiz,Individual,,Retired,GB,False,Medium,Medium,12937.05,19,2022-03-31
CUST02928,Rowland-Oconnor,Business,Professional Services (Legal/Accounting),,US,False,Low,Low,23229.71,6,2022-11-28
CUST02929,Lawrence PLC,Business,Construction,,US,False,Low,Medium,45735.03,22,2023-04-27
CUST02930,"Miller, Sanchez and Armstrong",Business,Cryptocurrency Exchange,,US,False,Low,Medium,138017.41,16,2023-11-02
CUST02931,"Schmidt, Carter and Johnson",Business,Consulting Services,,US,False,Low,High,265062.9,52,2022-03-13
CUST02932,Melissa Stevenson,Individual,,Self-Employed,JP,False,Medium,Medium,5731.89,29,2024-09-09
CUST02933,Burgess-Lewis,Business,Cash-Intensive Retail (Convenience Store),,US,False,Medium,Medium,114822.36,31,2024-05-08
CUST02934,Joel Cook,Individual,,Business Owner,US,False,High,High,13606.0,30,2023-10-27
CUST02935,Munoz-Cantu,Business,Money Service Business,,US,False,Low,Medium,159205.77,26,2022-10-23
CUST02936,May Group,Business,Technology / SaaS,,SG,False,Low,Medium,56789.88,22,2024-12-27
CUST02937,Rebecca Decker,Individual,,Student,KH,False,Low,Medium,5797.42,9,2022-02-17
CUST02938,Kayla Smith,Individual,,Retired,US,False,Low,Low,1642.76,5,2025-05-03
CUST02939,Moyer LLC,Business,Manufacturing,,BR,False,Medium,Medium,29705.62,28,2025-10-20
CUST02940,Andrews-Walters,Business,Professional Services (Legal/Accounting),,US,False,Medium,Medium,91372.84,21,2022-04-05
CUST02941,Valerie Norman,Individual,,Freelancer / Gig Worker,SG,False,Low,Low,1614.89,12,2022-12-18
CUST02942,Sarah Miller,Individual,,Retired,AU,False,Low,Low,1336.43,7,2025-08-08
CUST02943,Wendy Walton,Individual,,Student,ES,False,Low,Medium,6501.8,22,2025-04-13
CUST02944,Owens-Preston,Business,Import/Export Trading,,GB,False,Medium,Medium,156261.44,33,2022-11-29
CUST02945,Angel Holland,Individual,,Business Owner,BR,False,Low,Low,900.16,5,2024-07-04
CUST02946,Richard Stevenson,Individual,,Freelancer / Gig Worker,US,False,Low,High,18765.9,54,2025-04-18
CUST02947,Morales LLC,Business,Cash-Intensive Retail (Convenience Store),,US,False,Medium,Low,52807.73,4,2021-09-02
CUST02948,"Clayton, Smith and Perez",Business,Import/Export Trading,,US,False,Low,High,1076593.66,45,2025-04-02
CUST02949,Scott Silva,Individual,,Government Employee,UA,False,Low,Medium,4865.41,14,2024-05-24
CUST02950,"Ellis, Ortega and Carrillo",Business,Technology / SaaS,,PA,False,Low,High,181933.55,65,2024-08-19
CUST02951,"Camacho, Hernandez and Mejia",Business,Charity / NPO,,GB,False,Medium,Low,51127.72,5,2023-05-16
CUST02952,Brian Ferguson,Individual,,Freelancer / Gig Worker,US,False,Medium,Medium,4622.92,23,2021-12-14
CUST02953,Fernandez Inc,Business,Precious Metals Dealer,,US,False,Low,Low,23868.83,8,2024-05-27
CUST02954,Hebert-Barrett,Business,Cryptocurrency Exchange,,US,False,Medium,High,971060.37,44,2023-05-02
CUST02955,Martin-Ritter,Business,Retail - E-commerce,,YE,False,Medium,Medium,46929.19,33,2023-08-07
CUST02956,Barton Inc,Business,Consulting Services,,US,False,Low,Medium,88919.69,26,2022-10-14
CUST02957,Martinez-Gould,Business,Education Services,,CU,False,High,Medium,113401.46,26,2021-10-31
CUST02958,Patrick Singh,Individual,,Salaried Employee,NL,False,Low,Low,1551.8,4,2024-11-07
CUST02959,Jeffrey Gonzalez,Individual,,Salaried Employee,JP,False,Low,Low,2021.74,6,2024-11-08
CUST02960,"Olsen, Davis and Thompson",Business,Precious Metals Dealer,,US,False,Medium,High,889681.65,61,2026-01-04
CUST02961,Martin and Sons,Business,Consulting Services,,US,False,Low,Low,8632.3,13,2022-08-22
CUST02962,Yang-Howard,Business,Precious Metals Dealer,,US,False,Low,Low,62438.71,9,2024-04-24
CUST02963,Daniel Davis,Individual,,Business Owner,TR,False,Low,Low,2622.08,3,2025-12-05
CUST02964,David Rodriguez,Individual,,Business Owner,SG,False,Low,Low,2338.66,7,2025-07-03
CUST02965,Smith Group,Business,Money Service Business,,JP,False,Low,Medium,118519.8,13,2025-01-08
CUST02966,Gomez LLC,Business,Technology / SaaS,,US,False,Low,High,446965.84,93,2022-03-04
CUST02967,Ryan Turner,Individual,,Educator,MM,False,Low,Low,1480.13,9,2022-05-03
CUST02968,"Schneider, Price and Ruiz",Business,Import/Export Trading,,ES,False,Medium,High,413481.57,69,2023-12-15
CUST02969,Stephanie Williams,Individual,,Freelancer / Gig Worker,IT,False,Low,Low,1168.44,4,2023-09-26
CUST02970,Adam Stone,Individual,,Self-Employed,CH,False,Low,Low,2162.81,6,2022-10-23
CUST02971,"Harrison, Williams and Carlson",Business,Retail - E-commerce,,US,False,Low,Medium,90719.62,28,2023-05-27
CUST02972,"Guerrero, Watson and Perry",Business,Education Services,,US,False,Low,Medium,50824.14,53,2022-12-16
CUST02973,Thompson-Mayer,Business,Import/Export Trading,,PK,False,High,High,693724.26,59,2022-11-27
CUST02974,Rita White,Individual,,Healthcare Worker,NG,False,Low,Low,905.11,5,2022-07-19
CUST02975,Johnson and Sons,Business,Casino / Gaming,,US,False,High,Low,66690.15,15,2024-03-21
CUST02976,Garrett-Stout,Business,Consulting Services,,US,False,Low,Low,28123.13,14,2023-11-15
CUST02977,"Morris, Logan and Rivera",Business,Cash-Intensive Retail (Car Wash),,PA,False,Medium,High,661350.85,94,2025-08-14
CUST02978,Shane Mcintyre,Individual,,Business Owner,NL,False,Low,Medium,8813.61,15,2022-01-05
CUST02979,"Bennett, George and Fox",Business,Healthcare Services,,US,False,Low,Medium,68912.85,41,2022-12-18
CUST02980,Gregory Walker,Individual,,Healthcare Worker,US,False,Low,Medium,5567.45,14,2025-03-10
CUST02981,Ashley Alvarez DVM,Individual,,Educator,US,False,Low,Medium,5909.39,7,2025-05-13
CUST02982,Vincent Ltd,Business,Healthcare Services,,KH,False,Medium,Low,16504.34,12,2021-08-16
CUST02983,Alvarez-Lam,Business,Healthcare Services,,KP,False,High,High,256973.33,61,2023-10-21
CUST02984,Matthew Diaz,Individual,,Student,US,False,Low,Low,1211.63,3,2022-06-09
CUST02985,Vasquez-Guerra,Business,Consulting Services,,ZA,False,Low,Medium,66723.27,13,2023-04-15
CUST02986,Robinson and Sons,Business,Education Services,,PH,False,Medium,Medium,85336.13,16,2022-10-31
CUST02987,Hopkins Ltd,Business,Cryptocurrency Exchange,,US,False,Medium,Medium,180707.55,30,2022-06-04
CUST02988,"Powell, Eaton and Garcia",Business,Education Services,,US,False,Low,Low,10596.87,11,2023-07-17
CUST02989,Nicholas Turner,Individual,,Government Employee,US,False,Low,Low,3025.37,5,2025-07-19
CUST02990,"Garza, Black and Huerta",Business,Casino / Gaming,,US,False,Medium,Medium,116268.09,15,2023-11-20
CUST02991,Murphy LLC,Business,Money Service Business,,ES,False,Low,Medium,177074.53,16,2022-11-08
CUST02992,"Doyle, Rosales and Adkins",Business,Education Services,,US,False,Low,Medium,51307.58,23,2024-11-22
CUST02993,Rebecca Petty,Individual,,Student,SY,False,Medium,Medium,5364.2,21,2021-09-27
CUST02994,Andrew Norton,Individual,,Retired,UA,False,Medium,Medium,5180.04,14,2022-12-29
CUST02995,Morris-Armstrong,Business,Technology / SaaS,,US,False,Medium,Medium,64751.53,31,2025-09-25
CUST02996,Chelsea Kane,Individual,,Student,LY,False,Medium,Medium,5141.02,11,2025-01-25
CUST02997,Daniel Howell,Individual,,Healthcare Worker,US,False,Low,Medium,5016.87,18,2025-05-11
CUST02998,Douglas Mack,Individual,,Retired,DE,False,Low,Low,1388.47,5,2024-06-27
CUST02999,Steven Scott,Individual,,Business Owner,MM,False,High,Low,1197.02,5,2025-10-06
CUST03000,"Bryant, Davis and Chase",Business,Cash-Intensive Retail (Car Wash),,US,False,Medium,High,680131.67,50,2026-01-12
CUST03001,Brown-Diaz,Business,Precious Metals Dealer,,NL,False,Medium,High,640531.76,69,2021-10-31
CUST03002,"Martinez, Perez and Ellis",Business,Casino / Gaming,,US,False,Medium,Medium,190158.02,26,2022-07-25
CUST03003,Pierce LLC,Business,Real Estate Agency,,US,False,Low,Low,14175.97,12,2022-09-10
CUST03004,Parker-Graham,Business,Import/Export Trading,,US,False,Medium,Medium,318594.79,22,2022-04-28
CUST03005,Valerie White,Individual,,Retired,SE,False,Low,Low,1033.11,4,2025-12-18
CUST03006,Ryan Walker,Individual,,Government Employee,JP,False,Medium,Low,1089.65,5,2021-10-04
CUST03007,Quinn LLC,Business,Technology / SaaS,,US,False,Low,Low,13536.33,6,2026-02-01
CUST03008,"Chan, Hart and Schmidt",Business,Real Estate Agency,,AU,False,Low,High,375274.1,44,2022-01-07
CUST03009,Heidi Hall,Individual,,Retired,US,False,Low,Medium,4509.74,14,2023-01-14
CUST03010,Brett Martin,Individual,,Salaried Employee,US,False,Low,High,21395.13,21,2023-07-17
CUST03011,"Hernandez, Dunlap and Lynch",Business,Manufacturing,,IN,False,Low,Low,14692.09,10,2023-05-04
CUST03012,Williams-Costa,Business,Healthcare Services,,JP,False,Low,High,230271.28,46,2025-01-10
CUST03013,Steven Stanton,Individual,,Self-Employed,JP,False,Low,Low,1474.02,6,2025-09-02
CUST03014,Chad Hurley,Individual,,Retired,KH,False,Low,Low,1199.95,3,2021-08-15
CUST03015,Michael Barnett,Individual,,Student,KR,False,Low,High,24222.1,20,2023-05-24
CUST03016,Lisa Chung,Individual,,Student,US,False,Low,High,29487.45,28,2022-02-13
CUST03017,Taylor-Castillo,Business,Cryptocurrency Exchange,,HK,False,Medium,Medium,297425.57,36,2022-12-24
CUST03018,Renee Tapia,Individual,,Business Owner,GB,False,Low,Low,2708.4,4,2023-09-06
CUST03019,Christopher Barnes,Individual,,Student,GB,False,Low,High,25108.68,23,2023-04-06
CUST03020,Flowers Inc,Business,Real Estate Agency,,TR,False,Medium,High,361377.39,50,2023-07-18
CUST03021,Desiree Stafford,Individual,,Government Employee,US,False,Low,High,29070.46,26,2022-09-01
CUST03022,Laurie Chambers,Individual,,Freelancer / Gig Worker,US,False,Low,Low,1524.44,3,2023-05-15
CUST03023,Michael Hodges,Individual,,Salaried Employee,US,False,Low,Low,1277.26,4,2021-09-16
CUST03024,Kelly Warren,Individual,,Salaried Employee,AU,False,Low,High,11430.06,23,2025-08-16
CUST03025,Guerrero LLC,Business,Cash-Intensive Retail (Convenience Store),,US,False,Low,High,728968.94,49,2022-09-05
CUST03026,Lisa Hernandez,Individual,,Government Employee,US,False,Low,Low,1422.73,4,2024-07-09
CUST03027,Herring-Williams,Business,Cash-Intensive Retail (Car Wash),,CH,False,Low,Medium,223666.62,31,2023-10-16
CUST03028,Sims Group,Business,Consulting Services,,PH,False,Medium,Low,19271.68,12,2023-01-19
CUST03029,"Holt, Bauer and Blake",Business,Real Estate Agency,,US,False,Low,High,302428.72,48,2023-07-12
CUST03030,Ann Dennis,Individual,,Government Employee,MM,False,High,Low,1269.64,6,2024-09-13
CUST03031,Samuel Simpson,Individual,,Self-Employed,US,False,Low,Medium,7955.14,16,2025-04-18
CUST03032,Mark Grimes,Individual,,Business Owner,US,False,Low,Low,1305.26,7,2024-01-01
CUST03033,"Oconnor, Conway and Bowman",Business,Professional Services (Legal/Accounting),,US,False,Medium,Medium,41890.76,27,2024-05-31
CUST03034,Estrada-King,Business,Consulting Services,,US,False,Low,Low,17104.14,9,2024-08-26
CUST03035,Smith Ltd,Business,Precious Metals Dealer,,US,False,High,Medium,366901.5,25,2025-09-30
CUST03036,Jon Garza,Individual,,Student,MX,False,Low,Medium,5046.53,16,2023-11-17
CUST03037,Richard Erickson,Individual,,Freelancer / Gig Worker,ES,False,Low,Low,2007.96,8,2024-10-24
CUST03038,Sheila Contreras,Individual,,Government Employee,BR,False,Low,Medium,5483.29,14,2021-12-22
CUST03039,Leslie Leon,Individual,,Salaried Employee,US,False,Medium,Low,1092.94,7,2022-06-16
CUST03040,"Davis, Levy and Allen",Business,Healthcare Services,,AU,False,Medium,Medium,51418.1,30,2025-03-16
CUST03041,Michelle Williams,Individual,,Business Owner,US,False,Low,Low,1661.67,8,2025-05-12
CUST03042,Berry-Mills,Business,Casino / Gaming,,TR,False,High,Low,26540.61,5,2025-01-03
CUST03043,Lori Strickland,Individual,,Retired,GB,False,Low,Low,1478.18,6,2021-11-01
CUST03044,Christopher Mccoy,Individual,,Salaried Employee,US,False,Low,Medium,9065.81,26,2024-06-01
CUST03045,Thomas Pham,Individual,,Educator,US,False,Low,Low,1857.45,11,2025-07-02
CUST03046,Dawn Cardenas,Individual,,Business Owner,KH,False,Medium,High,24941.86,43,2024-07-17
CUST03047,Vincent Hill,Individual,,Government Employee,IT,False,Medium,Low,914.38,6,2022-01-09
CUST03048,Ellis-Ritter,Business,Real Estate Agency,,LB,False,Medium,Medium,45119.74,13,2023-11-09
CUST03049,Clark PLC,Business,Precious Metals Dealer,,US,False,Low,High,1226187.21,71,2024-05-10
CUST03050,"Morales, Bailey and Ochoa",Business,Import/Export Trading,,SE,False,Medium,Medium,232823.99,34,2025-11-13
CUST03051,Felicia Jensen,Individual,,Business Owner,JP,False,Low,High,17000.16,36,2023-07-22
CUST03052,Eric Sloan,Individual,,Educator,CA,False,Low,Low,1378.8,6,2022-05-21
CUST03053,"Sullivan, Howell and Fowler",Business,Education Services,,SG,False,Low,Medium,61339.31,26,2024-11-14
CUST03054,Baker Ltd,Business,Construction,,MM,False,High,Low,11528.0,11,2025-09-30
CUST03055,Rogers-Kim,Business,Healthcare Services,,US,False,Medium,High,420027.13,45,2024-09-10
CUST03056,Chung LLC,Business,Education Services,,UA,False,Medium,High,237648.33,41,2021-10-02
CUST03057,Lopez LLC,Business,Import/Export Trading,,AE,False,Medium,Medium,143820.9,31,2025-12-03
CUST03058,Kristina Sherman,Individual,,Salaried Employee,US,False,Low,Low,1373.1,3,2023-02-17
CUST03059,Michael Gonzalez,Individual,,Salaried Employee,KH,False,Medium,Low,1768.74,3,2022-05-22
CUST03060,"Harper, Mcdowell and Sullivan",Business,Construction,,US,False,Low,Medium,67537.47,24,2023-11-10
CUST03061,Baldwin PLC,Business,Professional Services (Legal/Accounting),,AE,False,Medium,Low,20038.94,16,2024-08-17
CUST03062,Anderson-Cruz,Business,Technology / SaaS,,US,False,Low,High,168333.2,58,2024-02-13
CUST03063,"Hudson, Miller and Key",Business,Import/Export Trading,,DE,False,Low,Medium,308113.36,25,2025-05-19
CUST03064,Danielle Moore,Individual,,Healthcare Worker,KP,False,High,Low,2526.3,7,2023-12-12
CUST03065,Danny Neal,Individual,,Salaried Employee,ZA,False,Low,Low,1343.28,7,2023-06-25
CUST03066,Darius Wong,Individual,,Healthcare Worker,JP,False,Low,Low,1924.0,6,2023-06-15
CUST03067,Edward Oconnell,Individual,,Student,IT,False,Low,Low,1305.01,4,2025-09-23
CUST03068,Perry-Arnold,Business,Charity / NPO,,NL,False,Low,Low,34938.43,7,2023-04-03
CUST03069,Ryan Carpenter,Individual,,Retired,US,False,Low,Medium,4140.4,15,2024-11-28
CUST03070,Michelle Holden,Individual,,Salaried Employee,US,False,Medium,Low,1822.73,4,2023-11-10
CUST03071,Jacob Schaefer,Individual,,Self-Employed,ES,False,Low,Medium,3392.86,10,2023-08-13
CUST03072,Howard Rubio,Individual,,Self-Employed,US,False,Medium,Low,1374.48,6,2022-10-05
CUST03073,Heath-Andersen,Business,Cash-Intensive Retail (Car Wash),,NG,False,High,High,1102362.05,34,2023-09-20
CUST03074,"Riley, Davis and Lowery",Business,Education Services,,SG,False,Low,High,285399.84,66,2025-12-07
CUST03075,Kimberly Garcia,Individual,,Healthcare Worker,US,False,Low,Low,2349.28,4,2023-07-22
CUST03076,"Bailey, Park and Bray",Business,Cryptocurrency Exchange,,ZA,False,Medium,Medium,130491.96,19,2023-07-10
CUST03077,Kenneth Brown,Individual,,Student,US,False,Low,Low,2048.82,7,2025-05-05
CUST03078,Jeffrey Benton Jr.,Individual,,Salaried Employee,CA,False,Low,Medium,3977.44,8,2025-06-07
CUST03079,Amy Bailey,Individual,,Business Owner,US,False,Low,High,29171.08,32,2022-11-16
CUST03080,Hector Blevins,Individual,,Government Employee,US,False,Low,Medium,2512.51,19,2023-12-19
CUST03081,"King, Mosley and Johnson",Business,Cash-Intensive Retail (Car Wash),,PK,False,High,Medium,174635.3,30,2025-10-16
CUST03082,Phillip Anderson,Individual,,Freelancer / Gig Worker,US,False,Low,Medium,5257.26,10,2024-12-27
CUST03083,Stanley LLC,Business,Cash-Intensive Retail (Restaurant),,IT,False,Medium,Low,53365.4,13,2024-03-17
CUST03084,Kelly Liu,Individual,,Business Owner,SG,False,Low,High,10983.51,28,2025-01-29
CUST03085,Miranda Ltd,Business,Construction,,US,False,Low,Medium,73942.06,24,2024-04-16
CUST03086,Tricia Brown,Individual,,Government Employee,SG,False,Low,Low,1631.85,5,2024-08-31
CUST03087,Patricia Jones,Individual,,Freelancer / Gig Worker,US,True,Medium,Low,1281.9,6,2022-02-27
CUST03088,"Gutierrez, Martin and Lee",Business,Professional Services (Legal/Accounting),,US,False,Medium,Medium,58735.42,29,2023-02-22
CUST03089,Johnson Group,Business,Retail - E-commerce,,RU,False,Medium,Medium,56682.07,18,2022-08-20
CUST03090,Davis-Shah,Business,Import/Export Trading,,US,False,Medium,Medium,158123.14,21,2024-11-29
CUST03091,James-Wells,Business,Technology / SaaS,,PA,False,Low,Medium,83374.2,21,2024-07-15
CUST03092,Eric Thompson,Individual,,Salaried Employee,PH,False,Medium,Low,1548.57,6,2025-04-12
CUST03093,Kathryn Lopez,Individual,,Freelancer / Gig Worker,MX,False,Low,Low,1250.98,5,2025-01-12
CUST03094,Perez Ltd,Business,Consulting Services,,AU,False,Low,High,297429.47,76,2022-04-24
CUST03095,Hayes-Davis,Business,Manufacturing,,CA,False,Low,Medium,86626.46,23,2023-10-23
CUST03096,Larry Hendrix,Individual,,Self-Employed,CH,False,Low,Low,1401.05,4,2022-02-13
CUST03097,"Brooks, Jackson and Stuart",Business,Money Service Business,,PA,False,High,Medium,257994.09,34,2026-02-12
CUST03098,Smith Group,Business,Cryptocurrency Exchange,,CH,False,Low,Medium,208445.12,22,2024-03-22
CUST03099,Taylor Elliott,Individual,,Self-Employed,AU,False,Low,Medium,7768.77,12,2022-03-17
CUST03100,Lopez PLC,Business,Professional Services (Legal/Accounting),,SE,False,Low,Medium,93165.35,35,2025-11-08
CUST03101,Nichols LLC,Business,Construction,,TR,False,High,Medium,55778.85,14,2022-06-11
CUST03102,"Gaines, Greene and Berry",Business,Money Service Business,,IT,False,Low,Low,56403.36,7,2025-05-14
CUST03103,Sheryl Thompson,Individual,,Student,FR,False,Low,High,21328.57,31,2022-11-19
CUST03104,Johnson-Williams,Business,Professional Services (Legal/Accounting),,PA,False,Medium,Low,17790.13,9,2022-08-22
CUST03105,Donovan-Rodriguez,Business,Healthcare Services,,IN,False,Low,High,189244.76,32,2023-02-25
CUST03106,"Stone, Mccullough and Jimenez",Business,Cryptocurrency Exchange,,AU,False,Medium,Low,65378.13,13,2022-12-09
CUST03107,"Mora, Pace and Mcfarland",Business,Cash-Intensive Retail (Restaurant),,YE,False,High,Medium,103889.08,26,2024-12-04
CUST03108,Raymond-Barnett,Business,Charity / NPO,,GB,False,Low,High,1425442.96,51,2022-03-05
CUST03109,Sanchez-Thomas,Business,Education Services,,US,False,Medium,High,186506.01,60,2025-10-16
CUST03110,Jared Howard,Individual,,Freelancer / Gig Worker,ES,False,Low,Low,1309.12,3,2025-09-14
CUST03111,"Zimmerman, Combs and Garcia",Business,Money Service Business,,RU,False,High,Medium,188789.37,24,2026-01-15
CUST03112,Matthew Buck,Individual,,Healthcare Worker,CA,False,Low,High,19691.79,28,2026-01-20
CUST03113,Sherman-Day,Business,Retail - E-commerce,,KR,False,Low,Medium,44378.69,24,2024-01-08
CUST03114,Taylor-Gallagher,Business,Cash-Intensive Retail (Car Wash),,CH,False,Medium,Low,53426.53,10,2024-02-10
CUST03115,Jessica Graham,Individual,,Self-Employed,KH,True,High,Medium,6764.93,15,2022-04-26
CUST03116,John Morris MD,Individual,,Self-Employed,YE,False,High,Low,874.71,6,2024-12-03
CUST03117,Willie Townsend,Individual,,Retired,NG,False,Low,Low,1808.54,8,2022-02-01
CUST03118,"Guerra, Lopez and Davis",Business,Precious Metals Dealer,,IT,False,Low,High,2150579.79,55,2023-02-03
CUST03119,"Edwards, Williams and Johnson",Business,Cryptocurrency Exchange,,US,False,Low,Medium,155020.81,28,2024-03-12
CUST03120,Guy Medina,Individual,,Student,PK,False,Medium,Medium,4684.5,16,2025-04-22
CUST03121,Kelly Thompson,Individual,,Retired,US,False,Low,High,17599.13,23,2024-10-09
CUST03122,Amanda Lewis,Individual,,Salaried Employee,PA,False,Medium,Low,2453.1,7,2025-07-04
CUST03123,Stafford Ltd,Business,Money Service Business,,US,False,Medium,Medium,499798.31,24,2024-05-05
CUST03124,Dalton Clark,Individual,,Healthcare Worker,US,False,Low,Low,2037.74,8,2021-10-01
CUST03125,Weeks and Sons,Business,Retail - E-commerce,,SY,False,High,Medium,41618.05,23,2022-08-10
CUST03126,Abigail Allen,Individual,,Self-Employed,YE,False,Medium,Low,1686.08,13,2024-06-06
CUST03127,Dr. Samantha Watson,Individual,,Salaried Employee,US,False,Medium,Medium,7051.49,28,2025-01-13
CUST03128,Charles Sanchez,Individual,,Government Employee,US,False,Low,Low,2046.04,7,2023-10-25
CUST03129,Jenny Duncan,Individual,,Healthcare Worker,RU,False,Medium,Low,1220.8,5,2024-04-02
CUST03130,Shawn Doyle,Individual,,Retired,US,False,Low,Low,2145.15,5,2023-12-08
CUST03131,Vaughn-Perry,Business,Retail - E-commerce,,US,False,Low,Medium,25591.98,19,2025-02-19
CUST03132,Ryan Lopez,Individual,,Business Owner,US,False,Low,Medium,8320.86,16,2025-10-08
CUST03133,Adam Schwartz,Individual,,Self-Employed,BR,False,Low,Medium,5909.96,12,2021-12-21
CUST03134,Joann Alvarado,Individual,,Student,IT,False,Low,Medium,3943.43,10,2023-07-07
CUST03135,Walsh Inc,Business,Technology / SaaS,,HK,False,Low,Medium,157260.57,23,2022-12-20
CUST03136,Katherine White,Individual,,Healthcare Worker,US,False,Low,Low,1161.24,6,2024-05-27
CUST03137,Harding LLC,Business,Education Services,,SG,False,Low,Medium,52284.24,20,2025-01-02
CUST03138,Herrera-Mitchell,Business,Precious Metals Dealer,,AU,False,Low,High,1488346.62,51,2023-11-04
CUST03139,Juarez Group,Business,Consulting Services,,SY,False,High,High,426774.96,79,2023-05-03
CUST03140,Kristen Jimenez,Individual,,Retired,AF,False,Medium,Low,1821.56,3,2022-09-12
CUST03141,"Cowan, Harrison and Rodriguez",Business,Technology / SaaS,,US,False,Medium,Low,19062.69,7,2023-07-25
CUST03142,James Miller,Individual,,Retired,US,False,Low,High,16841.7,27,2022-03-11
CUST03143,Luis Kim,Individual,,Self-Employed,SY,False,High,Low,1533.17,4,2022-10-31
CUST03144,Randy Bates,Individual,,Government Employee,NG,False,Low,High,20257.19,23,2025-11-25
CUST03145,Chelsea Clark,Individual,,Healthcare Worker,US,False,Low,Medium,4440.2,9,2024-04-27
CUST03146,Adrian Hernandez,Individual,,Retired,CH,True,Low,Low,1780.26,6,2023-10-02
CUST03147,Bell and Sons,Business,Precious Metals Dealer,,US,False,Low,Medium,176440.55,20,2022-02-05
CUST03148,James-Arroyo,Business,Cash-Intensive Retail (Restaurant),,MX,False,Medium,High,631177.5,52,2025-12-01
CUST03149,Clinton Lee,Individual,,Government Employee,DE,False,Low,Medium,7387.2,9,2025-05-08
CUST03150,Savage Inc,Business,Cryptocurrency Exchange,,US,False,Low,Low,22483.47,7,2023-09-16
CUST03151,"Rice, Hawkins and Thomas",Business,Manufacturing,,US,False,Low,Low,15032.51,11,2024-04-26
CUST03152,Rodriguez Inc,Business,Precious Metals Dealer,,US,False,Medium,High,983208.87,49,2025-02-07
CUST03153,Alicia Le,Individual,,Self-Employed,KR,False,Low,Medium,4947.62,15,2024-05-09
CUST03154,Charles Garcia,Individual,,Government Employee,JP,False,Low,Low,1800.1,7,2023-08-09
CUST03155,Aaron Brown,Individual,,Retired,US,False,Low,Medium,4949.78,11,2024-11-30
CUST03156,Barbara Walker,Individual,,Retired,US,False,Low,Low,2091.42,6,2021-12-01
CUST03157,Angela Banks,Individual,,Government Employee,US,False,Low,Low,1561.25,6,2025-09-02
CUST03158,Maria Campbell,Individual,,Self-Employed,BR,False,Low,Low,1189.08,4,2024-11-27
CUST03159,Paul Vega,Individual,,Salaried Employee,US,False,Medium,Medium,9396.97,22,2023-09-29
CUST03160,Baird-Fields,Business,Education Services,,LB,False,Medium,Medium,65607.27,29,2025-09-10
CUST03161,Brittany Herrera,Individual,,Healthcare Worker,US,False,Low,Medium,5052.22,15,2024-09-05
CUST03162,Thomas Ltd,Business,Import/Export Trading,,US,False,Medium,Low,73963.42,10,2023-02-06
CUST03163,Jasmine Scott,Individual,,Self-Employed,PK,False,Low,Medium,5210.42,19,2022-12-25
CUST03164,Singh-Reynolds,Business,Retail - E-commerce,,PA,False,Medium,Medium,82915.8,25,2024-03-02
CUST03165,Joe Page,Individual,,Salaried Employee,US,False,Low,Medium,4186.35,23,2023-07-20
CUST03166,Mrs. Lori Clark,Individual,,Healthcare Worker,US,False,Medium,Low,1213.46,6,2025-01-25
CUST03167,Jason Quinn,Individual,,Self-Employed,ES,False,Low,Low,2021.72,6,2025-05-24
CUST03168,Ford-Morgan,Business,Retail - E-commerce,,MX,False,Low,Medium,83011.71,40,2025-01-04
CUST03169,Cummings and Sons,Business,Cash-Intensive Retail (Convenience Store),,PK,False,High,Low,43425.67,8,2023-09-17
CUST03170,Marquez PLC,Business,Construction,,US,False,Medium,Medium,46563.21,32,2023-04-10
CUST03171,Monica Mueller,Individual,,Healthcare Worker,CH,False,Low,Low,2506.76,4,2024-09-16
CUST03172,Kimberly Gallagher,Individual,,Student,IT,False,Medium,Low,915.67,6,2025-02-02
CUST03173,Schneider-Lewis,Business,Retail - E-commerce,,US,False,Low,Low,17849.14,8,2022-10-27
CUST03174,Rodriguez-Pearson,Business,Real Estate Agency,,MX,False,Low,Medium,89778.76,30,2024-03-04
CUST03175,Tina Berg,Individual,,Government Employee,US,False,Low,Medium,7336.96,18,2025-02-14
CUST03176,Daniel Arnold,Individual,,Educator,FR,False,Low,Low,1163.89,7,2022-12-13
CUST03177,Teresa Reynolds,Individual,,Educator,AF,False,High,Low,935.95,6,2025-05-21
CUST03178,Daniel Bradley,Individual,,Healthcare Worker,HK,False,Medium,Low,1308.19,5,2023-01-31
CUST03179,Paul Elliott,Individual,,Government Employee,HK,False,Medium,Medium,6527.29,9,2022-12-11
CUST03180,Laura Owen,Individual,,Freelancer / Gig Worker,CH,False,Low,Low,2177.18,6,2022-11-25
CUST03181,Stewart-Sanchez,Business,Professional Services (Legal/Accounting),,MM,False,High,High,173723.14,61,2022-09-23
CUST03182,Katelyn Bishop,Individual,,Student,US,False,Low,Medium,10781.25,8,2021-12-01
CUST03183,"Davis, Jones and Smith",Business,Precious Metals Dealer,,MM,False,Medium,Medium,136205.24,22,2022-01-24
CUST03184,Brandon Huynh,Individual,,Government Employee,US,False,Low,Medium,8750.61,9,2024-08-26
CUST03185,Chris Lewis,Individual,,Government Employee,US,False,Low,Low,1760.72,10,2022-03-07
CUST03186,Terry Silva,Individual,,Salaried Employee,US,False,Low,Medium,6829.99,10,2025-06-01
CUST03187,Michael Roberts,Individual,,Retired,KH,False,Medium,Low,1060.91,10,2022-06-25
CUST03188,Caitlin Gilmore,Individual,,Salaried Employee,US,False,Low,Medium,7539.27,13,2023-01-03
CUST03189,Joseph Montgomery,Individual,,Business Owner,US,False,Low,Low,3555.57,6,2022-12-18
CUST03190,"Tran, Harrison and Lucero",Business,Education Services,,US,False,Low,Medium,84179.41,22,2023-09-27
CUST03191,Mary Thomas,Individual,,Self-Employed,US,False,Low,Medium,10329.28,13,2025-05-27
CUST03192,Andrew Beard,Individual,,Business Owner,YE,False,High,Medium,2999.86,18,2025-08-21
CUST03193,Christopher Smith,Individual,,Educator,PK,False,Medium,Medium,5918.09,15,2024-09-12
CUST03194,Richards-White,Business,Construction,,US,False,Low,Medium,34523.19,16,2021-10-14
CUST03195,Theresa Knight,Individual,,Self-Employed,NG,False,Medium,Low,1482.13,6,2024-07-04
CUST03196,Tanner Inc,Business,Healthcare Services,,NG,False,Medium,High,220515.47,75,2023-02-15
CUST03197,Eric Long,Individual,,Retired,LB,False,Medium,Low,1547.16,7,2022-11-21
CUST03198,Haney Ltd,Business,Professional Services (Legal/Accounting),,US,False,Low,Medium,116928.05,18,2023-04-18
CUST03199,Erica Dawson,Individual,,Self-Employed,BR,False,Low,Medium,6394.52,11,2022-04-29
CUST03200,William Simpson,Individual,,Freelancer / Gig Worker,US,False,Low,High,20695.36,25,2025-03-03
CUST03201,Diaz LLC,Business,Import/Export Trading,,US,False,Medium,Low,56848.46,15,2023-04-02
CUST03202,"Ramirez, Meyer and Moon",Business,Healthcare Services,,US,False,Low,High,216788.46,73,2025-10-13
CUST03203,Bullock-Williams,Business,Retail - E-commerce,,BR,False,Medium,High,181375.09,69,2023-08-25
CUST03204,Deborah Ferrell,Individual,,Educator,IT,False,Low,Low,1093.76,4,2024-06-27
CUST03205,Paul Wolf,Individual,,Student,KH,False,Medium,Medium,10935.81,15,2025-07-07
CUST03206,"Miller, Arnold and Anderson",Business,Money Service Business,,US,False,Low,High,809404.27,86,2021-09-16
CUST03207,Alicia James,Individual,,Healthcare Worker,GB,False,Low,Low,1008.57,7,2025-08-13
CUST03208,Andrew Powers,Individual,,Salaried Employee,US,False,Low,Low,1589.45,4,2024-10-22
CUST03209,Richardson-Hunt,Business,Professional Services (Legal/Accounting),,US,False,Low,Medium,60979.87,24,2025-03-24
CUST03210,Zimmerman-Anderson,Business,Cryptocurrency Exchange,,FR,False,Medium,Low,41735.48,7,2024-07-24
CUST03211,Kristen Burns,Individual,,Government Employee,LB,False,Medium,Low,2116.15,5,2023-11-20
CUST03212,Gentry Ltd,Business,Technology / SaaS,,US,True,Low,Low,15276.78,9,2022-05-04
CUST03213,Susan Hensley,Individual,,Healthcare Worker,US,False,Low,Low,2339.29,5,2022-08-01
CUST03214,Carl Gill,Individual,,Healthcare Worker,US,False,Low,Low,1544.69,4,2023-09-07
CUST03215,Thompson Inc,Business,Cash-Intensive Retail (Car Wash),,US,False,High,Medium,107156.41,25,2022-12-05
CUST03216,Cynthia Miller,Individual,,Retired,US,False,Low,Low,1794.26,6,2022-04-05
CUST03217,Sharp Ltd,Business,Healthcare Services,,ZA,False,Low,Medium,89741.05,19,2024-07-08
CUST03218,Lisa Moore,Individual,,Government Employee,DE,False,Low,Medium,4976.6,15,2025-07-15
CUST03219,Erin Ortega,Individual,,Educator,PH,False,Medium,Low,1815.46,6,2022-08-27
CUST03220,Charles Hardin,Individual,,Student,HK,False,Low,Medium,8665.07,13,2022-04-23
CUST03221,Nathan Davis,Individual,,Self-Employed,JP,False,Medium,Low,2360.19,5,2025-04-20
CUST03222,"Hall, Williams and Miller",Business,Manufacturing,,US,False,Low,Low,5877.16,9,2024-05-05
CUST03223,Cheryl Roth,Individual,,Business Owner,US,False,Low,Low,1471.73,10,2025-10-30
CUST03224,"Mccarthy, Harrison and Dennis",Business,Technology / SaaS,,IT,False,Low,Low,31591.14,8,2022-02-20
CUST03225,Jordan Miller,Individual,,Student,AU,False,Low,Medium,4127.07,15,2023-04-20
CUST03226,Shawn Johnston,Individual,,Student,US,False,Low,Low,771.85,6,2023-03-25
CUST03227,Michele Jones,Individual,,Business Owner,US,False,Low,Low,868.63,7,2023-03-18
CUST03228,Nicole Perez,Individual,,Business Owner,MX,False,Low,Low,1426.77,5,2024-12-22
CUST03229,Leslie Guzman,Individual,,Healthcare Worker,SY,False,High,High,21848.51,43,2025-12-05
CUST03230,"Mitchell, Simmons and Summers",Business,Cash-Intensive Retail (Restaurant),,US,False,Medium,Medium,145288.58,20,2023-09-01
CUST03231,Mary Donaldson,Individual,,Educator,US,False,Medium,Low,1260.91,7,2023-10-04
CUST03232,Christopher Brown,Individual,,Student,GB,False,Low,High,30430.78,23,2025-10-26
CUST03233,Nicholas Harvey,Individual,,Salaried Employee,PK,False,Low,Low,2652.14,6,2025-04-11
CUST03234,Craig Ltd,Business,Cryptocurrency Exchange,,US,False,Low,Low,22025.47,8,2025-05-30
CUST03235,Patrick Davis,Individual,,Educator,SG,False,Low,Medium,4357.47,15,2024-09-10
CUST03236,"Becker, Gregory and Jones",Business,Casino / Gaming,,VE,False,Medium,Low,66112.3,7,2023-11-07
CUST03237,Emma Howard,Individual,,Student,CA,False,Low,Low,1301.03,9,2025-09-14
CUST03238,Eric Burns,Individual,,Business Owner,IN,False,Low,Low,1571.85,5,2023-03-28
CUST03239,Matthews Inc,Business,Professional Services (Legal/Accounting),,ES,False,Low,Low,9836.33,12,2024-08-14
CUST03240,Spencer Nguyen,Individual,,Retired,US,False,Low,High,28953.46,15,2025-01-17
CUST03241,Melton-Marshall,Business,Casino / Gaming,,US,False,Low,High,450814.91,61,2022-12-01
CUST03242,Rojas Group,Business,Cash-Intensive Retail (Convenience Store),,US,False,Low,Low,49787.67,7,2025-03-09
CUST03243,Marks LLC,Business,Manufacturing,,US,False,Low,Medium,109296.74,22,2024-11-11
CUST03244,"Hernandez, Diaz and Hamilton",Business,Technology / SaaS,,AU,False,Low,Medium,36820.16,18,2023-02-01
CUST03245,Tracy Robinson,Individual,,Self-Employed,AF,False,High,Low,2107.57,7,2021-10-03
CUST03246,Kennedy-Nelson,Business,Money Service Business,,US,False,Medium,Medium,188001.86,23,2023-04-20
CUST03247,Crawford and Sons,Business,Construction,,US,False,Medium,High,147042.94,80,2024-03-14
CUST03248,Sarah Ramirez,Individual,,Self-Employed,BR,False,Low,Low,2161.98,8,2023-03-27
CUST03249,Dr. Jeffrey Valentine,Individual,,Salaried Employee,US,False,Low,Low,1224.88,4,2022-12-23
CUST03250,Costa-Brown,Business,Casino / Gaming,,KR,False,Medium,Medium,128971.77,35,2022-07-09
CUST03251,Frank Woods,Individual,,Self-Employed,US,False,Low,Low,1914.59,6,2024-01-29
CUST03252,Joseph Snyder,Individual,,Healthcare Worker,CH,False,Low,Low,1539.25,5,2023-06-17
CUST03253,Adam Parker,Individual,,Self-Employed,US,False,Low,Low,1749.75,5,2022-12-19
CUST03254,Eric Montgomery,Individual,,Self-Employed,UA,False,Low,Medium,6649.53,13,2022-08-27
CUST03255,Kendra Peterson,Individual,,Salaried Employee,ZA,False,Low,Low,2309.81,5,2024-10-16
CUST03256,"Shields, Wood and Waller",Business,Consulting Services,,HK,False,Low,Medium,51534.53,34,2022-02-26
CUST03257,Jacob Sanchez,Individual,,Salaried Employee,LB,False,Low,Medium,7824.26,16,2024-05-23
CUST03258,Susan Orr,Individual,,Educator,US,False,Low,Medium,2827.71,21,2025-09-01
CUST03259,Peters-Ray,Business,Consulting Services,,US,False,Low,Low,9427.49,11,2024-06-07
CUST03260,Stephanie Sheppard,Individual,,Salaried Employee,US,False,Low,Low,1201.59,5,2023-07-26
CUST03261,Lisa Li,Individual,,Salaried Employee,KR,False,Low,Low,1662.2,6,2023-09-26
CUST03262,Elliott-Zamora,Business,Professional Services (Legal/Accounting),,US,False,Low,Low,18306.49,9,2024-04-13
CUST03263,"Gilmore, Cruz and Hernandez",Business,Education Services,,US,False,Medium,High,196199.33,76,2024-05-09
CUST03264,John Morrison,Individual,,Student,US,False,Low,Medium,5756.88,13,2023-11-18
CUST03265,James Lee,Individual,,Government Employee,SG,False,Low,Medium,7350.98,14,2023-12-20
CUST03266,Helen Strickland,Individual,,Salaried Employee,AU,False,Low,Low,1111.77,6,2025-08-24
CUST03267,Mark Murphy,Individual,,Salaried Employee,US,False,Low,Low,2477.03,5,2025-09-21
CUST03268,"Thomas, Nelson and Flores",Business,Professional Services (Legal/Accounting),,US,False,Low,Medium,82937.25,26,2024-04-16
CUST03269,Kimberly Holloway,Individual,,Retired,NL,False,Low,Medium,6460.87,8,2023-03-21
CUST03270,"Jacobs, Phillips and Brown",Business,Precious Metals Dealer,,AU,False,Medium,Low,69914.95,9,2023-04-11
CUST03271,Kathy Wright,Individual,,Student,US,False,Low,Low,1075.0,8,2024-10-25
CUST03272,Haynes-Farrell,Business,Cryptocurrency Exchange,,US,False,Medium,Medium,176436.9,53,2024-02-26
CUST03273,Harris-Phillips,Business,Real Estate Agency,,JP,False,Low,Medium,46825.15,24,2021-11-11
CUST03274,"Schneider, Fisher and Richardson",Business,Cash-Intensive Retail (Car Wash),,US,False,Medium,High,432849.41,56,2022-11-15
CUST03275,James Moore,Individual,,Educator,US,False,Medium,Low,1362.2,7,2025-05-24
CUST03276,Rodriguez-Hill,Business,Real Estate Agency,,US,False,Low,Low,21294.21,14,2023-12-19
CUST03277,Lawrence Mitchell,Individual,,Salaried Employee,US,False,Low,High,31663.78,29,2022-09-17
CUST03278,Alan Williams,Individual,,Freelancer / Gig Worker,GB,False,Low,Low,1563.07,6,2024-05-24
CUST03279,"Woods, Thomas and Decker",Business,Cash-Intensive Retail (Convenience Store),,HK,False,Medium,Low,43188.87,9,2024-10-22
CUST03280,"Johnson, Hamilton and Nguyen",Business,Precious Metals Dealer,,US,False,Low,Low,36313.44,12,2023-02-18
CUST03281,Russell Johnson,Individual,,Student,US,False,Low,Low,1781.35,6,2024-01-09
CUST03282,Peter Williams,Individual,,Student,US,False,Medium,Low,713.24,11,2025-12-20
CUST03283,Sharp Ltd,Business,Import/Export Trading,,GB,False,Medium,Low,36868.97,14,2022-09-27
CUST03284,Brown-Jones,Business,Manufacturing,,GB,False,Low,Medium,73312.9,51,2022-11-27
CUST03285,Christopher Reeves,Individual,,Self-Employed,IN,False,Low,Low,1348.7,7,2022-05-26
CUST03286,Valerie Morgan,Individual,,Student,SG,False,Low,Low,2059.8,5,2025-02-16
CUST03287,Benjamin Morales,Individual,,Government Employee,US,False,Medium,Low,2013.66,6,2022-02-23
CUST03288,Maria Foster,Individual,,Retired,SE,False,Low,Medium,4543.81,13,2022-12-08
CUST03289,Ann Clark,Individual,,Freelancer / Gig Worker,US,True,Medium,Low,1044.5,6,2022-12-21
CUST03290,Thomas Green,Individual,,Educator,US,False,Low,Low,1296.67,6,2023-08-27
CUST03291,Newman PLC,Business,Import/Export Trading,,US,False,Medium,Medium,210815.45,25,2021-10-28
CUST03292,Day Ltd,Business,Technology / SaaS,,GB,False,Low,Medium,47462.29,56,2023-07-15
CUST03293,Andrew Blake,Individual,,Salaried Employee,SG,False,Low,Medium,2857.35,9,2022-12-01
CUST03294,Mason LLC,Business,Precious Metals Dealer,,US,False,Medium,Medium,153488.02,20,2024-11-29
CUST03295,"Santiago, Smith and Cannon",Business,Education Services,,IR,False,High,Medium,77278.19,31,2025-10-21
CUST03296,Caldwell Ltd,Business,Cash-Intensive Retail (Convenience Store),,US,False,High,Medium,63585.81,32,2025-02-23
CUST03297,Amanda Lawrence,Individual,,Freelancer / Gig Worker,CA,False,Low,Low,1808.57,6,2023-05-24
CUST03298,John Bailey,Individual,,Self-Employed,US,False,Medium,Low,1663.43,5,2022-04-21
CUST03299,"Keith, Hicks and Calderon",Business,Healthcare Services,,US,False,Low,High,271980.98,34,2024-12-29
CUST03300,Hernandez Inc,Business,Import/Export Trading,,US,False,Medium,High,337800.28,45,2024-01-05
CUST03301,James Price,Individual,,Business Owner,VE,False,High,Low,2415.1,4,2023-05-02
CUST03302,"Scott, Gonzalez and Hurst",Business,Real Estate Agency,,NL,False,Low,Medium,67969.95,32,2024-12-15
CUST03303,Dustin Johnson,Individual,,Salaried Employee,LB,False,Medium,Low,1208.9,6,2025-12-21
CUST03304,Harris-Rodriguez,Business,Education Services,,KP,False,High,Low,21458.48,14,2024-11-29
CUST03305,Newton and Sons,Business,Import/Export Trading,,US,False,Medium,Medium,176236.23,23,2023-04-27
CUST03306,Nancy Evans,Individual,,Salaried Employee,US,False,Low,Low,954.19,5,2023-06-10
CUST03307,"Meyers, Ward and Brown",Business,Cash-Intensive Retail (Restaurant),,US,False,Medium,Medium,181059.33,37,2023-07-28
CUST03308,"Zamora, Bridges and Robinson",Business,Cash-Intensive Retail (Restaurant),,SG,False,Low,Low,40197.19,10,2021-10-26
CUST03309,Daniel White,Individual,,Educator,US,False,Low,Low,2164.81,4,2024-06-16
CUST03310,Porter Ltd,Business,Real Estate Agency,,US,False,Low,Medium,59743.99,21,2024-12-03
CUST03311,Judith Myers,Individual,,Retired,LY,False,High,Low,1566.69,3,2023-01-09
CUST03312,Karen Carlson,Individual,,Self-Employed,US,False,Low,High,16226.82,26,2023-09-25
CUST03313,Brian Smith,Individual,,Student,US,False,Low,Medium,7212.12,19,2021-11-18
CUST03314,Shannon Arroyo,Individual,,Freelancer / Gig Worker,US,False,Low,Medium,6097.98,10,2021-08-14
CUST03315,James Carroll,Individual,,Retired,ES,False,Low,Low,1352.03,9,2022-12-22
CUST03316,Jacob Brewer,Individual,,Educator,PH,False,Medium,Low,1873.92,4,2025-03-20
CUST03317,"Walter, Jones and Butler",Business,Retail - E-commerce,,US,False,Low,High,303632.63,70,2021-10-22
CUST03318,Andrew Wilson,Individual,,Salaried Employee,US,False,Low,Low,1645.99,5,2022-10-28
CUST03319,Bryant-Randolph,Business,Cash-Intensive Retail (Restaurant),,NL,False,Medium,Medium,231129.07,21,2023-05-11
CUST03320,Mark Farley,Individual,,Business Owner,BR,False,Low,Low,1152.93,4,2021-11-16
CUST03321,Tara Thompson,Individual,,Self-Employed,CA,False,Low,Low,1691.24,5,2022-07-29
CUST03322,Hardy Group,Business,Cash-Intensive Retail (Restaurant),,MX,False,Low,High,830025.2,69,2023-12-10
CUST03323,Michael Castillo,Individual,,Student,FR,False,Low,Medium,6811.89,9,2022-12-03
CUST03324,James Bennett,Individual,,Freelancer / Gig Worker,LY,False,High,Low,1329.38,5,2021-12-07
CUST03325,Ronald Gutierrez DVM,Individual,,Freelancer / Gig Worker,US,False,Low,Medium,5971.4,9,2021-12-28
CUST03326,Tina Walter,Individual,,Self-Employed,AU,False,Low,Low,1717.56,4,2024-01-05
CUST03327,"Mendoza, Pham and Johnson",Business,Consulting Services,,US,False,Low,Low,11236.21,9,2023-12-06
CUST03328,Young Group,Business,Cash-Intensive Retail (Convenience Store),,MM,False,High,Low,46622.51,8,2021-08-20
CUST03329,Amanda Hart DVM,Individual,,Student,UA,False,Medium,Medium,5289.26,12,2025-10-09
CUST03330,Baldwin Ltd,Business,Cryptocurrency Exchange,,US,False,Medium,Medium,147705.28,22,2022-01-07
CUST03331,Brandon Richardson,Individual,,Business Owner,IN,False,Low,Low,867.3,8,2025-08-20
CUST03332,"Martin, Hopkins and Watson",Business,Healthcare Services,,US,False,Low,Low,11888.31,8,2022-11-09
CUST03333,Mark Russell,Individual,,Self-Employed,PA,False,Low,Low,1001.7,4,2025-01-13
CUST03334,Mcdonald-Reed,Business,Construction,,NL,False,Low,Medium,71604.71,14,2024-02-08
CUST03335,Olsen Group,Business,Precious Metals Dealer,,US,False,Low,Low,28772.49,7,2025-02-01
CUST03336,Jeffrey Guzman,Individual,,Retired,US,False,Low,Medium,7465.52,10,2022-10-15
CUST03337,Ian Owens,Individual,,Student,PK,False,Medium,Medium,6804.72,26,2023-01-06
CUST03338,Cooper Ltd,Business,Real Estate Agency,,US,False,Low,Low,11001.36,10,2022-11-07
CUST03339,Kimberly Collier,Individual,,Salaried Employee,MX,False,Low,Medium,7150.42,20,2022-12-22
CUST03340,Laura Rowland,Individual,,Business Owner,SG,False,Medium,Low,3715.96,3,2023-05-15
CUST03341,"Sanders, Colon and Gilmore",Business,Retail - E-commerce,,US,False,Low,High,262409.18,69,2025-11-18
CUST03342,Kelly Johnston,Individual,,Government Employee,UA,False,High,Low,1613.79,4,2023-10-14
CUST03343,"Ortega, Martin and Perez",Business,Manufacturing,,US,False,Low,Medium,103104.57,32,2024-06-19
CUST03344,Wilson-Dennis,Business,Precious Metals Dealer,,IT,False,Medium,High,888215.64,48,2024-10-16
CUST03345,Jennifer Sandoval,Individual,,Retired,SG,False,Low,Low,1056.02,6,2024-12-16
CUST03346,Gregory Russell,Individual,,Salaried Employee,US,False,Low,Low,3887.04,6,2022-07-10
CUST03347,Bowman Group,Business,Manufacturing,,PK,False,Medium,Medium,38510.16,32,2022-12-10
CUST03348,Stephanie Lopez,Individual,,Salaried Employee,US,False,Low,Low,1484.91,4,2021-08-15
CUST03349,Tracy Marsh,Individual,,Educator,US,False,Low,Medium,5206.87,15,2025-10-30
CUST03350,Benjamin Clements,Individual,,Government Employee,US,False,Low,Low,900.78,7,2023-09-04
CUST03351,Turner-Clark,Business,Professional Services (Legal/Accounting),,US,False,Low,Medium,58492.82,33,2022-06-10
CUST03352,Cheryl Smith,Individual,,Freelancer / Gig Worker,DE,False,Medium,Low,1449.03,4,2024-02-18
CUST03353,Clark Ltd,Business,Healthcare Services,,ES,False,Medium,Medium,97768.36,18,2022-03-23
CUST03354,Jesse Wilson,Individual,,Retired,BR,False,Low,Medium,6421.38,18,2024-08-28
CUST03355,Alexandra Harper,Individual,,Self-Employed,AE,False,Medium,High,23789.1,31,2024-07-15
CUST03356,Brooks-Torres,Business,Import/Export Trading,,BR,False,Medium,High,816489.61,101,2025-09-08
CUST03357,"Mendez, Williams and Henry",Business,Money Service Business,,SS,False,High,Low,77643.65,7,2021-11-19
CUST03358,Mr. David Wells DDS,Individual,,Salaried Employee,MX,False,Medium,Medium,6633.62,10,2022-06-14
CUST03359,Barker-Oliver,Business,Cash-Intensive Retail (Car Wash),,IT,False,Medium,High,1449913.14,77,2024-08-08
CUST03360,Melinda Vang,Individual,,Salaried Employee,UA,False,Medium,Medium,4126.91,12,2024-11-06
CUST03361,John Bullock,Individual,,Salaried Employee,IT,False,Medium,Low,1777.82,8,2025-08-28
CUST03362,Brandon Sanchez,Individual,,Self-Employed,US,False,Medium,Low,1216.87,5,2022-06-02
CUST03363,James-Rogers,Business,Cryptocurrency Exchange,,JP,False,Low,High,335190.87,69,2025-08-11
CUST03364,Morris PLC,Business,Consulting Services,,GB,False,Low,Medium,88825.7,19,2025-06-15
CUST03365,Austin Inc,Business,Cash-Intensive Retail (Restaurant),,SE,False,Low,Medium,145392.61,42,2021-09-14
CUST03366,"Anderson, Huffman and Norman",Business,Cryptocurrency Exchange,,SG,False,Medium,Medium,200081.87,29,2025-12-04
CUST03367,Jones-White,Business,Retail - E-commerce,,US,False,Low,Low,15818.35,9,2023-12-15
CUST03368,Jasmine Buckley,Individual,,Healthcare Worker,US,False,Low,Low,1760.4,6,2022-01-12
CUST03369,Richards-Wolfe,Business,Casino / Gaming,,SS,False,Medium,Medium,153422.52,30,2025-10-17
CUST03370,Jesse Nash,Individual,,Student,SY,False,High,Low,1234.36,4,2021-12-15
CUST03371,Burke-Simmons,Business,Real Estate Agency,,SG,False,Low,Medium,64549.19,20,2022-12-07
CUST03372,Angela Olson,Individual,,Retired,FR,False,Medium,Low,1746.62,4,2023-09-26
CUST03373,Hughes Ltd,Business,Real Estate Agency,,VE,False,Medium,Low,16435.36,11,2023-02-13
CUST03374,Amanda White,Individual,,Educator,TR,False,Low,Medium,5379.33,13,2024-07-05
CUST03375,Lauren Snyder,Individual,,Business Owner,IN,False,Low,Low,1304.65,8,2025-05-26
CUST03376,Tiffany Wilson,Individual,,Self-Employed,US,False,Low,Low,2048.44,6,2023-01-06
CUST03377,Patrick Potts,Individual,,Business Owner,US,False,Low,Low,2949.06,6,2021-10-26
CUST03378,Jacob Hale,Individual,,Government Employee,US,True,Medium,Low,1250.67,5,2021-10-16
CUST03379,Stephanie Richardson,Individual,,Educator,US,False,Low,Medium,6600.08,19,2022-07-10
CUST03380,Andrew Graham,Individual,,Student,US,False,Low,Low,2045.76,3,2025-03-17
CUST03381,Brandon Rich,Individual,,Government Employee,US,True,Medium,Low,1238.44,3,2024-08-29
CUST03382,Jonathon Sanchez,Individual,,Healthcare Worker,KP,False,High,Low,1066.54,5,2022-10-15
CUST03383,Johnson Inc,Business,Technology / SaaS,,US,False,Low,Medium,68964.57,21,2023-03-17
CUST03384,Jill Barajas,Individual,,Retired,AE,False,Medium,Low,1717.5,5,2024-10-16
CUST03385,"Baker, Jones and Tyler",Business,Money Service Business,,PK,False,High,Medium,169395.53,30,2023-03-13
CUST03386,"Gutierrez, Castro and Hall",Business,Cash-Intensive Retail (Convenience Store),,SE,False,Medium,Low,44904.27,5,2022-11-14
CUST03387,Paul Myers,Individual,,Student,US,True,Medium,Low,2858.45,4,2024-10-12
CUST03388,Dixon Inc,Business,Money Service Business,,IN,False,Medium,Medium,221871.01,17,2022-07-30
CUST03389,"Wade, Richards and Smith",Business,Casino / Gaming,,JP,False,Medium,Medium,183518.91,49,2022-10-13
CUST03390,David Castillo,Individual,,Student,MX,False,Low,Medium,11301.08,15,2023-06-08
CUST03391,John Mendoza,Individual,,Self-Employed,US,False,Low,Low,859.91,8,2022-06-17
CUST03392,Hughes Ltd,Business,Precious Metals Dealer,,IN,False,Low,Medium,210365.43,34,2022-03-22
CUST03393,Cameron Hicks,Individual,,Business Owner,US,False,Low,Low,1924.45,4,2022-03-13
CUST03394,William Jones,Individual,,Government Employee,US,False,Low,Medium,7848.37,14,2023-01-07
CUST03395,Sims Group,Business,Construction,,US,False,Low,Medium,42202.06,32,2024-09-10
CUST03396,Samantha Russell,Individual,,Student,GB,False,Low,Low,1052.07,6,2025-04-16
CUST03397,Frank Foster,Individual,,Student,SY,False,High,High,10508.09,33,2023-04-04
CUST03398,"Barber, Brooks and Cole",Business,Consulting Services,,US,False,Low,Medium,33459.2,19,2023-07-13
CUST03399,Bethany Mendez,Individual,,Freelancer / Gig Worker,KH,False,Medium,Medium,5566.36,19,2025-12-14
CUST03400,Lucas-Campos,Business,Casino / Gaming,,JP,False,Medium,Low,69722.37,8,2022-12-15
CUST03401,Joseph Crawford,Individual,,Student,MX,False,Low,Low,1814.26,4,2022-04-04
CUST03402,Greene-Butler,Business,Import/Export Trading,,RU,False,High,Medium,284693.25,17,2022-05-04
CUST03403,"Snow, Thomas and Davidson",Business,Charity / NPO,,CA,False,Medium,Low,35969.09,5,2024-10-05
CUST03404,Long-Marshall,Business,Technology / SaaS,,US,False,Low,High,247192.15,65,2024-07-09
CUST03405,Huff-Jacobs,Business,Import/Export Trading,,JP,False,Medium,High,874525.48,43,2024-03-28
CUST03406,Dixon-Hughes,Business,Import/Export Trading,,US,False,Medium,Medium,154063.12,15,2022-10-14
CUST03407,Rogers-Holt,Business,Retail - E-commerce,,IN,False,Low,High,342972.84,45,2024-07-12
CUST03408,"Black, Welch and King",Business,Consulting Services,,US,False,Low,Medium,72554.74,23,2023-11-25
CUST03409,Baxter-Wheeler,Business,Cash-Intensive Retail (Convenience Store),,GB,False,High,Medium,99178.15,19,2023-07-22
CUST03410,Mcintosh-Nguyen,Business,Construction,,US,False,Low,Low,14405.57,7,2023-08-27
CUST03411,Hannah Torres,Individual,,Healthcare Worker,NL,False,Low,Low,1983.88,9,2024-06-19
CUST03412,Jennifer Baker,Individual,,Student,US,False,Low,Medium,5957.71,14,2025-03-22
CUST03413,Chelsea Austin,Individual,,Salaried Employee,US,False,Medium,Low,3020.67,8,2022-10-20
CUST03414,"Phillips, Mcdaniel and Ward",Business,Cryptocurrency Exchange,,US,False,Low,High,571891.57,78,2024-05-07
CUST03415,Joel Meyer,Individual,,Retired,US,False,Low,Low,905.29,8,2022-08-13
CUST03416,Sherri Little,Individual,,Salaried Employee,US,False,Medium,Low,2394.08,5,2023-05-15
CUST03417,Madeline Rogers,Individual,,Freelancer / Gig Worker,GB,False,Low,Low,1427.04,10,2025-11-04
CUST03418,Sanchez-Washington,Business,Cash-Intensive Retail (Car Wash),,GB,False,Medium,Low,46432.16,7,2023-12-03
CUST03419,Judy Peterson,Individual,,Healthcare Worker,RU,False,Medium,High,25502.37,24,2023-10-14
CUST03420,Dawn Levy,Individual,,Educator,DE,False,Low,Low,1446.13,5,2024-12-17
CUST03421,Jones LLC,Business,Manufacturing,,BR,False,Low,High,270318.44,55,2025-10-30
CUST03422,Donovan-Pierce,Business,Retail - E-commerce,,US,False,Low,Medium,50266.69,26,2023-12-22
CUST03423,Jennifer Baker,Individual,,Self-Employed,US,False,Low,Low,2157.11,5,2025-04-03
CUST03424,"Holden, Larson and Alvarez",Business,Precious Metals Dealer,,US,False,Medium,Low,58923.74,9,2024-11-28
CUST03425,Wilson-White,Business,Cryptocurrency Exchange,,US,False,Low,High,1391823.9,57,2024-09-09
CUST03426,Wendy Williams,Individual,,Self-Employed,US,False,Low,Medium,5636.02,13,2022-03-20
CUST03427,Joshua Adams,Individual,,Government Employee,US,False,Low,Medium,5816.31,14,2022-06-07
CUST03428,"Mcdaniel, Harris and Vance",Business,Construction,,AU,False,Low,Medium,78936.74,22,2022-02-16
CUST03429,George Weber,Individual,,Retired,US,False,Low,Low,742.71,4,2023-12-23
CUST03430,David Robinson,Individual,,Self-Employed,FR,False,Low,Medium,5737.63,12,2023-11-20
CUST03431,Heather Young,Individual,,Salaried Employee,ZA,False,Low,Low,1733.15,8,2021-10-24
CUST03432,Emily Robinson,Individual,,Healthcare Worker,AE,False,Medium,Medium,12231.16,13,2024-11-16
CUST03433,Luis Best,Individual,,Self-Employed,SY,False,High,Medium,8166.05,11,2022-05-24
CUST03434,Lisa Dickson,Individual,,Government Employee,NG,False,Low,High,18317.94,23,2025-10-02
CUST03435,David Russell,Individual,,Freelancer / Gig Worker,US,False,Low,Medium,6474.04,15,2023-09-04
CUST03436,Lynch-Mcclain,Business,Real Estate Agency,,US,True,Low,High,321983.57,64,2023-06-29
CUST03437,Aaron Lambert,Individual,,Business Owner,US,False,Low,Low,1203.94,4,2025-04-27
CUST03438,"Valencia, Atkinson and Griffin",Business,Cash-Intensive Retail (Convenience Store),,JP,False,Medium,Low,44095.28,7,2023-08-05
CUST03439,Bradley Marquez,Individual,,Educator,AF,False,High,Medium,4096.1,12,2025-05-19
CUST03440,Stevenson Group,Business,Cash-Intensive Retail (Convenience Store),,US,False,Low,Medium,188931.39,30,2024-11-07
CUST03441,Phillip Harris,Individual,,Educator,US,False,Low,Medium,7764.45,17,2025-10-19
CUST03442,Shaun Peterson,Individual,,Government Employee,FR,False,Low,Low,1048.27,5,2021-10-17
CUST03443,Mr. Ryan Obrien MD,Individual,,Government Employee,HK,False,Low,Low,2767.84,5,2022-04-11
CUST03444,Melissa Gray,Individual,,Healthcare Worker,US,False,Low,Medium,3166.31,15,2025-01-20
CUST03445,Robinson LLC,Business,Real Estate Agency,,US,False,Low,High,551148.58,68,2025-01-23
CUST03446,Wright-Roberts,Business,Cash-Intensive Retail (Car Wash),,KR,False,High,Low,42377.81,14,2023-08-01
CUST03447,Shawn Yu,Individual,,Freelancer / Gig Worker,IT,False,Low,High,30038.04,43,2023-09-11
CUST03448,Amy Marquez,Individual,,Government Employee,IN,False,Low,Low,2095.96,5,2021-10-20
CUST03449,Armstrong-Ward,Business,Precious Metals Dealer,,US,False,Low,Low,32933.9,11,2021-10-16
CUST03450,Graham-Griffin,Business,Professional Services (Legal/Accounting),,US,False,Low,Medium,72401.76,21,2025-03-23
CUST03451,David Perez,Individual,,Salaried Employee,FR,False,Low,Low,1641.63,5,2024-09-25
CUST03452,Mendoza-Jackson,Business,Healthcare Services,,GB,False,Low,Medium,51585.25,20,2026-01-06
CUST03453,"Schmidt, Gonzalez and Johnson",Business,Casino / Gaming,,ZA,False,Low,Low,38888.56,7,2024-11-11
CUST03454,Philip Davis,Individual,,Retired,MM,False,Medium,Medium,9562.77,25,2022-12-20
CUST03455,Michael Williams,Individual,,Business Owner,US,False,Low,Medium,5320.76,17,2022-04-17
CUST03456,"Frederick, Chavez and Carter",Business,Real Estate Agency,,AU,False,Medium,Low,17678.78,7,2025-04-29
CUST03457,Thomas Perez,Individual,,Student,ES,False,Medium,Low,2066.11,6,2024-04-08
CUST03458,Austin Wiggins,Individual,,Educator,US,False,Medium,Low,1325.59,4,2022-01-23
CUST03459,"Pena, Mueller and Mckay",Business,Precious Metals Dealer,,SG,False,Medium,High,726141.56,41,2023-02-11
CUST03460,John Henderson,Individual,,Self-Employed,AE,False,High,Medium,5292.77,12,2023-01-17
CUST03461,Robert Gonzalez,Individual,,Government Employee,ZA,False,Low,Medium,6058.1,15,2022-04-10
CUST03462,Brian Roth,Individual,,Salaried Employee,NL,False,Low,Medium,10160.26,10,2023-02-20
CUST03463,"Martinez, Ford and Hodges",Business,Money Service Business,,US,False,Low,Low,40494.28,15,2023-02-20
CUST03464,Timothy Sanchez,Individual,,Healthcare Worker,US,False,Low,Medium,8921.06,10,2021-09-10
CUST03465,Christopher Nelson,Individual,,Self-Employed,US,False,Low,Low,1201.4,8,2021-10-17
CUST03466,"Wagner, Brown and Taylor",Business,Real Estate Agency,,US,False,Low,High,243348.93,53,2022-01-11
CUST03467,Ryan Allen,Individual,,Business Owner,US,False,Low,Medium,6525.91,16,2024-09-27
CUST03468,Diana Sanchez,Individual,,Freelancer / Gig Worker,MX,False,Low,Low,1051.32,5,2023-02-09
CUST03469,"Rodriguez, Wright and Bowman",Business,Charity / NPO,,IT,False,Medium,Low,66863.47,10,2021-12-23
CUST03470,James Smith,Individual,,Salaried Employee,US,False,Low,Low,2406.76,7,2025-07-15
CUST03471,Katherine Webster,Individual,,Freelancer / Gig Worker,US,False,Low,High,22785.14,28,2025-01-19
CUST03472,"Owens, Holland and Stone",Business,Education Services,,US,False,Low,Medium,49106.23,18,2025-01-23
CUST03473,Mills-Russell,Business,Education Services,,NL,False,Low,Low,10370.6,8,2025-11-24
CUST03474,Beth Johnson,Individual,,Healthcare Worker,US,False,Medium,Low,2103.42,6,2022-03-30
CUST03475,"Vang, Wilkinson and Wilson",Business,Charity / NPO,,SY,False,High,Medium,127394.45,36,2025-02-15
CUST03476,Bennett-Brooks,Business,Cash-Intensive Retail (Convenience Store),,SE,False,Medium,Low,33988.36,8,2024-04-17
CUST03477,Dr. Daniel Hampton,Individual,,Government Employee,SG,False,Medium,Low,1160.55,4,2022-11-14
CUST03478,Kevin Blake,Individual,,Student,TR,False,Medium,Low,943.26,5,2022-10-22
CUST03479,Elizabeth Sanchez,Individual,,Freelancer / Gig Worker,US,False,Low,High,20273.81,29,2021-10-03
CUST03480,Mckee LLC,Business,Precious Metals Dealer,,MX,False,Medium,Medium,131982.84,23,2025-10-04
CUST03481,Owens-Marshall,Business,Education Services,,CH,False,Medium,Medium,56694.69,40,2023-05-11
CUST03482,Jason Williams,Individual,,Student,SY,False,High,Medium,12625.97,13,2022-11-09
CUST03483,Tammy Phillips,Individual,,Student,US,False,Low,Low,717.11,6,2022-01-26
CUST03484,Marshall-Hughes,Business,Import/Export Trading,,MM,False,High,Medium,149251.0,22,2025-04-21
CUST03485,Edward Nicholson,Individual,,Student,US,False,Low,Medium,5596.58,15,2025-09-04
CUST03486,Villa Group,Business,Retail - E-commerce,,CH,False,Low,High,282203.7,27,2022-03-12
CUST03487,Rivera-Collins,Business,Precious Metals Dealer,,US,False,High,Low,39176.59,7,2025-12-05
CUST03488,Smith Inc,Business,Real Estate Agency,,NG,False,Low,Medium,51568.81,27,2022-11-10
CUST03489,"Dawson, Nelson and Johnson",Business,Professional Services (Legal/Accounting),,IT,True,High,Medium,78452.29,40,2023-06-24
CUST03490,Jacqueline West,Individual,,Retired,DE,False,Low,Medium,5890.84,10,2024-06-16
CUST03491,"Stevens, Howell and Mitchell",Business,Consulting Services,,US,False,Low,Low,14449.43,7,2022-01-19
CUST03492,Laurie Stephenson,Individual,,Salaried Employee,US,False,Medium,Medium,4511.6,15,2025-10-06
CUST03493,Gallagher-Johnson,Business,Charity / NPO,,YE,False,Medium,Low,32543.21,5,2025-12-02
CUST03494,Walter Fitzpatrick,Individual,,Retired,FR,False,Low,Low,1332.9,5,2024-10-31
CUST03495,Guerrero-Gonzales,Business,Casino / Gaming,,US,False,High,Medium,96581.89,23,2023-11-21
CUST03496,Philip Gonzalez,Individual,,Student,ZA,False,Low,Low,883.12,11,2024-11-18
CUST03497,Daniel Williams,Individual,,Educator,FR,False,Low,Low,902.17,4,2021-09-20
CUST03498,Cheyenne Hudson,Individual,,Government Employee,PH,False,Low,Low,2000.63,4,2025-03-03
CUST03499,Sonya Simmons,Individual,,Retired,MX,False,Low,Medium,9304.21,20,2023-10-15
CUST03500,Christine Ritter MD,Individual,,Freelancer / Gig Worker,FR,False,Medium,High,27602.5,22,2021-12-08
CUST03501,John Jones,Individual,,Government Employee,ZA,False,Medium,Medium,7140.3,16,2025-08-07
CUST03502,Carol Chambers,Individual,,Freelancer / Gig Worker,US,False,Low,Medium,7961.01,11,2022-08-03
CUST03503,Joe Lam,Individual,,Healthcare Worker,US,False,Low,Medium,9911.91,11,2024-10-13
CUST03504,Tina Scott,Individual,,Self-Employed,NL,False,Low,Low,1051.66,10,2024-06-06
CUST03505,"Ortega, Rose and Contreras",Business,Cash-Intensive Retail (Car Wash),,FR,False,Medium,Medium,192631.78,29,2026-01-15
CUST03506,"Ramirez, Wheeler and Mosley",Business,Manufacturing,,SG,False,Low,Low,16063.35,9,2023-07-17
CUST03507,Jessica Nelson,Individual,,Business Owner,TR,False,Low,Medium,6279.26,20,2025-12-11
CUST03508,William Esparza,Individual,,Government Employee,US,False,Low,Low,2725.59,6,2022-01-20
CUST03509,Elizabeth Roy,Individual,,Government Employee,SG,False,Low,Medium,7184.2,10,2022-07-10
CUST03510,Peters and Sons,Business,Charity / NPO,,JP,False,Low,Medium,207183.23,36,2023-09-25
CUST03511,Christian Garcia,Individual,,Student,US,False,Low,Medium,4522.8,13,2025-12-02
CUST03512,Gutierrez-Ross,Business,Education Services,,US,False,Low,Medium,52754.22,16,2024-06-08
CUST03513,David Dean,Individual,,Healthcare Worker,US,False,Low,Low,1146.37,5,2022-03-08
CUST03514,Tammy Brown,Individual,,Freelancer / Gig Worker,US,False,Low,Low,1692.67,3,2025-01-26
CUST03515,Moore-Kennedy,Business,Manufacturing,,GB,False,Low,High,321408.43,63,2021-11-17
CUST03516,Pace-Wilson,Business,Casino / Gaming,,US,False,Low,High,1120779.48,67,2023-08-16
CUST03517,Dr. Timothy Sanders,Individual,,Business Owner,US,False,Low,High,19067.3,25,2023-06-09
CUST03518,Samuel Mitchell,Individual,,Government Employee,US,False,Low,High,17056.51,27,2023-01-08
CUST03519,Moore-Murphy,Business,Import/Export Trading,,RU,False,Medium,Medium,185458.12,34,2024-10-27
CUST03520,Ashlee Miller,Individual,,Student,US,False,Low,Medium,3656.39,11,2021-09-09
CUST03521,Fernandez Group,Business,Professional Services (Legal/Accounting),,US,False,Low,Low,9865.09,9,2022-05-27
CUST03522,Rebecca Terry,Individual,,Freelancer / Gig Worker,US,False,Low,High,15589.74,14,2022-11-28
CUST03523,April Thompson MD,Individual,,Self-Employed,US,False,Low,High,21964.33,33,2024-09-26
CUST03524,Tamara Graves,Individual,,Healthcare Worker,NL,False,Low,High,37058.69,28,2022-05-12
CUST03525,Martin LLC,Business,Precious Metals Dealer,,US,False,Medium,Low,52443.91,8,2024-06-04
CUST03526,Williams PLC,Business,Cash-Intensive Retail (Convenience Store),,PH,False,High,Low,61698.42,10,2022-04-26
CUST03527,Lisa Underwood MD,Individual,,Government Employee,US,False,Low,Low,1384.22,6,2023-01-23
CUST03528,Holloway-Henry,Business,Healthcare Services,,PH,False,Medium,Low,13478.04,7,2023-11-22
CUST03529,"Carter, Copeland and Jones",Business,Charity / NPO,,HK,False,Medium,High,1091800.53,116,2024-01-14
CUST03530,Joel Phelps,Individual,,Educator,US,False,Low,Low,2057.16,8,2022-12-16
CUST03531,Melissa Davis,Individual,,Educator,US,False,Low,Low,1644.55,10,2023-07-10
CUST03532,"Campbell, Long and Morgan",Business,Healthcare Services,,PK,False,High,High,429836.18,35,2023-01-01
CUST03533,"Kennedy, Chavez and Lynn",Business,Cryptocurrency Exchange,,BR,False,High,High,559247.03,61,2024-03-22
CUST03534,Michael Morales,Individual,,Freelancer / Gig Worker,US,False,Low,Low,2400.67,9,2023-08-14
CUST03535,Wade-Clark,Business,Retail - E-commerce,,US,False,Low,Low,10379.14,11,2025-07-17
CUST03536,Warner Inc,Business,Cash-Intensive Retail (Convenience Store),,ES,False,Low,High,631845.95,84,2022-04-17
CUST03537,Shaun Hernandez,Individual,,Healthcare Worker,MX,False,Low,Low,2009.6,5,2025-06-08
CUST03538,Hernandez Inc,Business,Cash-Intensive Retail (Convenience Store),,US,False,Medium,Low,29877.61,13,2024-01-08
CUST03539,Melissa Riley,Individual,,Salaried Employee,DE,False,Low,Medium,5640.29,14,2025-09-18
CUST03540,Ortiz-Spears,Business,Money Service Business,,US,False,High,Medium,206812.72,34,2024-03-10
CUST03541,"Clark, Kennedy and Johnson",Business,Consulting Services,,IT,False,Low,Medium,99396.38,19,2022-12-13
CUST03542,Gregory Williams,Individual,,Retired,ES,True,Medium,Low,1056.15,7,2023-10-06
CUST03543,Lopez-Jimenez,Business,Casino / Gaming,,IN,False,Medium,Medium,185229.27,27,2024-12-30
CUST03544,"Huffman, Cole and Cabrera",Business,Precious Metals Dealer,,US,False,Medium,Low,35017.86,10,2025-03-18
CUST03545,"Edwards, Sexton and Knight",Business,Consulting Services,,SG,False,Low,Low,17272.9,13,2023-03-08
CUST03546,Richard Best,Individual,,Healthcare Worker,US,False,Medium,Low,1700.08,4,2025-02-25
CUST03547,Tucker LLC,Business,Precious Metals Dealer,,PK,False,High,Medium,172216.21,25,2022-11-17
CUST03548,Charles Hunt,Individual,,Business Owner,NG,False,Medium,Medium,5651.3,16,2025-10-31
CUST03549,Solomon-Le,Business,Healthcare Services,,US,False,Low,Low,15653.56,10,2025-03-04
CUST03550,Townsend Ltd,Business,Precious Metals Dealer,,CU,False,High,High,587235.06,50,2024-09-07
CUST03551,Rebecca Watson,Individual,,Healthcare Worker,US,False,Medium,Medium,5729.6,25,2021-08-22
CUST03552,Raymond Costa,Individual,,Government Employee,US,False,Low,Medium,4882.5,25,2023-05-02
CUST03553,Gary Hopkins,Individual,,Government Employee,US,False,Low,Medium,9307.8,17,2025-11-29
CUST03554,Schmidt-Preston,Business,Real Estate Agency,,AU,False,Low,Low,18705.96,11,2023-04-17
CUST03555,Carrillo-Simon,Business,Charity / NPO,,US,False,Medium,Medium,358549.81,31,2021-12-14
CUST03556,Nathan Payne,Individual,,Self-Employed,US,False,Low,Low,2562.69,8,2025-07-02
CUST03557,Gary Russell,Individual,,Student,NL,False,Low,Low,815.05,5,2022-02-25
CUST03558,Shawn Hickman,Individual,,Salaried Employee,US,False,Low,Medium,6919.38,13,2023-08-01
CUST03559,Davenport-Walker,Business,Construction,,US,False,Low,Medium,68697.1,29,2023-11-14
CUST03560,Matthew Williams,Individual,,Business Owner,IT,False,Low,Low,1627.51,5,2023-07-27
CUST03561,Lauren Foster,Individual,,Educator,ZA,False,Low,Medium,5800.27,18,2021-08-27
CUST03562,Amanda Crane,Individual,,Educator,NL,False,Low,Medium,6752.8,23,2025-06-09
CUST03563,Aaron Williams,Individual,,Retired,US,False,Low,Low,1243.98,9,2022-04-07
CUST03564,Nichols-Lam,Business,Professional Services (Legal/Accounting),,BR,False,Low,High,259715.66,89,2025-02-28
CUST03565,Sean Oconnor,Individual,,Self-Employed,GB,False,Low,Medium,7592.23,16,2024-03-22
CUST03566,Mary Crawford,Individual,,Freelancer / Gig Worker,PH,False,Medium,Medium,5338.31,16,2023-06-08
CUST03567,Kristen Chan,Individual,,Educator,AE,False,Low,Low,1842.65,5,2023-08-13
CUST03568,Castro-Murphy,Business,Education Services,,FR,False,Low,Medium,68562.18,38,2023-04-28
CUST03569,Jeffrey Murphy,Individual,,Business Owner,US,False,Low,Medium,5750.58,14,2023-09-16
CUST03570,Smith-Anderson,Business,Education Services,,PA,False,Medium,Medium,41812.14,27,2023-10-25
CUST03571,Sandoval Ltd,Business,Cash-Intensive Retail (Car Wash),,TR,False,High,High,790863.68,55,2023-10-21
CUST03572,Taylor Harris,Individual,,Healthcare Worker,BR,False,Low,Low,779.53,4,2023-01-05
CUST03573,Phillip Roberts,Individual,,Government Employee,SE,False,Low,Medium,4073.76,15,2022-03-15
CUST03574,Christopher Martinez,Individual,,Freelancer / Gig Worker,IT,False,Low,Low,829.32,6,2021-08-24
CUST03575,Andrea Townsend,Individual,,Business Owner,VE,False,High,Low,1766.31,9,2023-12-01
CUST03576,Ashley Hayes,Individual,,Healthcare Worker,US,False,Low,Low,942.98,4,2022-08-26
CUST03577,Sandy Nichols,Individual,,Educator,RU,False,Low,Low,1413.13,6,2025-12-17
CUST03578,Olson PLC,Business,Education Services,,US,False,Low,High,286086.09,61,2023-12-26
CUST03579,Heather Davis,Individual,,Government Employee,CA,False,Low,Medium,6480.22,14,2023-02-13
CUST03580,Drake-Gardner,Business,Retail - E-commerce,,US,False,Low,High,213396.98,50,2023-09-30
CUST03581,Susan Oliver,Individual,,Salaried Employee,US,False,Low,Low,1804.39,7,2022-05-09
CUST03582,Carla Peterson DDS,Individual,,Retired,IT,False,Medium,High,34517.98,51,2023-04-09
CUST03583,Ritter-Todd,Business,Money Service Business,,HK,False,Medium,Medium,125580.65,18,2024-08-09
CUST03584,Peterson Group,Business,Healthcare Services,,SE,False,Low,High,362601.72,60,2025-04-18
CUST03585,Jose Cain,Individual,,Student,PH,False,Medium,Medium,5367.27,8,2023-06-04
CUST03586,Lee Ltd,Business,Construction,,JP,False,Medium,Medium,65679.28,26,2025-09-23
CUST03587,Nicole Jones,Individual,,Salaried Employee,CH,False,Low,Low,1029.79,7,2023-07-19
CUST03588,"Peck, Norman and Grant",Business,Cash-Intensive Retail (Car Wash),,BR,False,High,Medium,90801.22,29,2025-07-06
CUST03589,Morris-Wood,Business,Cash-Intensive Retail (Convenience Store),,AU,False,Medium,Low,102450.24,7,2021-12-22
CUST03590,Chavez Inc,Business,Retail - E-commerce,,DE,False,Low,High,363694.38,75,2024-08-22
CUST03591,Matthew Watson,Individual,,Educator,ZA,False,Low,Low,1332.15,12,2024-07-01
CUST03592,Brady-Smith,Business,Cash-Intensive Retail (Restaurant),,US,False,Medium,Medium,228023.05,30,2024-04-19
CUST03593,Angela Cameron,Individual,,Healthcare Worker,UA,False,Medium,Medium,6670.65,14,2026-01-17
CUST03594,"Miranda, Watkins and Kennedy",Business,Education Services,,UA,False,Medium,High,171481.16,56,2024-07-07
CUST03595,Robert Hartman,Individual,,Salaried Employee,PK,False,Medium,Low,1714.95,6,2024-04-25
CUST03596,Joshua Coleman,Individual,,Government Employee,TR,False,Medium,Low,3123.29,6,2021-12-12
CUST03597,Amy Evans,Individual,,Educator,US,False,Low,High,23244.14,21,2022-10-13
CUST03598,Robyn Kidd,Individual,,Government Employee,ZA,False,Low,High,17650.98,54,2024-01-03
CUST03599,Atkinson-Zavala,Business,Import/Export Trading,,GB,False,Low,Medium,223837.3,21,2024-09-17
CUST03600,Jimenez Ltd,Business,Charity / NPO,,TR,False,Medium,Low,38102.8,15,2024-03-02
CUST03601,Alexander Mitchell,Individual,,Business Owner,IN,False,Low,Medium,9241.05,17,2023-03-11
CUST03602,Sheila Velazquez,Individual,,Self-Employed,US,False,Low,Medium,4680.26,14,2022-06-21
CUST03603,Brandon Baker,Individual,,Business Owner,US,False,Low,Low,2913.52,4,2024-06-16
CUST03604,Caleb Ray,Individual,,Student,US,False,Low,Low,2195.47,6,2022-04-15
CUST03605,Donald Skinner,Individual,,Salaried Employee,US,False,Low,Medium,3409.24,16,2022-04-18
CUST03606,"Dunn, Ray and Vaughn",Business,Healthcare Services,,NL,False,Low,Medium,45538.88,29,2024-02-23
CUST03607,Mary Garcia,Individual,,Educator,FR,False,Low,Low,1297.35,7,2025-01-19
CUST03608,Collins Group,Business,Professional Services (Legal/Accounting),,US,False,Low,High,266862.25,41,2022-05-29
CUST03609,Debra Williams,Individual,,Business Owner,US,False,Low,Medium,3742.1,13,2022-03-15
CUST03610,Rush PLC,Business,Cash-Intensive Retail (Car Wash),,US,False,Low,Medium,174499.74,27,2021-08-26
CUST03611,John Harrison,Individual,,Retired,CA,False,Low,Low,2002.27,5,2024-09-08
CUST03612,Brian Moore,Individual,,Retired,KR,False,Low,High,47085.64,33,2023-09-22
CUST03613,Christopher Wong,Individual,,Educator,IN,False,Low,Medium,2183.33,15,2022-07-02
CUST03614,"Burnett, Ruiz and Daniel",Business,Real Estate Agency,,ZA,False,Low,Medium,86148.86,20,2022-09-11
CUST03615,Tyler Shields,Individual,,Self-Employed,US,True,Medium,Medium,6707.12,10,2025-12-14
CUST03616,Mayo Inc,Business,Import/Export Trading,,PH,False,Medium,High,748157.8,65,2026-01-24
CUST03617,Ray-Blair,Business,Manufacturing,,AF,False,High,High,137094.24,63,2023-03-19
CUST03618,David Jordan DDS,Individual,,Business Owner,US,False,Low,Low,673.9,5,2024-12-02
CUST03619,Joseph Cooper,Individual,,Salaried Employee,US,False,Low,Low,1011.31,3,2025-01-21
CUST03620,Jennifer Lane,Individual,,Retired,US,False,Low,Medium,12607.35,13,2023-11-28
CUST03621,Scott Martinez,Individual,,Salaried Employee,SS,False,High,Medium,7539.92,7,2025-03-11
CUST03622,Wong-Jimenez,Business,Cash-Intensive Retail (Car Wash),,US,False,Medium,Low,49097.9,9,2022-08-05
CUST03623,Garza-Francis,Business,Cash-Intensive Retail (Car Wash),,CA,False,Medium,Medium,219596.92,39,2022-09-16
CUST03624,Robin Carpenter,Individual,,Government Employee,PH,False,Low,Low,2472.78,6,2023-09-25
CUST03625,Andrew Bolton,Individual,,Educator,US,False,Low,High,14254.65,34,2022-01-05
CUST03626,Melinda Anderson,Individual,,Retired,US,False,Low,Medium,6551.98,13,2023-06-22
CUST03627,Brian Smith,Individual,,Retired,US,False,Medium,Low,1821.53,6,2023-05-29
CUST03628,Sandra Smith,Individual,,Salaried Employee,AU,False,Low,Medium,6075.82,16,2022-07-12
CUST03629,Jeremy Thomas,Individual,,Retired,US,False,Low,Low,1983.3,7,2022-08-31
CUST03630,Nguyen-Jenkins,Business,Precious Metals Dealer,,ES,False,Medium,Low,53755.99,7,2026-01-12
CUST03631,Jill Harris,Individual,,Healthcare Worker,US,True,Low,Low,2267.87,5,2022-11-10
CUST03632,Harry Berg,Individual,,Self-Employed,US,False,Low,Low,1503.75,5,2023-09-07
CUST03633,Burns-Hill,Business,Real Estate Agency,,UA,False,Low,Medium,91219.65,17,2022-01-13
CUST03634,Smith-Ford,Business,Money Service Business,,SG,False,Medium,Low,32661.41,13,2022-02-20
CUST03635,Sandra Goodman,Individual,,Healthcare Worker,UA,False,Low,Medium,6227.81,18,2026-01-28
CUST03636,Harris-Rodriguez,Business,Real Estate Agency,,US,False,Low,High,138743.08,69,2024-01-23
CUST03637,Campbell and Sons,Business,Construction,,ZA,False,Low,High,279503.81,46,2025-03-30
CUST03638,Kennedy PLC,Business,Retail - E-commerce,,US,False,Low,High,196270.68,37,2022-03-04
CUST03639,Hannah Newman,Individual,,Freelancer / Gig Worker,US,False,Low,Medium,6797.51,14,2025-06-10
CUST03640,Barker LLC,Business,Money Service Business,,US,False,Low,High,711581.51,47,2025-09-03
CUST03641,Nelson-Castillo,Business,Real Estate Agency,,US,False,Low,Low,13186.54,8,2025-05-06
CUST03642,Smith and Sons,Business,Precious Metals Dealer,,GB,False,Medium,Medium,150253.05,17,2025-10-01
CUST03643,William Arnold,Individual,,Student,BR,False,Low,Low,1476.09,4,2022-11-06
CUST03644,Adams LLC,Business,Money Service Business,,VE,False,Medium,High,827515.11,66,2026-01-21
CUST03645,Vaughn-Nelson,Business,Real Estate Agency,,VE,False,High,Medium,47822.27,16,2026-01-04
CUST03646,Nicole Smith,Individual,,Salaried Employee,US,False,Low,High,20600.34,14,2022-07-12
CUST03647,Roach LLC,Business,Manufacturing,,US,False,Low,Low,14448.19,6,2023-09-11
CUST03648,Mary Hawkins,Individual,,Retired,US,False,Medium,Medium,5128.78,9,2023-03-05
CUST03649,Vanessa Smith,Individual,,Student,NL,False,Medium,Low,2008.43,3,2021-10-13
CUST03650,Mack-Carrillo,Business,Healthcare Services,,MX,False,Low,Low,15149.39,13,2025-03-10
CUST03651,"Peterson, Castillo and Lopez",Business,Money Service Business,,MX,False,Low,High,1074019.47,33,2024-03-22
CUST03652,Jessica Horton,Individual,,Freelancer / Gig Worker,TR,False,Low,Low,2222.64,5,2023-12-06
CUST03653,"Gonzalez, Morales and Wilkinson",Business,Import/Export Trading,,FR,False,Medium,Medium,156919.6,34,2024-08-26
CUST03654,John Gonzalez,Individual,,Healthcare Worker,BR,False,Low,Low,1365.01,10,2023-09-13
CUST03655,Scott Kelly,Individual,,Retired,US,False,Low,Low,2102.62,6,2023-09-02
CUST03656,Katherine Jordan,Individual,,Salaried Employee,BR,False,Low,Low,1391.72,3,2021-10-04
CUST03657,"Jones, Cunningham and Taylor",Business,Cryptocurrency Exchange,,GB,False,Low,Low,29532.28,8,2025-02-10
CUST03658,Harris Group,Business,Real Estate Agency,,US,False,Medium,Low,17769.77,10,2022-03-27
CUST03659,William Dunn,Individual,,Student,RU,False,Medium,Low,1084.07,7,2022-10-09
CUST03660,Rojas and Sons,Business,Import/Export Trading,,NL,False,Medium,Low,26894.63,7,2024-10-09
CUST03661,Johnson Inc,Business,Education Services,,MX,False,Medium,High,212177.27,57,2025-02-05
CUST03662,Douglas Chapman,Individual,,Business Owner,IT,False,Low,High,22698.21,29,2025-06-11
CUST03663,Davis and Sons,Business,Real Estate Agency,,AE,False,Medium,Low,12677.33,9,2022-08-18
CUST03664,David George,Individual,,Business Owner,MX,False,Low,High,22248.5,30,2023-09-02
CUST03665,Alvarez LLC,Business,Consulting Services,,ES,False,Low,Medium,72903.96,28,2023-01-14
CUST03666,Melissa Smith,Individual,,Salaried Employee,ZA,False,Low,Low,1255.75,6,2025-10-12
CUST03667,Flynn LLC,Business,Casino / Gaming,,PK,False,High,Medium,123780.91,25,2022-06-20
CUST03668,Kevin Buckley,Individual,,Self-Employed,ES,False,Low,High,12185.78,32,2023-12-24
CUST03669,Simmons LLC,Business,Cash-Intensive Retail (Convenience Store),,US,False,Medium,Medium,192348.43,20,2024-08-26
CUST03670,Kristie Martin,Individual,,Student,US,False,Low,Medium,10114.37,11,2022-06-12
CUST03671,Ms. Mary Lee,Individual,,Retired,US,False,Medium,High,35779.19,25,2022-12-14
CUST03672,Mclaughlin Ltd,Business,Education Services,,ZA,False,Low,Medium,50825.38,21,2023-02-22
CUST03673,Wilcox and Sons,Business,Precious Metals Dealer,,IN,False,Medium,Medium,110959.23,19,2022-09-30
CUST03674,Murray-Stanley,Business,Retail - E-commerce,,KP,False,High,High,381719.21,57,2023-07-15
CUST03675,"Taylor, Wilson and Barr",Business,Cash-Intensive Retail (Car Wash),,US,False,High,Low,20876.03,9,2023-05-10
CUST03676,Burton-Beard,Business,Cash-Intensive Retail (Car Wash),,ES,False,Medium,High,327510.7,38,2024-03-01
CUST03677,Jessica Watts,Individual,,Self-Employed,SG,False,Medium,Low,1070.21,7,2022-12-21
CUST03678,Gray-Jackson,Business,Construction,,JP,False,Medium,Low,18221.51,8,2021-12-01
CUST03679,Melinda Orozco,Individual,,Freelancer / Gig Worker,IN,False,Low,Medium,5859.2,21,2022-07-17
CUST03680,Christopher Jones,Individual,,Business Owner,US,False,Low,Medium,6599.16,14,2025-02-23
CUST03681,Dave Hess,Individual,,Healthcare Worker,US,False,Medium,Low,2438.01,4,2023-11-18
CUST03682,"Meyer, Peters and Byrd",Business,Construction,,RU,False,Low,Medium,61527.23,31,2024-06-04
CUST03683,Moore-Osborn,Business,Casino / Gaming,,MX,False,Medium,Medium,212283.02,28,2023-06-14
CUST03684,Jessica Carr,Individual,,Freelancer / Gig Worker,DE,False,Low,Medium,11307.56,18,2025-05-27
CUST03685,David Lewis,Individual,,Freelancer / Gig Worker,US,False,Low,Medium,6918.86,20,2021-10-15
CUST03686,Edward Barton,Individual,,Government Employee,IN,False,Low,Low,1950.31,6,2025-07-28
CUST03687,Baxter Inc,Business,Money Service Business,,ZA,False,Low,High,592142.52,57,2022-09-11
CUST03688,Hall Ltd,Business,Real Estate Agency,,RU,False,Medium,Low,29250.53,9,2022-07-31
CUST03689,Jennifer Banks,Individual,,Self-Employed,HK,False,Low,Medium,3979.81,14,2022-10-08
CUST03690,Holmes PLC,Business,Retail - E-commerce,,IN,False,Low,High,336395.42,79,2023-08-04
CUST03691,Allen Inc,Business,Consulting Services,,US,False,Low,Medium,66017.36,24,2025-12-10
CUST03692,Kimberly Jones,Individual,,Government Employee,US,False,Low,Medium,8502.49,7,2022-04-30
CUST03693,Joshua Green,Individual,,Retired,US,False,Low,Medium,6216.94,17,2024-06-10
CUST03694,"Taylor, White and Patterson",Business,Cryptocurrency Exchange,,NL,False,Medium,High,894198.45,33,2023-05-13
CUST03695,Pratt and Sons,Business,Charity / NPO,,DE,False,Medium,Medium,311150.63,20,2022-05-18
CUST03696,"Hernandez, Ramos and Henderson",Business,Precious Metals Dealer,,US,True,High,Low,59563.9,9,2022-04-20
CUST03697,Erica Martin,Individual,,Retired,MM,False,High,Low,2045.73,6,2023-12-20
CUST03698,Gail Johnson MD,Individual,,Salaried Employee,US,False,Low,Low,1869.78,5,2021-11-06
CUST03699,Melissa Roy,Individual,,Government Employee,US,False,Low,Low,1184.26,4,2021-11-16
CUST03700,Morris Ltd,Business,Charity / NPO,,JP,False,Medium,Medium,243765.57,24,2022-04-22
CUST03701,Connor Benton,Individual,,Freelancer / Gig Worker,NL,False,Medium,Low,954.5,4,2022-06-15
CUST03702,Steven Holland,Individual,,Student,IN,False,Low,Low,1209.48,14,2022-02-07
CUST03703,"Goodman, Jacobs and Ball",Business,Real Estate Agency,,US,False,Low,Medium,48646.62,19,2024-08-15
CUST03704,Michael Norton,Individual,,Retired,US,False,Low,Low,1634.12,8,2025-11-26
CUST03705,Nicole Green,Individual,,Business Owner,US,False,Low,Low,1017.09,5,2022-05-05
CUST03706,Brittany Barnett,Individual,,Government Employee,US,False,Low,Medium,8971.52,22,2025-09-03
CUST03707,Joseph Tate,Individual,,Educator,IN,False,Low,Medium,7092.27,25,2022-11-24
CUST03708,Phillip Mason,Individual,,Government Employee,NL,False,Low,Medium,11421.13,14,2021-12-23
CUST03709,Gray-Williams,Business,Construction,,IN,False,Low,Medium,74155.36,28,2025-04-25
CUST03710,Johnson-Greene,Business,Charity / NPO,,US,False,Medium,High,950690.48,74,2021-08-22
CUST03711,Stacey Gray,Individual,,Healthcare Worker,US,False,Low,Low,2100.0,7,2024-07-09
CUST03712,Ward PLC,Business,Healthcare Services,,DE,False,Low,Medium,86355.72,29,2023-12-16
CUST03713,"Hernandez, Gray and Martinez",Business,Cryptocurrency Exchange,,SE,True,Medium,Medium,152178.9,22,2025-02-17
CUST03714,Derrick Perez,Individual,,Salaried Employee,IT,False,High,Low,1012.89,5,2024-05-09
CUST03715,Stanley-Diaz,Business,Consulting Services,,PH,False,Medium,High,217199.57,67,2023-01-24
CUST03716,Jaime Williams,Individual,,Healthcare Worker,US,False,Medium,Medium,5170.99,12,2021-12-14
CUST03717,Amy Clark,Individual,,Government Employee,US,False,Low,Medium,8381.21,13,2025-02-08
CUST03718,"Chase, Grant and Montgomery",Business,Cryptocurrency Exchange,,US,False,Medium,Medium,116715.46,24,2021-10-05
CUST03719,Paula Benton,Individual,,Freelancer / Gig Worker,US,False,Low,Low,821.82,9,2026-02-02
CUST03720,Austin Adams,Individual,,Business Owner,US,False,Medium,Low,1852.73,6,2022-01-06
CUST03721,Sharon King,Individual,,Business Owner,KP,False,High,Low,1167.8,4,2026-02-11
CUST03722,Zamora PLC,Business,Precious Metals Dealer,,IR,False,Medium,Medium,154196.13,29,2021-08-29
CUST03723,Garrett-Green,Business,Manufacturing,,AE,False,Medium,Medium,44002.34,17,2023-02-16
CUST03724,Kara Gilmore,Individual,,Government Employee,US,False,Medium,Medium,4725.1,18,2023-09-26
CUST03725,Jamie Gallagher,Individual,,Freelancer / Gig Worker,US,False,Medium,Low,1813.75,3,2026-02-10
CUST03726,Jennifer Allen,Individual,,Salaried Employee,SG,False,Medium,Low,1246.27,8,2022-03-05
CUST03727,Horton PLC,Business,Cash-Intensive Retail (Convenience Store),,US,False,Medium,High,932099.75,44,2024-02-17
CUST03728,Kelly Brewer,Individual,,Retired,US,False,Low,Low,1538.04,9,2024-03-26
CUST03729,Christopher Sanchez,Individual,,Retired,US,False,Low,Low,1128.06,5,2025-03-10
CUST03730,"Anderson, Bowen and Kirk",Business,Consulting Services,,US,False,Low,Medium,76703.77,41,2025-04-13
CUST03731,Garcia LLC,Business,Real Estate Agency,,TR,False,Medium,Low,13800.06,5,2022-04-26
CUST03732,Andrew Price,Individual,,Business Owner,SG,False,Medium,Medium,6024.9,14,2024-12-07
CUST03733,Tracy Brooks,Individual,,Government Employee,IN,False,Low,Medium,4929.56,12,2024-02-02
CUST03734,Amanda Powell,Individual,,Retired,PH,False,Low,Low,1648.73,5,2023-07-26
CUST03735,Jackie Stephens,Individual,,Government Employee,MX,False,Medium,Low,3320.69,5,2023-03-17
CUST03736,Tyler Pruitt,Individual,,Salaried Employee,CH,True,Medium,Low,1781.39,3,2021-10-25
CUST03737,"Miller, Bennett and Jenkins",Business,Cash-Intensive Retail (Restaurant),,CA,False,Medium,Low,31271.83,9,2023-12-31
CUST03738,Kayla Choi,Individual,,Freelancer / Gig Worker,JP,False,Low,Low,1200.99,8,2025-11-30
CUST03739,Alison Perez,Individual,,Student,US,False,Low,Low,945.4,12,2022-07-18
CUST03740,Allen-Terry,Business,Charity / NPO,,SE,False,Medium,Medium,123710.31,18,2026-01-11
CUST03741,William Rivera,Individual,,Freelancer / Gig Worker,CA,False,Low,Low,2001.66,5,2022-10-05
CUST03742,Ronald Brown,Individual,,Educator,PH,False,Medium,Low,1878.06,4,2024-07-05
CUST03743,Michael Brown,Individual,,Salaried Employee,US,False,Low,Medium,3445.02,8,2024-02-05
CUST03744,Harris and Sons,Business,Cash-Intensive Retail (Convenience Store),,US,False,Medium,Medium,134536.11,19,2023-05-25
CUST03745,Samantha Lee,Individual,,Educator,US,False,Low,Low,1719.34,5,2026-02-03
CUST03746,Ethan Fletcher,Individual,,Salaried Employee,US,False,Medium,Medium,8323.8,22,2024-12-22
CUST03747,"Walker, Thomas and Garcia",Business,Manufacturing,,US,False,Low,Low,19907.17,13,2022-06-03
CUST03748,"Greene, Fox and Griffith",Business,Real Estate Agency,,CH,False,Medium,Medium,40738.03,24,2022-09-02
CUST03749,"Williams, Cantrell and Allen",Business,Retail - E-commerce,,US,False,Low,Medium,62189.53,23,2022-05-25
CUST03750,"Shelton, Vasquez and Taylor",Business,Cash-Intensive Retail (Car Wash),,PH,False,High,Medium,140728.98,43,2024-05-13
CUST03751,Williams Group,Business,Charity / NPO,,PA,False,High,Medium,141832.47,29,2021-11-29
CUST03752,"Jones, Miller and Brady",Business,Retail - E-commerce,,US,False,Medium,Medium,52482.12,14,2025-11-29
CUST03753,Vernon Esparza Jr.,Individual,,Self-Employed,YE,False,High,Low,2852.55,4,2025-11-16
CUST03754,Maxwell-Cortez,Business,Cash-Intensive Retail (Restaurant),,US,False,Medium,Medium,161520.68,22,2026-01-29
CUST03755,Smith and Sons,Business,Construction,,US,False,Low,Medium,67353.05,33,2023-05-24
CUST03756,Yolanda Johnson,Individual,,Freelancer / Gig Worker,GB,False,Low,Low,2842.57,5,2022-07-11
CUST03757,Osborne-Rodriguez,Business,Charity / NPO,,CA,False,Medium,High,625957.97,54,2022-09-15
CUST03758,Kelly Smith,Individual,,Self-Employed,US,False,Low,Low,1376.62,5,2024-10-29
CUST03759,Mark Jimenez,Individual,,Self-Employed,RU,False,Medium,Medium,6397.15,14,2024-01-12
CUST03760,Linda Horne,Individual,,Freelancer / Gig Worker,CU,False,High,Low,3488.52,4,2025-02-24
CUST03761,Sonya Frazier,Individual,,Educator,CU,False,High,High,13954.75,25,2024-12-13
CUST03762,Lynch-Reed,Business,Cash-Intensive Retail (Convenience Store),,MX,False,Low,Medium,242272.72,20,2022-02-10
CUST03763,Larry Stokes,Individual,,Salaried Employee,NL,False,Low,Medium,10483.78,12,2026-02-03
CUST03764,"Ingram, Mitchell and Ryan",Business,Construction,,MX,False,Low,High,323476.16,73,2023-07-16
CUST03765,Joseph Cooper,Individual,,Educator,AE,False,Medium,Low,795.81,4,2021-11-03
CUST03766,"Taylor, Shea and Lee",Business,Charity / NPO,,US,False,Medium,High,672094.42,29,2022-12-16
CUST03767,Lisa Wagner,Individual,,Business Owner,ES,False,Low,Medium,6953.58,12,2022-03-30
CUST03768,Donald Morgan,Individual,,Retired,US,False,Low,Medium,7196.78,16,2022-04-09
CUST03769,Timothy Dominguez,Individual,,Student,HK,False,Low,Low,1371.17,5,2024-02-13
CUST03770,Stone Group,Business,Import/Export Trading,,DE,False,Medium,Medium,203570.65,25,2021-12-25
CUST03771,Lydia Strickland,Individual,,Retired,US,False,Low,Medium,7140.32,14,2024-06-27
CUST03772,Vasquez Group,Business,Charity / NPO,,SG,False,Medium,Medium,234392.46,37,2025-04-06
CUST03773,Burch-Manning,Business,Construction,,US,False,Low,Low,20621.53,8,2026-01-13
CUST03774,Audrey Anderson,Individual,,Business Owner,US,False,Low,Low,1735.1,6,2021-10-08
CUST03775,Terri Golden,Individual,,Student,SE,False,Low,Medium,3704.28,11,2022-02-02
CUST03776,"Dyer, Ward and Sanders",Business,Charity / NPO,,US,False,Low,Low,62596.82,12,2022-05-15
CUST03777,Pamela Hughes,Individual,,Self-Employed,US,False,Low,Low,1438.48,5,2025-06-29
CUST03778,Todd Lewis,Individual,,Healthcare Worker,US,False,Low,High,17441.97,33,2023-02-10
CUST03779,King LLC,Business,Construction,,US,True,Low,High,149436.39,48,2024-08-23
CUST03780,Jeffrey Pierce,Individual,,Retired,ES,False,Low,Low,1280.71,5,2025-04-30
CUST03781,Karina Boone,Individual,,Educator,US,False,Low,Medium,5619.92,7,2025-03-24
CUST03782,"Schneider, Thomas and Clark",Business,Education Services,,FR,False,Low,Low,15776.13,6,2026-01-29
CUST03783,Roberts-Mccarty,Business,Cryptocurrency Exchange,,IN,False,Medium,High,1213752.72,63,2022-08-08
CUST03784,Torres PLC,Business,Construction,,JP,False,Low,Medium,51442.72,19,2021-08-29
CUST03785,Victoria Deleon,Individual,,Government Employee,UA,False,Low,Medium,5325.66,15,2024-07-13
CUST03786,John Estrada,Individual,,Retired,US,False,Low,Medium,5296.18,14,2026-02-11
CUST03787,Russell and Sons,Business,Construction,,UA,False,Medium,Low,17058.38,10,2023-08-10
CUST03788,Lisa Martinez,Individual,,Student,HK,False,Low,Low,1838.27,3,2022-06-28
CUST03789,Jocelyn Benson,Individual,,Business Owner,HK,False,Low,Low,1470.71,7,2022-01-08
CUST03790,Wendy Carpenter,Individual,,Government Employee,US,False,Low,Medium,4759.16,19,2022-03-03
CUST03791,Donna White,Individual,,Educator,PK,False,Low,Medium,8559.02,14,2021-10-02
CUST03792,"Cowan, Braun and Aguilar",Business,Healthcare Services,,US,False,Medium,Low,13163.01,8,2023-01-10
CUST03793,Avila-Mccarthy,Business,Casino / Gaming,,US,False,Medium,Medium,231031.29,40,2025-03-13
CUST03794,Laura Bennett,Individual,,Healthcare Worker,HK,False,Low,Low,2110.99,6,2024-02-20
CUST03795,"May, Malone and Reese",Business,Technology / SaaS,,US,False,Low,Low,16129.05,11,2025-07-01
CUST03796,Small LLC,Business,Money Service Business,,US,False,Low,Medium,199570.57,32,2022-11-08
CUST03797,"Bowers, Riley and Walsh",Business,Import/Export Trading,,ES,False,Medium,Low,21435.35,14,2023-09-24
CUST03798,Rivera Inc,Business,Manufacturing,,ZA,False,High,Low,10417.47,8,2024-02-14
CUST03799,Jonathan Collins,Individual,,Healthcare Worker,JP,False,Low,Low,1211.12,8,2023-04-10
CUST03800,Stephanie Rodriguez,Individual,,Government Employee,FR,False,Low,Low,1936.72,7,2023-07-07
CUST03801,Charles Costa,Individual,,Business Owner,US,False,Low,Medium,6762.49,14,2025-01-20
CUST03802,"Castro, Pineda and Russell",Business,Cryptocurrency Exchange,,JP,False,Medium,Medium,164757.99,28,2021-10-24
CUST03803,Kara Sanders MD,Individual,,Retired,AE,False,Low,Low,2617.26,6,2025-03-03
CUST03804,Amanda Ramos,Individual,,Retired,PH,False,Medium,Low,1790.3,8,2023-06-15
CUST03805,Tommy Ramsey,Individual,,Freelancer / Gig Worker,IN,False,Low,Low,1143.99,2,2026-01-15
CUST03806,"Robinson, Santiago and Morrison",Business,Consulting Services,,US,False,Low,High,361081.76,69,2024-09-11
CUST03807,Stephanie Meyer,Individual,,Business Owner,US,False,Low,Low,1604.23,7,2021-10-07
CUST03808,Veronica Clayton,Individual,,Healthcare Worker,US,False,Low,Medium,7618.67,16,2024-07-19
CUST03809,Stacy Wilson,Individual,,Salaried Employee,US,False,Low,Low,3735.81,4,2022-10-30
CUST03810,Kylie Hamilton,Individual,,Retired,SS,False,Medium,Medium,8461.3,14,2021-11-15
CUST03811,"Ballard, Bowers and Sullivan",Business,Retail - E-commerce,,RU,False,Medium,Medium,50728.08,22,2024-09-01
CUST03812,Bridget Guerrero,Individual,,Retired,US,False,Low,Medium,9809.43,14,2022-05-31
CUST03813,Janet Gray,Individual,,Student,US,False,Low,Low,1705.06,4,2025-01-29
CUST03814,"Jones, Calderon and Smith",Business,Cash-Intensive Retail (Convenience Store),,US,False,Medium,Low,71627.11,8,2025-09-19
CUST03815,Annette Rivas,Individual,,Retired,SG,False,Low,High,16032.71,36,2022-11-09
CUST03816,Aguirre LLC,Business,Professional Services (Legal/Accounting),,US,False,Low,Medium,81454.63,47,2024-06-25
CUST03817,Dr. Darlene Lee,Individual,,Freelancer / Gig Worker,US,False,Low,Low,1673.22,6,2023-11-21
CUST03818,Weaver-Allen,Business,Healthcare Services,,BR,False,Low,Low,9803.14,10,2024-04-05
CUST03819,"Nelson, Nolan and Bond",Business,Education Services,,DE,False,Medium,Medium,51367.25,23,2023-01-06
CUST03820,Goodwin-Smith,Business,Cash-Intensive Retail (Restaurant),,US,False,Low,Medium,213726.13,24,2025-12-27
CUST03821,Burke-Solomon,Business,Money Service Business,,US,False,Medium,Medium,97102.17,20,2024-12-05
CUST03822,Anthony Bass,Individual,,Salaried Employee,US,False,Low,Low,1800.86,10,2024-11-28
CUST03823,"Harris, Miller and Lee",Business,Construction,,NL,False,Low,High,307542.29,52,2024-06-19
CUST03824,Samantha Johnson,Individual,,Freelancer / Gig Worker,JP,False,Low,Medium,4627.76,18,2022-03-07
CUST03825,Anthony Wong,Individual,,Educator,LB,False,Low,High,7942.1,41,2022-04-19
CUST03826,Soto-Jones,Business,Real Estate Agency,,US,False,Low,Medium,47776.02,34,2024-05-08
CUST03827,Chavez and Sons,Business,Healthcare Services,,HK,False,Low,Low,17053.3,9,2026-01-21
CUST03828,Wiggins Group,Business,Cash-Intensive Retail (Car Wash),,TR,False,Medium,Medium,131988.43,26,2025-02-11
CUST03829,"Thomas, Blair and Walker",Business,Money Service Business,,BR,False,Medium,High,1335484.14,36,2023-12-31
CUST03830,Smith-Simpson,Business,Professional Services (Legal/Accounting),,US,False,Low,Medium,68633.99,21,2025-05-20
CUST03831,Jeanette Brown,Individual,,Self-Employed,US,True,Medium,Medium,6402.27,8,2025-06-09
CUST03832,Barber Group,Business,Import/Export Trading,,US,False,Medium,Medium,341711.74,37,2022-09-21
CUST03833,Haley Peters,Individual,,Retired,US,False,Low,Medium,7269.15,16,2022-05-27
CUST03834,"Brennan, Hardy and Mckenzie",Business,Real Estate Agency,,US,False,Low,Medium,54577.88,47,2024-11-20
CUST03835,Vicki Cunningham,Individual,,Business Owner,KR,False,Low,Low,1234.69,6,2022-03-09
CUST03836,Deborah Sanders,Individual,,Student,US,False,Low,Low,1403.65,3,2026-01-27
CUST03837,"Ferguson, Jones and Lee",Business,Healthcare Services,,DE,False,Low,Medium,71825.16,34,2023-05-05
CUST03838,Brandon Anderson,Individual,,Business Owner,KH,False,Medium,Medium,7061.96,16,2024-04-16
CUST03839,Espinoza-Jackson,Business,Education Services,,US,False,Medium,Medium,89322.38,22,2024-07-20
CUST03840,Rodriguez-Stephens,Business,Healthcare Services,,PH,False,Medium,High,187638.54,58,2022-04-16
CUST03841,Smith-Atkinson,Business,Cash-Intensive Retail (Restaurant),,US,False,Medium,High,488082.19,49,2023-01-06
CUST03842,"Garcia, Morrison and Smith",Business,Cash-Intensive Retail (Car Wash),,ZA,False,Medium,High,508833.29,46,2022-07-29
CUST03843,Christensen and Sons,Business,Cryptocurrency Exchange,,US,False,Medium,Low,39715.26,9,2025-12-25
CUST03844,"Stewart, Mcdonald and Payne",Business,Manufacturing,,CH,False,Low,Medium,83766.93,24,2024-07-20
CUST03845,Connor West,Individual,,Freelancer / Gig Worker,US,False,Low,Low,1763.57,7,2024-02-21
CUST03846,Baker-Williams,Business,Healthcare Services,,AF,False,Medium,High,232272.57,137,2023-01-20
CUST03847,Erica Thomas,Individual,,Retired,US,False,Low,Low,1052.49,6,2024-12-25
CUST03848,Dixon-Dudley,Business,Money Service Business,,PK,False,High,Medium,97143.39,20,2022-06-03
CUST03849,Dustin Brown,Individual,,Healthcare Worker,KR,False,Low,Medium,4936.9,8,2025-06-17
CUST03850,David Garcia,Individual,,Self-Employed,US,False,Medium,Low,1067.2,4,2025-08-14
CUST03851,Tanya Stein,Individual,,Government Employee,SE,False,Medium,Medium,4655.02,16,2025-11-13
CUST03852,"Palmer, Herman and Jones",Business,Cash-Intensive Retail (Convenience Store),,US,False,Medium,Medium,335949.24,18,2022-12-28
CUST03853,"Davis, Vasquez and Hoover",Business,Manufacturing,,NG,False,Low,Medium,137222.78,43,2023-03-03
CUST03854,Fuller LLC,Business,Import/Export Trading,,US,False,Low,Medium,266594.11,22,2026-01-13
CUST03855,Jackson-Payne,Business,Money Service Business,,US,False,Low,Medium,157132.33,28,2025-10-18
CUST03856,"Mcdaniel, Kim and Chang",Business,Cash-Intensive Retail (Car Wash),,KH,False,Medium,High,1112882.17,113,2023-08-03
CUST03857,"Sanchez, Wilson and Robertson",Business,Cash-Intensive Retail (Restaurant),,US,False,Medium,Medium,83461.9,33,2024-04-29
CUST03858,Johnson-Perez,Business,Cryptocurrency Exchange,,ES,False,Medium,Low,39139.85,12,2025-06-10
CUST03859,"Johnson, Floyd and Chapman",Business,Import/Export Trading,,MX,False,Medium,High,737280.58,36,2025-04-06
CUST03860,Becker-Vang,Business,Casino / Gaming,,US,False,Low,Low,109373.16,12,2025-06-23
CUST03861,Antonio Valencia,Individual,,Freelancer / Gig Worker,BR,False,Low,Medium,5154.29,14,2025-11-03
CUST03862,Jared Chan,Individual,,Government Employee,IT,False,Low,Low,1149.49,4,2022-11-12
CUST03863,Diaz Inc,Business,Manufacturing,,HK,False,Low,High,138225.5,76,2024-10-25
CUST03864,"Thomas, Hopkins and Jackson",Business,Cryptocurrency Exchange,,US,False,Medium,Medium,111019.36,27,2023-07-10
CUST03865,Erin Moore,Individual,,Self-Employed,LY,False,High,Low,1627.29,7,2024-12-18
CUST03866,Mary Smith,Individual,,Freelancer / Gig Worker,AE,False,Low,Medium,4637.63,13,2024-06-19
CUST03867,"Zhang, Giles and Mcdaniel",Business,Money Service Business,,HK,False,Medium,Medium,200643.35,32,2025-01-23
CUST03868,Morgan Mills,Individual,,Self-Employed,CH,False,Low,Low,1347.59,9,2023-02-06
CUST03869,Kenneth Murphy,Individual,,Student,RU,False,Medium,Low,1095.8,7,2025-01-01
CUST03870,Fischer-Friedman,Business,Cryptocurrency Exchange,,IN,False,Low,Low,32218.53,14,2023-11-26
CUST03871,Marcus Weaver,Individual,,Salaried Employee,DE,False,Low,Medium,6543.31,21,2021-10-03
CUST03872,Beth Sellers,Individual,,Freelancer / Gig Worker,JP,False,Low,Medium,4523.16,14,2024-06-07
CUST03873,Tiffany Holt,Individual,,Healthcare Worker,AE,False,Medium,Low,938.3,6,2023-07-28
CUST03874,"Wilkinson, Hamilton and Ball",Business,Casino / Gaming,,VE,False,Medium,Medium,211544.19,15,2023-10-02
CUST03875,Dorothy Anderson,Individual,,Self-Employed,FR,False,Low,Medium,4533.16,17,2024-06-28
CUST03876,Lisa Spencer,Individual,,Self-Employed,KH,False,Medium,Low,1582.97,4,2022-03-07
CUST03877,Diane Hayes,Individual,,Student,BR,False,Low,Low,1298.87,4,2025-12-07
CUST03878,Rivers-Potter,Business,Casino / Gaming,,TR,False,High,Medium,146649.26,18,2021-12-03
CUST03879,Jessica Kelly,Individual,,Salaried Employee,HK,False,Low,Low,2027.1,7,2023-02-21
CUST03880,Woodard Group,Business,Money Service Business,,KR,False,High,High,1104531.85,96,2025-06-04
CUST03881,Woods-Ryan,Business,Manufacturing,,CH,False,Low,Medium,101596.53,19,2023-03-17
CUST03882,Peck Group,Business,Consulting Services,,PK,False,Medium,Medium,53139.37,20,2023-12-16
CUST03883,Deleon-Stuart,Business,Consulting Services,,US,False,Low,Medium,70229.6,19,2022-02-27
CUST03884,Mary Murray,Individual,,Salaried Employee,UA,False,Medium,Low,1609.27,8,2025-10-22
CUST03885,Weaver-Vincent,Business,Retail - E-commerce,,UA,False,High,High,484298.14,53,2025-05-01
CUST03886,Michelle Moore,Individual,,Healthcare Worker,US,False,Low,Medium,5494.03,8,2022-09-20
CUST03887,Kenneth Snyder,Individual,,Freelancer / Gig Worker,KH,False,High,Medium,4626.18,11,2021-12-10
CUST03888,"Patel, Maldonado and Smith",Business,Real Estate Agency,,NL,False,Medium,Medium,91372.35,37,2023-03-15
CUST03889,"Garrett, Young and Williams",Business,Construction,,TR,False,Medium,Medium,58869.95,20,2023-11-28
CUST03890,Mary Parrish,Individual,,Government Employee,US,False,Medium,Medium,5854.02,17,2024-12-08
CUST03891,Manuel Jennings,Individual,,Business Owner,US,False,Low,Low,1874.48,12,2021-12-11
CUST03892,Calvin Ramirez,Individual,,Salaried Employee,NG,False,Medium,Medium,5129.87,26,2023-02-11
CUST03893,Grace Brooks,Individual,,Freelancer / Gig Worker,CA,False,Low,Low,577.93,7,2023-10-03
CUST03894,Joseph Murray,Individual,,Business Owner,US,False,Low,High,20395.12,26,2024-12-20
CUST03895,Taylor PLC,Business,Charity / NPO,,AF,False,Medium,Low,24465.03,6,2024-02-13
CUST03896,David Lynn,Individual,,Government Employee,MX,False,Low,Low,1629.57,5,2023-11-28
CUST03897,Greer-Walker,Business,Cash-Intensive Retail (Car Wash),,US,False,Medium,High,846729.92,46,2023-04-10
CUST03898,Stephanie Armstrong,Individual,,Student,GB,False,Low,Medium,3325.44,12,2022-06-30
CUST03899,Sullivan-Green,Business,Casino / Gaming,,US,False,Medium,Low,59467.31,12,2024-05-28
CUST03900,Patel LLC,Business,Manufacturing,,HK,False,Low,High,420029.98,53,2025-09-23
CUST03901,Sloan LLC,Business,Professional Services (Legal/Accounting),,US,False,Low,Low,14968.69,5,2024-12-04
CUST03902,Schmitt and Sons,Business,Consulting Services,,US,False,Low,Medium,46731.16,22,2025-01-19
CUST03903,Connie Neal,Individual,,Freelancer / Gig Worker,US,False,Low,Medium,6009.96,16,2024-07-15
CUST03904,Rachael Wood,Individual,,Student,AF,False,High,Low,1545.48,5,2023-07-09
CUST03905,"Rodriguez, Page and Wood",Business,Healthcare Services,,US,False,Low,High,188367.22,134,2021-11-01
CUST03906,Katherine Baker,Individual,,Student,VE,False,Medium,Low,1375.43,4,2024-11-26
CUST03907,Kristin Smith,Individual,,Healthcare Worker,JP,False,Low,Medium,10393.96,15,2024-05-05
CUST03908,Mejia-Mitchell,Business,Healthcare Services,,SG,False,Low,High,274343.62,52,2023-11-05
CUST03909,Smith LLC,Business,Charity / NPO,,US,False,Medium,Medium,163083.95,15,2022-08-21
CUST03910,Stephanie Holloway,Individual,,Healthcare Worker,US,False,Low,High,43995.5,27,2022-04-02
CUST03911,Sloan PLC,Business,Money Service Business,,US,False,Medium,Low,30703.03,21,2025-09-26
CUST03912,Williams PLC,Business,Cash-Intensive Retail (Convenience Store),,US,False,Medium,Medium,289648.29,30,2024-06-15
CUST03913,Debra Johnson,Individual,,Educator,US,False,Low,High,13625.69,22,2024-09-18
CUST03914,Eric Nguyen,Individual,,Educator,US,True,Low,Low,1161.68,8,2025-06-23
CUST03915,Ronald Harris,Individual,,Self-Employed,US,False,Low,Low,1650.73,7,2023-06-17
CUST03916,"Thompson, Harvey and Lewis",Business,Technology / SaaS,,US,False,Low,Medium,57303.6,19,2025-03-09
CUST03917,Ryan Warren,Individual,,Government Employee,DE,False,Low,Low,1360.16,4,2023-08-23
CUST03918,Jillian Stewart,Individual,,Retired,BR,False,Low,High,38312.72,37,2021-10-02
CUST03919,Deborah Bradford,Individual,,Business Owner,SY,False,Medium,Low,1908.94,8,2022-07-18
CUST03920,Clements-Sparks,Business,Professional Services (Legal/Accounting),,ZA,False,Medium,High,268127.07,70,2021-12-01
CUST03921,Thompson-Reyes,Business,Cash-Intensive Retail (Car Wash),,US,False,Low,Medium,325299.35,32,2026-02-13
CUST03922,Horton PLC,Business,Money Service Business,,CH,False,Low,Low,48982.84,12,2025-08-22
CUST03923,Lisa Conley,Individual,,Self-Employed,US,False,Low,Low,1899.46,4,2025-09-07
CUST03924,Isaac Young,Individual,,Student,BR,False,Low,Medium,7279.9,10,2025-12-28
CUST03925,"Grant, Wang and Morales",Business,Precious Metals Dealer,,US,False,Medium,Low,29473.27,18,2022-10-13
CUST03926,Grant-Durham,Business,Construction,,ZA,False,Medium,Low,6522.39,9,2025-04-05
CUST03927,Brown-Nguyen,Business,Charity / NPO,,TR,False,High,High,500908.11,46,2025-12-04
CUST03928,Sparks-Cole,Business,Consulting Services,,US,False,Low,Medium,62193.04,27,2025-05-18
CUST03929,Evans-Jackson,Business,Manufacturing,,AU,False,Low,Low,19653.59,11,2025-10-22
CUST03930,"Morgan, Rogers and Yang",Business,Cash-Intensive Retail (Convenience Store),,LB,False,Medium,Medium,231994.68,23,2023-12-30
CUST03931,"Chen, Quinn and Henderson",Business,Professional Services (Legal/Accounting),,CA,False,Low,High,479954.84,69,2024-09-17
CUST03932,Emily Marquez,Individual,,Student,ZA,False,Medium,Low,1282.51,6,2024-01-25
CUST03933,Carl Rubio,Individual,,Government Employee,US,False,Low,Medium,7286.45,8,2022-08-17
CUST03934,Burnett Group,Business,Charity / NPO,,US,False,Medium,Low,67976.95,6,2024-06-11
CUST03935,Taylor Inc,Business,Cryptocurrency Exchange,,US,False,Medium,High,1287169.56,68,2021-12-14
CUST03936,Moore LLC,Business,Cash-Intensive Retail (Car Wash),,KH,False,High,Medium,172842.08,47,2024-10-14
CUST03937,"Hall, Holland and Hall",Business,Construction,,CA,False,Low,High,243451.72,49,2023-08-18
CUST03938,Day Inc,Business,Healthcare Services,,KR,False,Low,High,358368.24,58,2024-05-22
CUST03939,Andrea Smith,Individual,,Government Employee,SY,False,High,Low,2244.51,5,2024-07-05
CUST03940,Johnson-Harris,Business,Real Estate Agency,,LB,False,Low,High,287276.25,82,2025-03-28
CUST03941,Catherine Garcia,Individual,,Business Owner,MM,False,High,Low,1792.66,8,2024-03-13
CUST03942,Rosales-Warren,Business,Cash-Intensive Retail (Restaurant),,YE,False,Medium,Low,30637.64,10,2024-11-16
CUST03943,Manuel Moran,Individual,,Salaried Employee,KR,False,Low,Low,2487.73,4,2022-11-04
CUST03944,Mccarty-Vaughn,Business,Education Services,,SE,False,Low,High,215988.08,93,2023-07-04
CUST03945,Cole-Walsh,Business,Import/Export Trading,,SE,False,Low,Low,41644.9,10,2025-05-15
CUST03946,Eileen Gutierrez,Individual,,Self-Employed,US,False,Medium,High,26121.89,46,2021-09-02
CUST03947,Diaz PLC,Business,Cryptocurrency Exchange,,US,False,Low,Medium,169496.89,17,2023-01-17
CUST03948,Donna Herring,Individual,,Student,US,False,High,Low,1640.44,8,2022-03-18
CUST03949,Renee Thompson,Individual,,Government Employee,FR,False,Low,Medium,6829.43,14,2022-07-08
CUST03950,"Anderson, Huff and Martinez",Business,Charity / NPO,,US,False,Medium,Medium,268299.4,32,2022-11-01
CUST03951,"Smith, Torres and Davis",Business,Charity / NPO,,US,False,Low,Medium,85540.67,36,2024-10-28
CUST03952,Stacey Stone,Individual,,Healthcare Worker,US,True,Medium,Low,1581.81,7,2025-02-24
CUST03953,Burns-Harris,Business,Construction,,US,False,Low,Low,11814.15,12,2025-07-23
CUST03954,Johnson-Martin,Business,Retail - E-commerce,,US,False,Medium,Medium,78169.41,28,2025-08-18
CUST03955,Stone-Miller,Business,Manufacturing,,IN,False,Low,High,324177.45,72,2025-06-30
CUST03956,Buchanan LLC,Business,Cash-Intensive Retail (Restaurant),,NG,False,High,Medium,154802.93,39,2025-09-13
CUST03957,David Mcpherson,Individual,,Government Employee,PH,False,Low,Medium,5503.57,10,2023-11-17
CUST03958,Mr. Scott Mcmahon,Individual,,Freelancer / Gig Worker,GB,False,Low,Low,2501.36,7,2024-05-21
CUST03959,Brandon Velasquez,Individual,,Government Employee,KH,False,Medium,Low,2515.7,5,2025-06-23
CUST03960,Matthew Allen,Individual,,Student,HK,False,Low,Medium,5507.9,11,2022-06-27
CUST03961,Brown-Melton,Business,Cash-Intensive Retail (Restaurant),,US,False,Low,Medium,226653.42,23,2025-05-10
CUST03962,Maria Thompson,Individual,,Self-Employed,US,False,Low,Low,1523.64,7,2025-07-04
CUST03963,"Lewis, Ramos and Love",Business,Professional Services (Legal/Accounting),,MM,False,Medium,Medium,72350.59,18,2023-06-20
CUST03964,Mary Levy,Individual,,Educator,DE,False,Low,Low,1679.29,4,2021-11-12
CUST03965,Christopher Ray,Individual,,Retired,JP,False,Low,Medium,8407.96,14,2023-06-10
CUST03966,"Jenkins, Jackson and Garcia",Business,Real Estate Agency,,SE,False,Low,Low,19047.29,9,2025-04-01
CUST03967,Sandoval-Richards,Business,Real Estate Agency,,NG,False,Low,Low,30711.92,22,2024-03-13
CUST03968,Juan Young,Individual,,Educator,MM,False,Medium,Low,1554.23,6,2023-01-13
CUST03969,Jack Brandt,Individual,,Student,KH,False,Medium,Medium,7594.58,15,2023-05-07
CUST03970,Todd Adams,Individual,,Salaried Employee,US,False,Low,Low,1065.44,6,2022-08-28
CUST03971,Matthew Mclaughlin PhD,Individual,,Retired,AU,False,Low,Low,1410.61,10,2023-06-24
CUST03972,James Wright,Individual,,Salaried Employee,SG,False,Low,High,13474.77,24,2021-10-13
CUST03973,Debbie King,Individual,,Salaried Employee,UA,False,Low,Low,1098.52,6,2025-11-08
CUST03974,"Baldwin, Wilson and Barry",Business,Retail - E-commerce,,PA,True,High,Medium,40951.95,31,2025-05-08
CUST03975,Kenneth Alexander,Individual,,Business Owner,US,False,Low,Medium,5307.19,9,2022-12-30
CUST03976,Rivera Ltd,Business,Professional Services (Legal/Accounting),,SE,False,Low,Medium,55844.37,23,2025-08-08
CUST03977,Susan Higgins,Individual,,Business Owner,US,False,Low,Low,1232.34,6,2023-06-10
CUST03978,Steven Murphy MD,Individual,,Freelancer / Gig Worker,US,False,Low,Low,2451.7,5,2026-01-12
CUST03979,Chase Burnett,Individual,,Freelancer / Gig Worker,KH,False,Low,Medium,4259.39,22,2022-06-16
CUST03980,Mcguire Group,Business,Real Estate Agency,,US,False,Low,Low,13740.86,8,2022-01-29
CUST03981,Carrie Ware,Individual,,Salaried Employee,US,False,Low,Medium,9334.23,18,2023-11-16
CUST03982,Katherine Cochran,Individual,,Government Employee,CA,False,Low,Medium,5209.52,23,2025-07-30
CUST03983,Katie Carroll,Individual,,Educator,NL,False,Medium,Medium,5407.53,10,2024-08-03
CUST03984,"Clark, Singh and Bush",Business,Charity / NPO,,KH,False,High,High,870316.55,59,2024-10-13
CUST03985,"Robertson, Lopez and Walsh",Business,Cash-Intensive Retail (Restaurant),,US,False,Low,Medium,214539.76,15,2024-12-21
CUST03986,Rebecca Nielsen,Individual,,Educator,JP,False,Low,Low,1915.53,5,2021-12-17
CUST03987,Donald Turner,Individual,,Business Owner,US,False,Low,Medium,6111.82,10,2024-12-01
CUST03988,"Miller, Armstrong and Bauer",Business,Professional Services (Legal/Accounting),,US,False,Low,Medium,54592.12,22,2024-05-06
CUST03989,Austin Conley,Individual,,Government Employee,IT,False,Low,Medium,7184.53,16,2023-01-02
CUST03990,Wiggins PLC,Business,Consulting Services,,CH,False,Low,Medium,61332.52,28,2022-05-31
CUST03991,Maxwell Ltd,Business,Cash-Intensive Retail (Restaurant),,US,False,Medium,Medium,167565.26,32,2023-01-16
CUST03992,"Mcmahon, Curry and Beck",Business,Retail - E-commerce,,US,False,Low,High,374475.83,56,2022-05-28
CUST03993,John Valdez,Individual,,Student,US,False,Low,Low,990.75,5,2025-12-19
CUST03994,Logan Gonzalez,Individual,,Healthcare Worker,US,False,Low,Low,1379.03,3,2021-08-29
CUST03995,"Perry, Harrison and Clark",Business,Education Services,,US,False,Low,Medium,85933.22,27,2025-11-14
CUST03996,Franklin Inc,Business,Cash-Intensive Retail (Car Wash),,RU,False,High,Medium,192843.04,25,2022-11-08
CUST03997,Mark Dennis,Individual,,Business Owner,US,False,Low,Low,1432.98,4,2022-08-08
CUST03998,Bruce Mcdaniel,Individual,,Retired,PK,False,Low,Low,1388.24,7,2025-07-14
CUST03999,Owens-Keller,Business,Import/Export Trading,,SG,False,Medium,Medium,129538.7,19,2022-01-27
CUST04000,Raymond Nunez,Individual,,Government Employee,US,False,Medium,Low,1897.4,3,2022-08-09
CUST04001,James Anderson,Individual,,Business Owner,KP,False,High,Low,845.08,8,2023-02-26
CUST04002,Luis Johnson,Individual,,Salaried Employee,NL,False,Low,Medium,5580.15,14,2022-10-10
CUST04003,Mary Schaefer,Individual,,Freelancer / Gig Worker,SS,False,Medium,Medium,7038.25,15,2025-05-04
CUST04004,Christina Dean,Individual,,Business Owner,US,False,Low,Low,1971.18,4,2023-06-10
CUST04005,Carter and Sons,Business,Education Services,,CH,False,Low,Medium,59196.22,27,2025-04-15
CUST04006,Daniel Smith,Individual,,Business Owner,NL,False,Low,Low,2146.84,5,2023-02-20
CUST04007,Shawn Shepherd,Individual,,Retired,US,False,Medium,High,44155.41,23,2026-01-18
CUST04008,Phillip Campbell,Individual,,Salaried Employee,SE,False,Low,Medium,12600.26,15,2022-06-22
CUST04009,Alexander Hansen,Individual,,Student,US,False,Low,Low,1905.34,4,2024-12-22
CUST04010,Brenda Rogers,Individual,,Healthcare Worker,US,False,Low,Low,1725.56,5,2021-09-10
CUST04011,"Ortega, Hendrix and Hernandez",Business,Cash-Intensive Retail (Convenience Store),,US,False,Medium,Low,42767.35,5,2024-01-21
CUST04012,Anderson-Larsen,Business,Technology / SaaS,,US,False,Low,Low,12210.04,9,2023-04-07
CUST04013,"Bradford, Vang and Bell",Business,Education Services,,MX,False,Medium,Low,15276.84,15,2024-11-08
CUST04014,Andrea Harmon,Individual,,Self-Employed,DE,False,Medium,Medium,8396.32,13,2021-08-17
CUST04015,Cindy Estrada,Individual,,Self-Employed,US,False,Low,Medium,6410.81,16,2024-07-21
CUST04016,Michael Crawford,Individual,,Salaried Employee,PK,False,High,Medium,7196.21,13,2021-10-06
CUST04017,Perez Group,Business,Manufacturing,,IR,False,High,High,168970.81,87,2022-08-17
CUST04018,Connor Mcconnell,Individual,,Salaried Employee,NL,False,Low,Low,1797.41,6,2024-05-24
CUST04019,Jasmine Farmer,Individual,,Educator,US,False,Low,Low,1688.33,7,2022-09-22
CUST04020,Alexander David,Individual,,Government Employee,BR,False,Low,High,12645.17,42,2022-12-12
CUST04021,William Conrad,Individual,,Student,UA,False,Medium,Medium,6584.17,14,2025-03-18
CUST04022,Lucas Mendoza,Individual,,Government Employee,US,False,Low,Low,1561.99,7,2025-10-29
CUST04023,Christopher Harvey,Individual,,Healthcare Worker,IN,False,Low,Low,1845.73,4,2025-05-21
CUST04024,Tracey Reynolds,Individual,,Freelancer / Gig Worker,PK,False,Low,High,21973.43,27,2021-10-22
CUST04025,Carlos Heath,Individual,,Retired,US,False,Medium,Medium,10501.97,12,2022-07-12
CUST04026,Dean Shields,Individual,,Freelancer / Gig Worker,UA,True,High,Medium,5978.83,17,2021-09-06
CUST04027,Haynes LLC,Business,Casino / Gaming,,US,False,Low,Medium,139048.04,15,2021-11-22
CUST04028,Caleb Jensen,Individual,,Student,US,False,Low,Low,2218.37,6,2025-01-24
CUST04029,Kristy Tate,Individual,,Educator,MX,False,Low,Low,1939.43,6,2025-06-16
CUST04030,Henderson-Buchanan,Business,Technology / SaaS,,US,False,Medium,Medium,69725.46,20,2022-03-03
CUST04031,Ramos-Rhodes,Business,Cash-Intensive Retail (Car Wash),,US,False,Medium,Medium,150111.87,14,2024-07-30
CUST04032,Jeffery Thompson,Individual,,Student,US,False,Medium,Medium,5456.11,12,2023-09-17
CUST04033,Mendoza-Rodriguez,Business,Casino / Gaming,,US,False,Medium,Low,52330.51,8,2023-10-03
CUST04034,Hamilton-Rodriguez,Business,Charity / NPO,,LB,False,High,Low,33577.55,9,2022-02-14
CUST04035,Rebecca Palmer,Individual,,Freelancer / Gig Worker,LY,False,High,Low,1391.46,5,2021-12-12
CUST04036,Johnson Ltd,Business,Retail - E-commerce,,AU,False,Low,Medium,53289.77,15,2025-02-15
CUST04037,"Hall, Cole and Hill",Business,Technology / SaaS,,US,False,Low,Low,22353.25,8,2022-05-20
CUST04038,Martin-Black,Business,Import/Export Trading,,ES,False,Medium,Medium,145942.05,55,2021-09-23
CUST04039,"Davis, Acosta and Diaz",Business,Healthcare Services,,LY,False,Medium,Medium,43341.48,16,2022-07-13
CUST04040,Andre Cortez,Individual,,Healthcare Worker,KH,False,Low,High,16909.06,71,2024-07-13
CUST04041,Julie Gonzalez,Individual,,Government Employee,SE,False,Low,Medium,7043.39,15,2021-12-23
CUST04042,Chavez-Wright,Business,Technology / SaaS,,US,False,Low,Low,9523.21,9,2025-07-19
CUST04043,Evelyn Novak,Individual,,Government Employee,US,False,Medium,Low,2458.21,6,2024-01-24
CUST04044,Joseph Hill,Individual,,Educator,US,False,Low,Low,1194.09,6,2024-03-03
CUST04045,James Wilson,Individual,,Retired,DE,False,High,Low,880.63,3,2023-04-16
CUST04046,Smith Group,Business,Casino / Gaming,,US,False,Medium,Medium,193419.62,32,2023-03-01
CUST04047,Scott Rhodes,Individual,,Retired,CH,False,Low,Medium,6395.98,23,2025-06-02
CUST04048,Jeffrey King,Individual,,Student,GB,False,Low,Low,1130.51,4,2021-11-14
CUST04049,Martinez Inc,Business,Casino / Gaming,,US,False,Low,High,498791.32,47,2024-06-15
CUST04050,Michael Brennan,Individual,,Healthcare Worker,UA,False,Low,Medium,6871.67,14,2023-04-28
CUST04051,Brooke Patrick,Individual,,Healthcare Worker,NL,False,Medium,Medium,6955.83,19,2025-05-10
CUST04052,Massey-Preston,Business,Cash-Intensive Retail (Convenience Store),,PK,False,High,Low,48217.8,13,2025-05-02
CUST04053,Angela Richards,Individual,,Retired,US,False,Medium,Low,2405.27,4,2026-01-29
CUST04054,Rivas Ltd,Business,Cash-Intensive Retail (Car Wash),,US,False,High,Medium,165405.48,50,2025-08-28
CUST04055,Anthony Adams,Individual,,Business Owner,ZA,False,Low,Medium,4225.69,10,2025-02-22
CUST04056,Garcia-Hanna,Business,Construction,,SE,False,Low,High,155064.93,66,2021-10-30
CUST04057,Rebecca Williams,Individual,,Freelancer / Gig Worker,YE,False,High,Medium,10580.71,11,2025-09-30
CUST04058,"Mcdonald, Sloan and Johnson",Business,Casino / Gaming,,PA,False,High,High,709159.9,51,2023-11-08
CUST04059,"Young, Tate and Arnold",Business,Professional Services (Legal/Accounting),,FR,False,Low,High,350852.33,38,2023-11-29
CUST04060,"Smith, Wright and Bright",Business,Technology / SaaS,,PA,False,Medium,High,204197.36,98,2022-03-06
CUST04061,Christopher Scott,Individual,,Freelancer / Gig Worker,US,False,Low,Low,2033.86,4,2025-11-20
CUST04062,Kevin Lucas,Individual,,Educator,US,False,Low,Low,1477.41,5,2025-11-04
CUST04063,Jennifer Obrien,Individual,,Healthcare Worker,US,False,Low,Medium,9160.06,13,2025-10-23
CUST04064,Maria Gonzalez,Individual,,Educator,UA,False,Medium,Low,2120.88,5,2025-05-08
CUST04065,"Martinez, Perry and Morrison",Business,Cash-Intensive Retail (Restaurant),,US,False,High,High,616717.32,44,2024-02-09
CUST04066,Jenkins Group,Business,Cryptocurrency Exchange,,US,False,Low,Medium,137009.57,21,2022-06-19
CUST04067,John Cisneros,Individual,,Student,US,False,Low,Medium,4124.1,19,2025-09-28
CUST04068,Derek Hall,Individual,,Freelancer / Gig Worker,CH,False,Medium,High,24802.04,30,2023-02-06
CUST04069,Jessica Clark,Individual,,Freelancer / Gig Worker,US,False,Low,High,23478.18,26,2026-01-01
CUST04070,Linda Aguilar,Individual,,Student,CH,False,Low,Medium,4602.15,15,2022-08-02
CUST04071,Jill Smith DDS,Individual,,Freelancer / Gig Worker,DE,False,Medium,Low,1970.54,5,2023-11-12
CUST04072,Stephenson Ltd,Business,Healthcare Services,,US,False,Low,Medium,40276.36,17,2022-10-21
CUST04073,Lewis Inc,Business,Import/Export Trading,,KR,False,Low,Medium,121871.48,31,2026-01-01
CUST04074,Stuart Richard,Individual,,Business Owner,PH,False,Low,Medium,4083.76,8,2022-07-08
CUST04075,Anthony Moore,Individual,,Salaried Employee,US,False,Low,Low,1511.36,5,2021-11-07
CUST04076,"Pratt, Burton and Davis",Business,Manufacturing,,SG,False,Low,Low,6747.62,9,2022-05-01
CUST04077,Michael Potter,Individual,,Government Employee,JP,False,Low,Low,1392.28,5,2025-12-24
CUST04078,"Gordon, Kaiser and Richards",Business,Import/Export Trading,,KR,False,Medium,Medium,93160.82,24,2022-11-12
CUST04079,Angela Wallace,Individual,,Self-Employed,US,False,Low,Medium,7145.34,26,2021-10-22
CUST04080,"Huff, Gordon and Matthews",Business,Manufacturing,,DE,False,Low,Low,27172.26,15,2024-01-31
CUST04081,Katie Ochoa,Individual,,Educator,US,False,Low,Medium,4674.61,12,2022-03-21
CUST04082,Tanya Shannon,Individual,,Salaried Employee,US,False,Low,Low,1869.5,6,2024-03-15
CUST04083,"Taylor, Chang and Hayes",Business,Precious Metals Dealer,,US,False,Low,Low,98804.54,20,2024-08-24
CUST04084,Nancy Hall,Individual,,Business Owner,US,False,Low,Low,958.27,10,2025-05-13
CUST04085,Jacqueline Randolph,Individual,,Healthcare Worker,MX,False,Low,Medium,4576.58,9,2023-02-01
CUST04086,Cain LLC,Business,Technology / SaaS,,US,False,Low,High,212858.7,80,2022-01-06
CUST04087,Francisco Estrada,Individual,,Self-Employed,RU,False,Medium,Low,1219.71,6,2023-02-23
CUST04088,Jamie Miller,Individual,,Healthcare Worker,US,False,Low,Low,1553.93,5,2025-01-17
CUST04089,Matthew Miller,Individual,,Retired,ZA,False,Low,Low,866.04,7,2022-12-17
CUST04090,Kathryn Montoya,Individual,,Student,RU,False,Medium,Medium,8682.42,18,2023-12-02
CUST04091,Lindsay Henderson,Individual,,Self-Employed,US,False,Low,Low,956.14,9,2025-11-29
CUST04092,Nicholas Myers,Individual,,Self-Employed,US,False,Low,High,26362.18,30,2025-09-04
CUST04093,Amber Williams,Individual,,Retired,US,False,Low,Low,1771.89,4,2024-08-19
CUST04094,Reeves LLC,Business,Cash-Intensive Retail (Convenience Store),,CA,False,Medium,High,533499.16,69,2022-05-15
CUST04095,"Henderson, Gomez and Williams",Business,Technology / SaaS,,KH,False,High,Medium,79867.58,33,2023-09-23
CUST04096,Freeman Ltd,Business,Casino / Gaming,,US,False,Medium,Medium,312565.78,52,2023-07-11
CUST04097,James Rodriguez,Individual,,Freelancer / Gig Worker,LB,False,Medium,Low,775.38,3,2025-07-13
CUST04098,"Yates, Ballard and Santiago",Business,Cash-Intensive Retail (Car Wash),,DE,False,Medium,Medium,196960.06,22,2025-01-02
CUST04099,Mark Dyer,Individual,,Government Employee,US,False,Low,Low,960.79,8,2025-03-15
CUST04100,"Bowman, Conley and Bennett",Business,Import/Export Trading,,US,False,Medium,High,709524.12,97,2023-09-25
CUST04101,"Baker, Carr and Johnson",Business,Cash-Intensive Retail (Restaurant),,NL,False,Low,High,760184.34,40,2025-06-21
CUST04102,Brittany Wallace,Individual,,Salaried Employee,US,False,Low,Low,1209.5,6,2022-12-02
CUST04103,Ashley Thomas,Individual,,Freelancer / Gig Worker,US,False,Low,Low,1800.95,7,2024-08-22
CUST04104,Dana Mccoy,Individual,,Educator,DE,False,Low,Low,1724.43,7,2023-12-17
CUST04105,"Payne, Smith and Ponce",Business,Charity / NPO,,US,False,Low,Medium,153875.08,24,2023-07-04
CUST04106,Nichols-Patel,Business,Consulting Services,,NG,False,Medium,High,134604.47,49,2025-11-20
CUST04107,Andrew Graham,Individual,,Salaried Employee,SG,False,Low,Low,1492.4,4,2023-10-26
CUST04108,Christian Archer,Individual,,Salaried Employee,US,False,Low,Medium,4459.16,12,2026-02-06
CUST04109,Kenneth Coleman,Individual,,Student,CU,False,High,Low,1867.51,6,2022-02-27
CUST04110,Evans and Sons,Business,Manufacturing,,HK,False,Medium,Medium,72128.26,20,2022-07-30
CUST04111,Nicole Hardy,Individual,,Educator,US,False,Low,Low,1594.62,3,2024-08-29
CUST04112,Victoria Bowman,Individual,,Salaried Employee,ZA,False,Low,Medium,5016.51,11,2023-01-03
CUST04113,Dr. Michelle Rodriguez MD,Individual,,Retired,MX,False,Low,Medium,3968.67,13,2025-01-31
CUST04114,Gloria Pollard,Individual,,Retired,US,False,Low,Medium,4075.24,13,2021-12-28
CUST04115,Erica Dixon,Individual,,Educator,US,False,Low,Medium,4622.95,14,2025-01-09
CUST04116,Ronald Johnson,Individual,,Retired,AU,False,Medium,Low,2049.88,4,2023-01-10
CUST04117,Tyler Christensen,Individual,,Freelancer / Gig Worker,SG,False,Low,Medium,6632.83,10,2025-10-31
CUST04118,Caleb Davis,Individual,,Salaried Employee,KR,False,Low,Low,1824.77,6,2024-04-27
CUST04119,Shelley Terry,Individual,,Healthcare Worker,US,False,Medium,Medium,8616.75,21,2023-12-12
CUST04120,French Group,Business,Cash-Intensive Retail (Restaurant),,US,False,Medium,High,734509.57,34,2025-01-14
CUST04121,Harrison Ltd,Business,Consulting Services,,US,False,Low,High,338484.33,47,2025-09-26
CUST04122,Tara Jones,Individual,,Educator,US,False,Low,Low,2185.04,8,2026-01-02
CUST04123,Graves PLC,Business,Technology / SaaS,,JP,False,Low,High,124764.29,60,2021-12-21
CUST04124,Tina Blair,Individual,,Student,US,False,Low,Low,2999.25,4,2025-01-09
CUST04125,Whitaker-Thomas,Business,Cryptocurrency Exchange,,NL,False,Medium,High,868539.18,36,2023-12-05
CUST04126,Devin Black,Individual,,Retired,US,False,Low,Medium,4853.87,15,2022-07-04
CUST04127,Sara Dean,Individual,,Retired,US,False,Medium,Medium,5234.13,12,2024-12-21
CUST04128,Theresa Gardner,Individual,,Salaried Employee,CU,False,High,Low,2177.45,8,2023-09-26
CUST04129,Lauren Horton,Individual,,Healthcare Worker,US,False,Low,High,26213.93,36,2025-05-13
CUST04130,Conrad-James,Business,Real Estate Agency,,US,False,Low,Medium,67475.46,24,2024-04-10
CUST04131,Sharon Murphy,Individual,,Government Employee,ES,False,Low,Low,1534.23,6,2023-11-03
CUST04132,Lara-Williams,Business,Manufacturing,,US,False,Low,High,272606.86,55,2022-09-03
CUST04133,Miranda Frazier,Individual,,Self-Employed,ZA,False,Low,Low,1643.94,7,2022-02-12
CUST04134,Priscilla Vang,Individual,,Freelancer / Gig Worker,CH,False,Low,Medium,5233.2,19,2023-09-18
CUST04135,Jane Neal,Individual,,Student,KR,True,Low,High,29535.47,55,2024-08-09
CUST04136,John Henderson,Individual,,Government Employee,ES,False,Low,Low,1501.22,6,2022-02-22
CUST04137,Kyle Mullins,Individual,,Business Owner,KH,False,Low,Low,876.93,10,2024-12-22
CUST04138,Fisher and Sons,Business,Real Estate Agency,,US,False,Low,Medium,43575.49,20,2025-02-10
CUST04139,"Holland, Garcia and Riley",Business,Import/Export Trading,,MX,False,Medium,Medium,250917.09,34,2024-05-27
CUST04140,Greene-Gray,Business,Manufacturing,,CU,False,High,Medium,70556.44,28,2021-09-06
CUST04141,Kristopher Curtis,Individual,,Healthcare Worker,RU,False,Medium,Low,1792.92,6,2024-03-06
CUST04142,Elizabeth Mata,Individual,,Salaried Employee,US,False,Medium,High,16643.66,22,2023-09-30
CUST04143,Williams Group,Business,Consulting Services,,KR,False,Low,Low,16572.42,8,2024-10-22
CUST04144,Denise Leach,Individual,,Healthcare Worker,IN,False,Medium,Low,999.29,5,2025-04-26
CUST04145,Jimenez-Williams,Business,Consulting Services,,US,False,Low,Low,18195.64,6,2025-04-28
CUST04146,Adrian Gibbs,Individual,,Healthcare Worker,US,True,Low,Medium,6999.67,11,2024-04-05
CUST04147,Henderson-Diaz,Business,Healthcare Services,,NG,False,Medium,Medium,74545.67,34,2025-05-21
CUST04148,Medina-Johnson,Business,Charity / NPO,,US,False,Medium,Medium,233435.67,27,2025-06-14
CUST04149,Tate-Oconnell,Business,Cash-Intensive Retail (Restaurant),,JP,False,Medium,Low,63152.42,12,2023-04-03
CUST04150,Renee Johnson,Individual,,Salaried Employee,IR,False,High,Low,1924.4,5,2022-09-24
CUST04151,Richard Scott,Individual,,Business Owner,US,True,Medium,Medium,6676.39,9,2025-01-21
CUST04152,Rachel Dickerson,Individual,,Government Employee,IT,False,Low,Medium,8557.86,16,2023-03-09
CUST04153,Gabrielle Roberts,Individual,,Self-Employed,MX,False,Low,Low,2211.13,3,2022-07-16
CUST04154,Chen-Munoz,Business,Money Service Business,,US,False,Medium,Low,35307.16,5,2024-07-27
CUST04155,Schaefer Inc,Business,Money Service Business,,US,False,Medium,Medium,123843.82,49,2025-03-27
CUST04156,Foley Inc,Business,Precious Metals Dealer,,US,False,High,Low,83991.85,9,2023-02-08
CUST04157,Phillips Group,Business,Professional Services (Legal/Accounting),,IT,False,Low,Low,36989.55,6,2025-04-05
CUST04158,Benson-Wells,Business,Real Estate Agency,,UA,False,Low,High,352789.85,33,2025-01-11
CUST04159,Eugene Jones,Individual,,Retired,US,False,Low,Low,2468.62,3,2021-11-08
CUST04160,Miller LLC,Business,Technology / SaaS,,CU,False,High,Medium,34896.09,15,2022-06-20
CUST04161,Watson PLC,Business,Casino / Gaming,,DE,False,Low,Medium,156650.17,30,2023-10-03
CUST04162,"Robles, Fowler and Holder",Business,Money Service Business,,US,False,Medium,Low,41164.13,8,2021-09-02
CUST04163,"Smith, Wells and Black",Business,Money Service Business,,US,False,Low,High,803875.6,49,2024-12-26
CUST04164,Mr. Justin Gonzalez,Individual,,Business Owner,US,False,Low,Low,1802.57,9,2022-04-16
CUST04165,Lane LLC,Business,Construction,,TR,False,Low,High,175270.08,75,2025-05-24
CUST04166,Galvan LLC,Business,Cash-Intensive Retail (Convenience Store),,US,False,Medium,Medium,109979.81,16,2025-05-31
CUST04167,Nathan Sparks,Individual,,Government Employee,TR,False,Medium,Low,3507.91,5,2023-01-05
CUST04168,"Burnett, Jones and Cross",Business,Cash-Intensive Retail (Restaurant),,US,False,Medium,Medium,146671.37,22,2023-01-07
CUST04169,Joseph Perez,Individual,,Self-Employed,IT,False,Low,Medium,5365.98,13,2025-09-09
CUST04170,Jeffrey Horton,Individual,,Business Owner,ZA,False,Low,Medium,4752.06,19,2024-11-24
CUST04171,Kim Murray,Individual,,Business Owner,US,False,Low,Medium,2488.71,12,2024-08-06
CUST04172,Madison Richardson,Individual,,Educator,IR,False,High,Medium,6007.88,15,2023-11-14
CUST04173,Carrie Anderson,Individual,,Educator,US,False,Low,Medium,5087.72,8,2023-08-06
CUST04174,Sherry Cox,Individual,,Student,US,False,Low,Low,1421.28,4,2023-11-25
CUST04175,Johnson Group,Business,Construction,,NG,False,Medium,High,164398.31,49,2023-10-13
CUST04176,Delgado-Mitchell,Business,Retail - E-commerce,,US,False,Low,Low,15812.48,7,2025-08-04
CUST04177,Singh-Kane,Business,Real Estate Agency,,NL,False,Low,Medium,63496.28,25,2022-04-09
CUST04178,Taylor and Sons,Business,Professional Services (Legal/Accounting),,JP,False,Low,Medium,42143.1,32,2022-12-05
CUST04179,Victoria Mitchell,Individual,,Government Employee,KH,False,Medium,Low,1953.41,5,2025-10-18
CUST04180,Lisa Ochoa,Individual,,Freelancer / Gig Worker,LB,False,High,Low,1236.06,4,2022-05-04
CUST04181,Steven Sanders,Individual,,Business Owner,US,False,Low,High,17323.86,32,2023-05-16
CUST04182,Beck Ltd,Business,Precious Metals Dealer,,MX,False,Low,Medium,127976.68,27,2023-01-12
CUST04183,Jackson-Lee,Business,Construction,,US,False,Low,Low,24055.21,10,2024-11-05
CUST04184,Sally Hurst,Individual,,Business Owner,CA,False,Low,Medium,3433.8,17,2024-08-16
CUST04185,Mary Brown,Individual,,Healthcare Worker,IT,False,Low,Medium,7097.2,10,2022-03-11
CUST04186,"Bowers, Rivers and Serrano",Business,Cryptocurrency Exchange,,CH,False,Medium,Medium,81410.65,28,2023-10-15
CUST04187,Mark Johnson,Individual,,Self-Employed,SE,False,Low,High,17992.44,34,2023-07-28
CUST04188,Ball-Shaw,Business,Manufacturing,,ES,False,Medium,Medium,30876.95,38,2022-11-06
CUST04189,Steven Rivera,Individual,,Educator,GB,False,Low,Low,1409.69,3,2023-07-28
CUST04190,Alexandra Hodge,Individual,,Educator,US,False,Low,Medium,4692.92,16,2022-07-02
CUST04191,"Jones, Brennan and Alexander",Business,Cash-Intensive Retail (Car Wash),,ES,False,Medium,Medium,162471.82,31,2025-11-30
CUST04192,Taylor Kirby,Individual,,Freelancer / Gig Worker,US,False,Medium,Low,1589.65,6,2024-07-21
CUST04193,Ramirez LLC,Business,Consulting Services,,US,False,Medium,Medium,51174.33,22,2024-09-03
CUST04194,Green-Brown,Business,Cash-Intensive Retail (Car Wash),,PA,False,High,High,988515.67,76,2023-05-29
CUST04195,Sherry Barker,Individual,,Business Owner,CH,False,Low,Low,2339.71,4,2025-08-29
CUST04196,"Harvey, Cole and Mueller",Business,Import/Export Trading,,UA,False,High,High,496682.91,63,2022-07-12
CUST04197,May Ltd,Business,Casino / Gaming,,AU,False,Medium,Low,44812.5,7,2024-05-05
CUST04198,Schneider Inc,Business,Cash-Intensive Retail (Convenience Store),,US,False,Low,Medium,199189.06,28,2022-11-13
CUST04199,"Bryant, Shaw and Guerrero",Business,Retail - E-commerce,,KR,False,Low,High,167774.13,50,2024-11-25
CUST04200,"Bradley, Coleman and Willis",Business,Technology / SaaS,,SE,False,Low,Low,8825.89,7,2025-12-29
CUST04201,Dyer Ltd,Business,Construction,,US,False,Low,Medium,47132.92,29,2022-02-19
CUST04202,Kaiser-Edwards,Business,Real Estate Agency,,NL,False,Low,Medium,76091.25,17,2022-09-30
CUST04203,Ashley Franco,Individual,,Government Employee,US,False,Low,Medium,6459.65,23,2022-10-15
CUST04204,Bennett-Johnson,Business,Construction,,LB,False,Medium,Medium,52899.12,22,2022-05-19
CUST04205,"Downs, Fernandez and Stuart",Business,Cash-Intensive Retail (Restaurant),,IT,False,Low,Low,41594.07,11,2023-10-07
CUST04206,Carlos Harris,Individual,,Retired,US,False,Low,Medium,6709.68,14,2023-07-18
CUST04207,Carla Young,Individual,,Government Employee,US,False,Low,Low,1213.2,11,2022-06-30
CUST04208,Brian Lucas,Individual,,Salaried Employee,ZA,False,Low,Low,853.2,9,2025-11-14
CUST04209,Thomas Moore,Individual,,Educator,CU,False,High,Low,1195.23,3,2023-05-28
CUST04210,Ms. Kayla Williams,Individual,,Retired,US,False,Low,Low,2400.06,5,2023-06-03
CUST04211,Thomas Inc,Business,Professional Services (Legal/Accounting),,MX,False,Low,High,259188.72,95,2022-08-12
CUST04212,Lopez and Sons,Business,Import/Export Trading,,NL,False,Medium,Medium,131912.05,16,2021-08-20
CUST04213,Brown PLC,Business,Money Service Business,,SG,False,Low,Low,88897.44,10,2024-11-25
CUST04214,Hamilton-Wilson,Business,Manufacturing,,US,False,Medium,Medium,49877.79,14,2021-11-14
CUST04215,"Skinner, Carlson and Parrish",Business,Healthcare Services,,US,False,Low,Medium,37852.29,27,2025-09-15
CUST04216,Barbara Kelley,Individual,,Retired,IN,False,Low,Low,1609.86,7,2024-02-17
CUST04217,Watson Inc,Business,Consulting Services,,PA,False,Low,Low,15943.33,10,2024-01-28
CUST04218,Nathaniel Hurst,Individual,,Healthcare Worker,US,False,Low,Low,669.07,7,2024-01-30
CUST04219,Marie Davidson,Individual,,Student,RU,False,Medium,Medium,4539.17,23,2022-05-05
CUST04220,Nicole Hartman,Individual,,Government Employee,FR,False,Medium,Medium,5657.32,13,2023-12-20
CUST04221,Paul Chase,Individual,,Self-Employed,US,False,Low,Medium,5205.77,11,2022-10-17
CUST04222,Eric Cline,Individual,,Healthcare Worker,PH,False,Medium,Low,747.99,6,2024-04-22
CUST04223,Rachel Johnson,Individual,,Educator,PA,False,Medium,High,21632.48,27,2023-04-22
CUST04224,"Mejia, Smith and Conley",Business,Precious Metals Dealer,,CH,False,Medium,Medium,256599.89,24,2025-01-21
CUST04225,Smith LLC,Business,Cash-Intensive Retail (Car Wash),,IN,False,High,Low,34091.63,15,2024-06-02
CUST04226,"Chapman, Kim and Jones",Business,Casino / Gaming,,AF,False,High,Medium,260732.89,24,2021-10-13
CUST04227,Amber Reynolds,Individual,,Government Employee,NG,False,Low,Low,2025.77,4,2024-12-07
CUST04228,Adams-Jones,Business,Manufacturing,,US,False,Low,Low,17069.72,12,2024-12-16
CUST04229,Elizabeth Miller,Individual,,Retired,US,False,Low,Low,1280.93,6,2022-05-21
CUST04230,Stephanie Bender,Individual,,Salaried Employee,HK,False,Low,Medium,5111.01,11,2024-01-07
CUST04231,Morton PLC,Business,Healthcare Services,,IT,False,Low,Medium,62230.28,31,2024-05-16
CUST04232,Lucas Nielsen,Individual,,Freelancer / Gig Worker,US,False,Medium,Medium,3752.37,16,2023-11-27
CUST04233,"Harrison, Mills and Smith",Business,Cash-Intensive Retail (Car Wash),,CH,False,Medium,Medium,229031.62,27,2023-04-10
CUST04234,Joshua Phillips,Individual,,Student,SE,False,Low,Medium,7155.14,21,2022-10-25
CUST04235,Ferguson-Bradley,Business,Precious Metals Dealer,,US,False,Medium,Medium,97018.93,29,2025-01-24
CUST04236,Lawrence Glover,Individual,,Student,YE,False,High,Medium,6313.85,20,2026-02-09
CUST04237,Fernandez PLC,Business,Manufacturing,,US,False,Low,High,179719.89,40,2026-01-15
CUST04238,"Knight, Kennedy and Cooley",Business,Cash-Intensive Retail (Car Wash),,AF,False,High,High,634003.73,54,2025-09-29
CUST04239,"Jones, Johnson and Pratt",Business,Real Estate Agency,,PK,False,Medium,Medium,65759.17,33,2025-04-07
CUST04240,Jesse Jones,Individual,,Retired,NG,False,Low,Low,890.51,5,2025-06-25
CUST04241,Johnson-Wheeler,Business,Real Estate Agency,,SE,False,Low,Medium,61473.06,16,2022-09-11
CUST04242,Harding and Sons,Business,Charity / NPO,,US,False,Medium,Medium,135443.98,25,2025-04-15
CUST04243,"Gallagher, Howard and Sweeney",Business,Professional Services (Legal/Accounting),,SE,False,Low,Low,18152.89,7,2026-01-21
CUST04244,Sandra Lopez,Individual,,Freelancer / Gig Worker,US,False,Low,Medium,5834.81,20,2021-09-28
CUST04245,Blake Bond,Individual,,Student,ES,False,Low,Low,1420.1,3,2024-10-02
CUST04246,Everett Group,Business,Construction,,YE,False,High,Medium,73235.35,30,2024-09-09
CUST04247,Dixon-Mata,Business,Professional Services (Legal/Accounting),,KR,False,Low,Medium,68021.89,14,2022-08-14
CUST04248,Tucker-Carter,Business,Money Service Business,,UA,False,Medium,Low,37699.41,12,2022-05-21
CUST04249,"Adkins, Freeman and Cruz",Business,Import/Export Trading,,IN,False,Medium,Medium,129040.36,17,2023-03-11
CUST04250,Davis Ltd,Business,Cash-Intensive Retail (Car Wash),,UA,False,High,Medium,123886.32,30,2022-11-06
CUST04251,Davis-Marquez,Business,Money Service Business,,US,False,Medium,High,534542.7,59,2025-01-16
CUST04252,Graham and Sons,Business,Education Services,,US,False,Low,Medium,104406.89,24,2023-01-01
CUST04253,Tommy Cook,Individual,,Salaried Employee,US,False,Medium,Low,1218.11,5,2022-04-02
CUST04254,Brown-Mann,Business,Money Service Business,,DE,True,High,Medium,243561.62,19,2023-11-13
CUST04255,"Simon, Adams and Anderson",Business,Retail - E-commerce,,US,False,Low,Medium,54586.85,23,2024-07-25
CUST04256,Jacqueline Bass,Individual,,Self-Employed,US,False,Low,Low,1820.98,12,2022-01-01
CUST04257,Graham-Wagner,Business,Cryptocurrency Exchange,,CA,False,Medium,Medium,149086.25,19,2021-08-22
CUST04258,Brenda Richard,Individual,,Salaried Employee,KH,False,Medium,Low,1440.02,11,2024-09-27
CUST04259,Aaron Andrews DVM,Individual,,Self-Employed,US,False,Low,Low,1006.12,8,2022-01-15
CUST04260,Chen and Sons,Business,Healthcare Services,,US,False,Medium,Medium,59100.92,33,2024-07-12
CUST04261,Hill-Brown,Business,Consulting Services,,US,False,Medium,Low,7719.49,7,2023-01-29
CUST04262,Wilcox LLC,Business,Casino / Gaming,,US,False,Medium,Low,31635.48,7,2025-08-13
CUST04263,Gordon PLC,Business,Healthcare Services,,BR,False,Low,Low,28698.4,6,2024-05-29
CUST04264,Stacey Ramirez,Individual,,Salaried Employee,SG,False,Low,Medium,8997.21,19,2022-02-11
CUST04265,Washington Ltd,Business,Precious Metals Dealer,,US,False,Medium,Medium,312071.84,11,2026-01-05
CUST04266,Martin LLC,Business,Manufacturing,,NL,False,Low,Low,6627.69,9,2025-06-20
CUST04267,Chad Barnes,Individual,,Student,US,False,Low,Medium,11781.84,11,2024-12-06
CUST04268,Kimberly Velazquez,Individual,,Business Owner,US,False,Medium,Low,660.34,7,2024-10-16
CUST04269,Olson Inc,Business,Professional Services (Legal/Accounting),,US,False,Low,Low,12353.31,10,2024-08-09
CUST04270,Margaret Mullins,Individual,,Retired,US,False,Medium,Medium,5177.8,12,2022-02-13
CUST04271,Kenneth Villegas,Individual,,Retired,US,False,Low,Low,1504.51,6,2023-02-18
CUST04272,Stacey Rodriguez,Individual,,Salaried Employee,US,False,Medium,Low,845.12,4,2022-05-08
CUST04273,Jeffery Adkins,Individual,,Retired,US,False,Low,Medium,7873.87,16,2021-12-27
CUST04274,Crystal Montoya,Individual,,Educator,GB,False,Low,Medium,7312.19,14,2025-05-13
CUST04275,Keith Gonzalez,Individual,,Healthcare Worker,US,False,Low,Low,2268.93,4,2021-11-23
CUST04276,Jones-Jordan,Business,Manufacturing,,US,False,Medium,High,189448.44,82,2024-04-15
CUST04277,"Smith, Krueger and Scott",Business,Manufacturing,,US,False,Low,High,123832.32,76,2022-05-10
CUST04278,Laura Collins,Individual,,Salaried Employee,US,False,Low,Low,2113.44,5,2024-05-26
CUST04279,"Carter, Cochran and Thomas",Business,Construction,,IN,False,Medium,Low,15557.88,14,2026-01-21
CUST04280,Kevin Berry,Individual,,Freelancer / Gig Worker,US,False,Low,Low,2102.32,4,2025-02-14
CUST04281,Kurt Ramirez,Individual,,Educator,IN,False,Low,Medium,3848.91,17,2025-08-20
CUST04282,Jennifer Oconnor,Individual,,Business Owner,FR,False,Medium,Medium,8482.54,15,2025-12-30
CUST04283,Madden and Sons,Business,Cryptocurrency Exchange,,US,False,Low,Medium,174057.89,27,2024-04-05
CUST04284,Angela Winters,Individual,,Government Employee,NG,False,High,Low,2004.0,5,2022-03-21
CUST04285,Gary Hernandez,Individual,,Salaried Employee,IN,False,Low,Medium,3609.65,12,2025-01-17
CUST04286,Cohen Inc,Business,Cash-Intensive Retail (Restaurant),,US,False,Low,High,503364.49,61,2025-08-07
CUST04287,Cindy Keith,Individual,,Retired,PH,False,Medium,High,22002.61,42,2024-09-05
CUST04288,Joseph Keith,Individual,,Student,LY,False,High,Medium,11474.74,15,2023-09-04
CUST04289,Savage-Hernandez,Business,Cryptocurrency Exchange,,US,False,Medium,High,1410329.29,53,2022-02-17
CUST04290,Atkins-Werner,Business,Charity / NPO,,ES,False,Low,Medium,130342.22,30,2025-04-27
CUST04291,Jeffrey Lee,Individual,,Freelancer / Gig Worker,FR,False,Low,Low,2337.51,5,2023-06-25
CUST04292,"Davies, Macdonald and Galvan",Business,Professional Services (Legal/Accounting),,LB,False,Low,Low,22355.14,7,2025-11-24
CUST04293,Payne and Sons,Business,Construction,,US,False,Low,Medium,72370.88,17,2024-04-27
CUST04294,Janet Jarvis,Individual,,Healthcare Worker,PA,False,Medium,Low,1615.88,8,2024-02-25
CUST04295,Chad Williams,Individual,,Business Owner,GB,False,Low,Low,1397.27,6,2024-06-16
CUST04296,Robert Mcintosh,Individual,,Government Employee,US,False,Low,Low,1492.57,5,2022-01-16
CUST04297,Jerry Rogers,Individual,,Business Owner,FR,False,Low,Medium,4885.98,11,2022-04-19
CUST04298,Woodward-Moore,Business,Casino / Gaming,,MM,False,High,Medium,291550.17,18,2023-03-04
CUST04299,Alexandra Johnson,Individual,,Healthcare Worker,PK,False,Low,Medium,8677.97,23,2024-06-14
CUST04300,Erika Williams,Individual,,Government Employee,US,False,Low,Low,1352.4,5,2024-04-01
CUST04301,Mary Greene,Individual,,Healthcare Worker,US,False,Low,Low,1530.15,4,2023-08-09
CUST04302,Bradley Garcia,Individual,,Self-Employed,IT,False,Low,Low,1608.62,5,2025-12-07
CUST04303,Anna Andersen,Individual,,Freelancer / Gig Worker,TR,False,High,Low,1590.94,6,2021-10-12
CUST04304,Murphy LLC,Business,Cryptocurrency Exchange,,LB,False,High,Medium,196832.51,14,2025-05-28
CUST04305,Amy Park,Individual,,Business Owner,GB,False,Low,Low,1448.39,6,2023-01-18
CUST04306,"Johnson, Love and Watson",Business,Money Service Business,,US,False,Low,Medium,253159.17,17,2023-08-10
CUST04307,Thomas Adams,Individual,,Government Employee,ZA,False,Low,Low,1434.4,4,2022-04-29
CUST04308,Yvette Orozco,Individual,,Student,SS,False,Medium,Low,1419.07,6,2022-10-08
CUST04309,Steven Glover,Individual,,Business Owner,CA,False,Low,Medium,5147.69,13,2024-08-28
CUST04310,Smith Group,Business,Cash-Intensive Retail (Restaurant),,US,False,Medium,Medium,210845.47,32,2022-01-18
CUST04311,Brian Lewis,Individual,,Student,DE,False,Low,Medium,6816.15,24,2023-03-05
CUST04312,Hannah Yates,Individual,,Retired,US,False,Low,Medium,7366.26,13,2023-10-29
CUST04313,Steven Morgan,Individual,,Freelancer / Gig Worker,PK,False,Medium,Medium,3277.95,14,2025-05-06
CUST04314,Williams-Davenport,Business,Manufacturing,,PK,False,Medium,High,287030.0,44,2022-06-20
CUST04315,Padilla-Richard,Business,Retail - E-commerce,,PH,False,Medium,Low,25445.67,10,2025-07-24
CUST04316,"Pierce, Galvan and Erickson",Business,Retail - E-commerce,,US,False,Medium,Medium,121967.87,17,2024-09-24
CUST04317,Susan Estrada,Individual,,Educator,US,False,Medium,Low,1739.26,8,2022-03-06
CUST04318,William Roberts,Individual,,Self-Employed,FR,False,Low,Medium,6462.46,23,2023-06-16
CUST04319,Mejia-Smith,Business,Precious Metals Dealer,,ES,False,Medium,Medium,210060.1,30,2022-08-17
CUST04320,Gregory Pace,Individual,,Salaried Employee,LB,False,Medium,Low,1652.68,5,2023-06-11
CUST04321,Jonathan Hale,Individual,,Retired,US,False,Low,Medium,4935.57,10,2024-01-14
CUST04322,Joshua Sims,Individual,,Government Employee,US,False,Low,Low,1675.75,7,2022-06-01
CUST04323,Mooney LLC,Business,Charity / NPO,,MX,False,Medium,High,822384.9,34,2023-02-06
CUST04324,"Howard, Wolf and Sanchez",Business,Technology / SaaS,,US,False,Low,High,227596.12,103,2024-10-18
CUST04325,Gina Williams,Individual,,Business Owner,US,False,Low,Low,941.33,6,2024-12-01
CUST04326,Anthony Stuart,Individual,,Government Employee,US,False,Low,Low,1454.35,7,2021-09-23
CUST04327,Jennifer Patterson,Individual,,Student,GB,False,Low,Medium,8655.68,13,2022-02-12
CUST04328,James Gonzales,Individual,,Self-Employed,KH,False,Medium,Low,1222.75,4,2023-11-08
CUST04329,Michael Allen,Individual,,Salaried Employee,IN,False,Low,Low,1428.4,5,2025-09-10
CUST04330,"Adams, Frazier and Moran",Business,Cash-Intensive Retail (Convenience Store),,IT,False,Medium,High,1043915.53,60,2023-06-21
CUST04331,Laura Roberts,Individual,,Freelancer / Gig Worker,MX,False,High,Low,2410.1,4,2024-10-21
CUST04332,Smith Group,Business,Professional Services (Legal/Accounting),,US,False,Low,Low,18877.32,10,2025-10-16
CUST04333,Peter Bradford,Individual,,Salaried Employee,US,False,Low,Medium,4905.88,11,2024-06-17
CUST04334,Daniel Chen,Individual,,Business Owner,US,False,Low,Medium,4096.41,17,2021-09-17
CUST04335,Daniel Gray,Individual,,Healthcare Worker,PH,False,Medium,Medium,4397.71,14,2023-10-15
CUST04336,James Mitchell,Individual,,Freelancer / Gig Worker,PK,False,Medium,Low,822.86,4,2025-07-11
CUST04337,"Scott, Perkins and Burton",Business,Professional Services (Legal/Accounting),,US,False,Low,Low,21855.63,10,2022-11-21
CUST04338,Mccormick LLC,Business,Professional Services (Legal/Accounting),,ES,False,Low,Medium,74518.46,25,2024-06-07
CUST04339,Andrea Mclaughlin,Individual,,Educator,US,False,Low,Low,1904.84,6,2021-11-21
CUST04340,Maria Stafford,Individual,,Government Employee,HK,False,Low,Low,1981.2,4,2022-01-05
CUST04341,Aaron Duran,Individual,,Freelancer / Gig Worker,US,False,Low,Low,1596.43,6,2025-02-20
CUST04342,"King, Smith and Tanner",Business,Healthcare Services,,US,False,Medium,High,187633.81,23,2022-08-11
CUST04343,James Robinson,Individual,,Retired,JP,False,Low,Medium,5763.54,14,2022-10-10
CUST04344,"Pennington, Campbell and Gregory",Business,Construction,,US,False,Low,Medium,37626.36,24,2025-07-02
CUST04345,Webster-Ferrell,Business,Cash-Intensive Retail (Restaurant),,US,False,Low,Medium,159276.57,31,2025-06-15
CUST04346,Keith Lopez,Individual,,Freelancer / Gig Worker,US,False,Low,Medium,4551.22,12,2023-01-27
CUST04347,"Mclaughlin, Wise and Collins",Business,Professional Services (Legal/Accounting),,CA,False,Low,Low,15833.98,11,2024-12-23
CUST04348,Hall and Sons,Business,Retail - E-commerce,,ES,False,Low,Low,19212.62,20,2025-03-08
CUST04349,"Brock, White and Smith",Business,Cryptocurrency Exchange,,MX,False,Low,Medium,97990.08,26,2022-10-27
CUST04350,Hector Lopez,Individual,,Self-Employed,LB,False,Medium,Medium,6971.41,8,2023-10-17
CUST04351,Lucero-Wu,Business,Cash-Intensive Retail (Restaurant),,US,False,Medium,Medium,189340.77,18,2022-09-09
CUST04352,Solomon Inc,Business,Retail - E-commerce,,US,False,Medium,High,252773.83,56,2022-05-23
CUST04353,Wilkinson-Perez,Business,Professional Services (Legal/Accounting),,AU,False,Low,Medium,32694.2,33,2021-09-02
CUST04354,Jeffrey Bernard,Individual,,Educator,PH,False,Medium,Low,2521.01,7,2022-06-17
CUST04355,"Pope, Swanson and Jackson",Business,Import/Export Trading,,US,False,Medium,Medium,320611.76,33,2024-08-13
CUST04356,Kelly Martinez,Individual,,Salaried Employee,SY,False,High,Low,1621.17,6,2025-10-10
CUST04357,Melissa Cunningham,Individual,,Educator,US,False,Medium,Medium,3745.41,11,2025-04-22
CUST04358,Brian Kim,Individual,,Business Owner,DE,False,Low,Low,831.47,5,2024-10-10
CUST04359,Joshua Cross,Individual,,Business Owner,US,False,Low,Low,1627.62,5,2024-04-12
CUST04360,Julie Kaufman,Individual,,Business Owner,KP,False,Medium,Low,1687.68,5,2023-01-16
CUST04361,Anna Hawkins,Individual,,Student,JP,False,Medium,Low,1211.06,4,2021-12-30
CUST04362,Nicole Mejia,Individual,,Salaried Employee,US,False,Low,Low,1044.51,3,2023-08-18
CUST04363,Nichols-Stokes,Business,Healthcare Services,,US,False,Low,Medium,78108.77,35,2023-06-15
CUST04364,Kelley Group,Business,Professional Services (Legal/Accounting),,US,False,Low,Medium,60768.71,25,2022-12-07
CUST04365,Lauren Nolan,Individual,,Healthcare Worker,US,False,Low,Low,853.79,7,2025-12-12
CUST04366,Rivera-Macias,Business,Casino / Gaming,,LB,False,Medium,Low,52465.42,10,2022-01-26
CUST04367,Whitney Taylor,Individual,,Student,NG,False,High,High,26105.27,23,2025-09-03
CUST04368,Anthony Arnold,Individual,,Healthcare Worker,AU,False,Low,Low,1557.17,8,2024-02-15
CUST04369,"Anderson, House and Krause",Business,Real Estate Agency,,IT,False,Low,Low,16078.8,8,2022-10-08
CUST04370,Brittney King,Individual,,Business Owner,CA,False,Low,Low,2538.75,6,2023-12-23
CUST04371,William Pena,Individual,,Freelancer / Gig Worker,US,False,Low,Low,1790.46,5,2022-09-27
CUST04372,Shannon Adkins,Individual,,Retired,US,False,Low,Medium,6409.62,15,2022-03-07
CUST04373,Troy Ward,Individual,,Government Employee,CA,False,Low,High,23274.81,22,2023-04-15
CUST04374,Megan Fitzgerald,Individual,,Retired,RU,False,Medium,High,15545.3,27,2021-09-23
CUST04375,Johnson and Sons,Business,Healthcare Services,,KH,False,Medium,Medium,66370.24,21,2022-01-18
CUST04376,Giles-Dominguez,Business,Construction,,SG,False,Low,Medium,59714.21,52,2023-06-25
CUST04377,Anderson Group,Business,Education Services,,RU,False,Low,Medium,78359.85,16,2025-11-08
CUST04378,Jefferson-Martinez,Business,Healthcare Services,,PH,False,Low,High,120119.77,41,2022-06-30
CUST04379,Mitchell Williams,Individual,,Business Owner,LB,False,Low,Medium,8510.16,12,2022-09-23
CUST04380,"Davis, Rogers and Williams",Business,Consulting Services,,MX,False,Medium,High,224693.19,62,2023-10-10
CUST04381,Gonzalez-Fleming,Business,Import/Export Trading,,US,False,Low,Low,37718.62,9,2022-02-08
CUST04382,Espinoza-Larson,Business,Healthcare Services,,FR,False,Medium,Medium,57030.24,22,2025-05-11
CUST04383,Henry Leach,Individual,,Educator,US,False,Low,Low,1037.63,5,2022-06-08
CUST04384,"Medina, Anderson and Jones",Business,Import/Export Trading,,ES,False,Low,Medium,143210.54,32,2021-10-24
CUST04385,Wanda Davis,Individual,,Student,ZA,False,Low,Medium,5381.38,14,2022-03-31
CUST04386,James Franklin,Individual,,Student,US,False,Low,Medium,3766.07,10,2022-12-21
CUST04387,"Curry, Schmidt and Wilson",Business,Technology / SaaS,,US,False,Low,High,297388.19,65,2021-11-12
CUST04388,Ryan Harmon,Individual,,Retired,US,True,Medium,Low,2896.84,5,2023-12-19
CUST04389,Harvey Group,Business,Cash-Intensive Retail (Convenience Store),,US,False,Medium,High,593766.39,52,2022-12-30
CUST04390,Brad Melton,Individual,,Self-Employed,US,False,Low,Low,1398.38,4,2022-08-17
CUST04391,Tucker-Mason,Business,Money Service Business,,US,False,Medium,Medium,162726.01,14,2024-09-26
CUST04392,Grant-Richardson,Business,Cash-Intensive Retail (Car Wash),,SE,False,High,Medium,236233.94,23,2025-03-03
CUST04393,Stevens-Mullins,Business,Technology / SaaS,,US,False,Low,Medium,77511.74,21,2021-12-18
CUST04394,Hall-Long,Business,Construction,,KR,False,Low,Low,16241.09,7,2022-12-02
CUST04395,Hudson Group,Business,Cash-Intensive Retail (Car Wash),,IT,False,Low,Medium,147297.03,18,2024-09-11
CUST04396,Eric Mitchell,Individual,,Business Owner,IR,False,High,Medium,6202.67,12,2023-10-14
CUST04397,Andrew Sanford,Individual,,Freelancer / Gig Worker,US,False,Low,Medium,12313.68,15,2024-12-12
CUST04398,Cohen PLC,Business,Professional Services (Legal/Accounting),,GB,False,Low,Low,20631.21,9,2023-03-22
CUST04399,Latoya Cooper,Individual,,Freelancer / Gig Worker,CA,False,Medium,Low,1435.07,6,2024-03-10
CUST04400,Jamie Chavez,Individual,,Salaried Employee,IT,False,Low,Low,2196.26,6,2022-09-20
CUST04401,Janice Hamilton,Individual,,Freelancer / Gig Worker,CH,False,Low,Medium,8868.71,20,2022-08-13
CUST04402,Wayne Scott,Individual,,Self-Employed,AF,False,Medium,Low,2279.62,4,2025-02-10
CUST04403,Tamara Rodgers,Individual,,Educator,US,False,Medium,Medium,5349.1,11,2024-05-05
CUST04404,Nunez-Garcia,Business,Healthcare Services,,BR,False,Low,High,309789.29,79,2025-12-30
CUST04405,Makayla Friedman,Individual,,Salaried Employee,MX,False,Low,Low,1356.22,12,2025-10-23
CUST04406,"Clements, Williamson and Singh",Business,Precious Metals Dealer,,US,False,Medium,High,651684.07,60,2025-01-31
CUST04407,Fowler Ltd,Business,Real Estate Agency,,US,False,Low,Medium,97171.25,29,2024-04-06
CUST04408,"Miller, Burke and Fleming",Business,Construction,,US,False,Low,Low,12877.15,8,2023-11-11
CUST04409,Justin Ballard,Individual,,Healthcare Worker,KR,False,Low,Medium,7826.15,16,2022-10-04
CUST04410,Tonya Campbell,Individual,,Healthcare Worker,US,False,Low,Low,1636.99,4,2025-07-16
CUST04411,Chelsea Diaz,Individual,,Educator,NG,False,Low,High,12024.52,35,2022-02-08
CUST04412,Schmidt-Walker,Business,Cryptocurrency Exchange,,IN,False,Low,Low,37901.21,9,2023-11-02
CUST04413,Avery Inc,Business,Import/Export Trading,,US,False,High,Medium,133211.97,25,2023-09-01
CUST04414,Michael Diaz,Individual,,Retired,US,False,Low,Medium,8416.16,21,2026-02-12
CUST04415,Mr. William Adams PhD,Individual,,Freelancer / Gig Worker,IT,False,Low,Low,1723.59,4,2024-12-08
CUST04416,"Elliott, Adams and Rivera",Business,Cash-Intensive Retail (Restaurant),,NL,False,Medium,Medium,188567.1,16,2025-06-23
CUST04417,Matthews-Jacobson,Business,Cryptocurrency Exchange,,US,False,Low,Medium,83867.42,30,2023-11-25
CUST04418,Terri Hendricks,Individual,,Self-Employed,US,False,Low,Medium,6417.08,16,2024-06-21
CUST04419,Heather Allen,Individual,,Government Employee,US,False,Medium,Medium,6960.4,15,2024-10-08
CUST04420,Wendy Nelson,Individual,,Salaried Employee,KH,False,Medium,Low,2307.47,6,2024-11-27
CUST04421,Linda Shaw,Individual,,Educator,MX,False,Low,High,15716.58,19,2022-02-27
CUST04422,Taylor Martinez,Individual,,Salaried Employee,US,False,Low,Low,1827.75,5,2023-02-15
CUST04423,Mitchell-Johnson,Business,Cryptocurrency Exchange,,UA,False,Low,Low,55071.18,4,2021-09-07
CUST04424,Tammy Giles,Individual,,Student,US,False,Low,Low,1876.39,6,2024-03-22
CUST04425,Robin Lopez,Individual,,Salaried Employee,AE,False,Medium,Low,1584.01,7,2025-01-04
CUST04426,Erica Case,Individual,,Self-Employed,KR,False,Low,High,14912.09,31,2024-11-10
CUST04427,Turner-Griffin,Business,Import/Export Trading,,CH,False,Medium,Medium,104852.23,25,2022-07-30
CUST04428,Cynthia Chavez,Individual,,Retired,SG,False,Low,Medium,9273.48,26,2023-12-20
CUST04429,Jacob Love,Individual,,Educator,US,False,Low,High,27104.94,36,2022-08-17
CUST04430,James Fitzpatrick,Individual,,Healthcare Worker,US,False,Low,Medium,6912.71,11,2024-01-19
CUST04431,Cuevas LLC,Business,Cash-Intensive Retail (Convenience Store),,TR,False,High,Medium,167369.79,30,2023-04-13
CUST04432,Sparks and Sons,Business,Precious Metals Dealer,,PA,False,High,Medium,186617.06,35,2025-02-24
CUST04433,Elizabeth Stewart,Individual,,Salaried Employee,US,False,Medium,Medium,3595.1,11,2024-03-30
CUST04434,Higgins Inc,Business,Real Estate Agency,,US,False,Low,High,176016.72,95,2025-06-20
CUST04435,"Gutierrez, Barrett and Ellis",Business,Consulting Services,,US,False,Low,Medium,62370.11,29,2022-07-03
CUST04436,Melanie Smith,Individual,,Government Employee,NL,False,Medium,Medium,9009.48,22,2022-08-27
CUST04437,Joseph Kelly Jr.,Individual,,Healthcare Worker,PH,False,Medium,Low,2965.62,4,2022-08-22
CUST04438,Nicholas Griffin,Individual,,Student,IT,False,High,Medium,3829.91,15,2024-01-03
CUST04439,Daniel Ochoa,Individual,,Self-Employed,SE,False,Low,Medium,7636.0,14,2023-12-29
CUST04440,"Kemp, Hamilton and Bullock",Business,Manufacturing,,US,False,Low,Medium,94959.74,21,2025-07-15
CUST04441,Ryan Santos,Individual,,Healthcare Worker,IT,False,Low,High,26606.21,42,2025-11-08
CUST04442,Rodriguez and Sons,Business,Consulting Services,,US,False,Low,Medium,31830.02,32,2023-01-04
CUST04443,"Peck, Rhodes and Holt",Business,Education Services,,US,True,Medium,Medium,40888.34,22,2025-02-10
CUST04444,Hutchinson-Hoover,Business,Healthcare Services,,US,False,Low,Medium,72133.9,39,2023-07-06
CUST04445,Ford-Anderson,Business,Cash-Intensive Retail (Restaurant),,ES,False,Medium,Low,46505.93,5,2025-04-10
CUST04446,Fred Lopez,Individual,,Self-Employed,US,False,Low,Low,2050.67,6,2025-08-07
CUST04447,Rodriguez Inc,Business,Manufacturing,,CH,False,Low,High,257295.53,78,2022-01-05
CUST04448,Lori Howard,Individual,,Educator,US,False,Low,Medium,8294.86,18,2022-11-30
CUST04449,Tara Brown,Individual,,Educator,US,False,Low,High,20159.95,70,2024-09-28
CUST04450,Banks-Barrett,Business,Retail - E-commerce,,US,False,Low,Medium,42777.81,29,2022-01-02
CUST04451,Johnson and Sons,Business,Manufacturing,,US,False,Low,Low,18928.44,7,2025-09-25
CUST04452,"Thompson, Anderson and Parker",Business,Technology / SaaS,,GB,False,Low,Low,13351.61,9,2024-05-03
CUST04453,Bates-Dougherty,Business,Retail - E-commerce,,ZA,False,Low,Medium,76159.2,18,2022-08-21
CUST04454,Johnson-Turner,Business,Cash-Intensive Retail (Restaurant),,US,False,Low,Low,48310.49,10,2022-09-01
CUST04455,Hines PLC,Business,Precious Metals Dealer,,HK,False,Medium,High,839759.51,76,2022-05-10
CUST04456,Christopher Johnson Jr.,Individual,,Educator,VE,False,Medium,Low,678.61,8,2024-10-31
CUST04457,"Reed, Fletcher and Holmes",Business,Technology / SaaS,,US,False,Low,High,180099.53,48,2024-12-10
CUST04458,Nathan Burke,Individual,,Freelancer / Gig Worker,JP,False,Low,Low,1843.35,4,2023-03-16
CUST04459,"Barber, Chase and Bowers",Business,Charity / NPO,,MX,False,Medium,Low,52128.63,11,2024-07-17
CUST04460,Ball PLC,Business,Cash-Intensive Retail (Car Wash),,US,False,Low,Medium,210076.35,11,2024-08-12
CUST04461,Shannon Vega,Individual,,Healthcare Worker,US,False,Low,Low,906.77,7,2023-08-12
CUST04462,Chris Steele,Individual,,Self-Employed,CU,False,Low,High,16549.25,29,2025-05-20
CUST04463,Luis English,Individual,,Retired,IR,False,High,Medium,5931.6,11,2023-02-06
CUST04464,Mitchell Group,Business,Charity / NPO,,US,False,Medium,Low,60781.73,6,2023-07-04
CUST04465,Courtney Perez,Individual,,Student,NL,False,Low,Low,900.08,7,2025-04-01
CUST04466,Gregory Johnson,Individual,,Business Owner,NG,False,Low,Low,1865.58,5,2024-12-29
CUST04467,Anthony Cherry,Individual,,Healthcare Worker,NG,False,Medium,Medium,4005.65,24,2022-01-02
CUST04468,"Lopez, Lawson and French",Business,Retail - E-commerce,,US,False,Medium,Low,13469.98,9,2022-08-24
CUST04469,Renee Gallegos,Individual,,Educator,US,False,Low,Medium,6787.49,10,2023-04-27
CUST04470,Johnson-Smith,Business,Education Services,,US,False,Medium,Low,23834.72,11,2022-09-05
CUST04471,Brett Newman,Individual,,Retired,US,False,Medium,Medium,10182.71,17,2023-07-05
CUST04472,"Byrd, Chen and White",Business,Cash-Intensive Retail (Car Wash),,ZA,False,Medium,Medium,344891.63,20,2022-05-19
CUST04473,Wade-Wilkinson,Business,Manufacturing,,DE,False,Medium,Medium,77804.18,37,2025-04-25
CUST04474,Pamela Ferguson,Individual,,Government Employee,RU,False,Medium,Low,2090.42,5,2023-10-25
CUST04475,Mendoza-Nguyen,Business,Cryptocurrency Exchange,,DE,False,Medium,Medium,224074.03,31,2023-11-08
CUST04476,Daniel Booker,Individual,,Retired,US,False,Low,Low,2430.22,5,2023-06-18
CUST04477,Dr. Brenda Martin,Individual,,Healthcare Worker,US,False,Low,Low,1685.86,5,2025-12-10
CUST04478,Walters PLC,Business,Technology / SaaS,,US,False,Low,Low,28197.07,17,2024-02-07
CUST04479,Christian Castro,Individual,,Student,GB,False,Low,Low,1732.62,10,2022-12-06
CUST04480,Mary Jennings,Individual,,Salaried Employee,US,False,Low,Medium,4251.75,17,2023-03-09
CUST04481,Tyler Sullivan,Individual,,Retired,US,False,Low,Low,1944.78,5,2024-10-28
CUST04482,Nicholson PLC,Business,Retail - E-commerce,,US,False,Medium,Medium,38459.14,21,2024-06-27
CUST04483,Matthew Mccullough,Individual,,Healthcare Worker,US,False,Low,Low,1358.33,4,2023-09-05
CUST04484,Madison Bowen,Individual,,Retired,HK,False,Medium,Low,1523.24,5,2023-09-13
CUST04485,Matthew Schmidt,Individual,,Salaried Employee,JP,False,Low,Low,2594.35,7,2023-12-05
CUST04486,Ricky Hill,Individual,,Student,IT,False,Low,Low,2346.78,3,2023-08-18
CUST04487,Michael Perez,Individual,,Student,DE,False,Low,Low,1482.74,5,2024-03-18
CUST04488,Marissa Nguyen,Individual,,Government Employee,US,False,Low,Low,2540.9,6,2021-09-25
CUST04489,Andrea Hampton,Individual,,Freelancer / Gig Worker,TR,False,Medium,Medium,4584.0,19,2023-02-07
CUST04490,Anthony Mueller,Individual,,Student,PK,False,Medium,Low,1578.16,6,2025-01-05
CUST04491,Ronald Wells,Individual,,Salaried Employee,US,False,Low,Medium,6829.53,10,2024-09-22
CUST04492,Erik Hill,Individual,,Student,US,False,Low,High,11826.42,22,2025-09-01
CUST04493,Ward LLC,Business,Healthcare Services,,US,False,Low,Medium,93927.11,15,2022-03-27
CUST04494,Taylor Keller,Individual,,Business Owner,LY,False,High,Low,737.94,3,2024-10-01
CUST04495,William Adams,Individual,,Healthcare Worker,US,False,Low,Medium,3908.82,13,2022-04-11
CUST04496,Tamara Peterson,Individual,,Government Employee,US,False,Low,Medium,7428.1,12,2025-04-05
CUST04497,Smith-Mahoney,Business,Money Service Business,,IN,False,Low,High,647935.38,80,2022-05-24
CUST04498,Jamie Mercer,Individual,,Student,JP,False,Medium,Medium,5690.81,9,2024-05-07
CUST04499,Jonathan Ballard,Individual,,Self-Employed,BR,False,Low,Medium,4979.66,19,2022-02-17
CUST04500,Aaron Taylor,Individual,,Healthcare Worker,JP,False,Low,Low,2049.27,3,2023-10-10
CUST04501,William Estrada,Individual,,Business Owner,US,False,Low,Medium,7118.43,16,2022-03-22
CUST04502,Marissa Davis,Individual,,Self-Employed,US,False,Low,Low,2455.52,5,2022-05-20
CUST04503,Benjamin Harris,Individual,,Retired,ZA,False,Low,Low,1450.77,4,2023-09-09
CUST04504,Jessica Potts,Individual,,Healthcare Worker,US,False,Low,Low,833.8,9,2025-01-18
CUST04505,Keith Gibson,Individual,,Self-Employed,US,True,Medium,Low,1244.85,9,2021-12-04
CUST04506,Kelly Lewis,Individual,,Student,GB,False,Low,Low,1280.43,5,2023-01-08
CUST04507,Henry-Webb,Business,Money Service Business,,US,False,Medium,High,808683.79,67,2022-04-19
CUST04508,Victoria Lopez,Individual,,Educator,SG,False,Low,High,23982.54,23,2025-05-05
CUST04509,"Price, Duran and Stevens",Business,Import/Export Trading,,SS,False,High,High,854110.01,55,2024-07-02
CUST04510,"Ray, Moreno and Howell",Business,Cash-Intensive Retail (Car Wash),,US,False,Low,Low,46472.73,6,2025-03-12
CUST04511,Young-Walsh,Business,Cash-Intensive Retail (Restaurant),,US,False,Medium,High,541399.62,83,2023-05-22
CUST04512,Melinda Mccullough,Individual,,Freelancer / Gig Worker,US,False,Low,Medium,5950.54,20,2024-03-30
CUST04513,Lance Soto,Individual,,Salaried Employee,US,False,Low,Low,2310.44,5,2024-11-13
CUST04514,Colin Mckay,Individual,,Freelancer / Gig Worker,US,False,Low,Medium,8726.2,19,2024-06-19
CUST04515,Hall and Sons,Business,Real Estate Agency,,US,False,Low,Low,12581.96,11,2022-01-02
CUST04516,Martinez Inc,Business,Cash-Intensive Retail (Restaurant),,US,False,Medium,Medium,210842.35,23,2024-08-11
CUST04517,Patricia Tucker,Individual,,Freelancer / Gig Worker,US,False,Low,Medium,4117.61,13,2024-10-31
CUST04518,Douglas Bowman,Individual,,Salaried Employee,AU,False,Low,Low,642.19,3,2024-01-13
CUST04519,Smith-Williams,Business,Healthcare Services,,JP,False,Low,Low,12245.49,7,2022-10-23
CUST04520,Donaldson-Marshall,Business,Cash-Intensive Retail (Car Wash),,NL,False,Low,Medium,146211.45,28,2024-03-22
CUST04521,Maurice Graham,Individual,,Salaried Employee,US,False,Medium,Medium,6307.55,15,2025-01-10
CUST04522,Armstrong-Watkins,Business,Professional Services (Legal/Accounting),,KR,False,Low,Medium,61339.76,33,2024-04-01
CUST04523,Ann Velasquez,Individual,,Government Employee,HK,False,Low,Medium,5010.45,17,2024-11-24
CUST04524,Jessica Ewing,Individual,,Freelancer / Gig Worker,US,False,Low,Low,1118.01,3,2023-10-21
CUST04525,Johnson-Russell,Business,Money Service Business,,PH,False,Medium,Medium,161018.61,15,2024-08-14
CUST04526,Daniel Gonzalez,Individual,,Healthcare Worker,US,False,Low,Low,1691.23,6,2024-11-25
CUST04527,Cunningham-Jensen,Business,Professional Services (Legal/Accounting),,NL,False,Low,Medium,82161.58,25,2025-07-26
CUST04528,Brian Reid,Individual,,Self-Employed,US,False,Medium,Medium,9249.56,12,2024-08-30
CUST04529,Hudson Group,Business,Professional Services (Legal/Accounting),,SG,False,Medium,High,200248.62,57,2023-07-07
CUST04530,Harris-Neal,Business,Retail - E-commerce,,US,False,Low,Medium,60631.13,22,2025-07-31
CUST04531,Cassidy Bailey,Individual,,Student,GB,False,Low,Low,1294.78,4,2022-12-28
CUST04532,"Martin, Gutierrez and Clark",Business,Charity / NPO,,PA,False,Medium,Low,30271.67,10,2024-03-02
CUST04533,Blake Edwards,Individual,,Self-Employed,KR,False,Low,Medium,3268.69,12,2024-01-31
CUST04534,Lisa Hansen,Individual,,Business Owner,KP,False,High,Medium,4653.57,8,2024-06-21
CUST04535,Hannah Campbell,Individual,,Educator,US,False,Low,Low,1528.13,8,2025-04-25
CUST04536,William Molina,Individual,,Student,MX,False,Low,Low,1019.03,8,2024-02-07
CUST04537,"Walker, Fletcher and Floyd",Business,Construction,,US,False,Low,Medium,49164.2,23,2024-03-19
CUST04538,Jennifer Reilly,Individual,,Healthcare Worker,FR,False,Low,Medium,3689.37,16,2023-09-12
CUST04539,Dana Thornton,Individual,,Salaried Employee,US,False,Medium,Low,2166.89,5,2023-10-26
CUST04540,Jerry Perez,Individual,,Healthcare Worker,CH,False,Low,Low,1323.51,6,2023-11-29
CUST04541,Baker-Fox,Business,Professional Services (Legal/Accounting),,MX,False,Low,Medium,47231.53,31,2023-01-28
CUST04542,Anthony Murphy,Individual,,Self-Employed,RU,False,Medium,High,33814.7,22,2025-03-11
CUST04543,Jacobs Group,Business,Healthcare Services,,KR,False,Low,Medium,112542.23,25,2023-06-23
CUST04544,Maureen Patel PhD,Individual,,Educator,AU,False,Medium,Low,1770.24,6,2026-01-22
CUST04545,Taylor Garcia,Individual,,Educator,LY,False,High,Low,1652.05,6,2022-12-16
CUST04546,Adam Shannon,Individual,,Retired,KR,False,Low,Low,716.84,4,2025-05-29
CUST04547,Michael Wilson,Individual,,Government Employee,US,False,Low,Low,1804.89,5,2025-09-09
CUST04548,Mendoza LLC,Business,Import/Export Trading,,FR,False,High,High,536816.0,67,2026-01-11
CUST04549,Lee-Mccoy,Business,Education Services,,KP,False,Medium,Low,10766.94,10,2025-02-16
CUST04550,John Richards,Individual,,Salaried Employee,US,False,Low,Low,864.26,5,2022-09-08
CUST04551,Adam Turner,Individual,,Retired,IT,False,Medium,Low,2818.29,7,2025-04-19
CUST04552,James-Brown,Business,Education Services,,US,False,Low,Low,12495.38,8,2023-07-09
CUST04553,"Brown, Johnson and Merritt",Business,Cryptocurrency Exchange,,FR,False,High,Low,35515.38,10,2024-08-23
CUST04554,Richard Harris,Individual,,Healthcare Worker,US,False,Low,Low,1308.01,4,2025-07-17
CUST04555,James Kelly,Individual,,Salaried Employee,YE,False,High,Low,1015.94,6,2024-12-12
CUST04556,Rivera LLC,Business,Construction,,US,False,Low,Low,6356.74,8,2025-08-17
CUST04557,Peters Group,Business,Cash-Intensive Retail (Car Wash),,MX,False,Low,High,634967.5,62,2022-04-16
CUST04558,Lisa Blackburn,Individual,,Healthcare Worker,CH,False,Low,High,21585.5,42,2023-11-03
CUST04559,Kristen Lopez,Individual,,Student,SG,False,Low,Low,1498.86,4,2024-05-26
CUST04560,Daniel Jones,Individual,,Self-Employed,US,False,Low,Medium,7950.17,10,2024-10-09
CUST04561,Dyer LLC,Business,Professional Services (Legal/Accounting),,AU,False,Low,High,163392.84,66,2023-03-07
CUST04562,Jason Cantu,Individual,,Business Owner,US,False,Medium,Medium,6128.67,12,2022-10-09
CUST04563,David Collins,Individual,,Government Employee,UA,False,Medium,High,21000.89,11,2024-02-09
CUST04564,Jason Douglas,Individual,,Healthcare Worker,ES,False,Low,Low,2248.02,5,2021-10-11
CUST04565,Hall-Hayes,Business,Professional Services (Legal/Accounting),,US,False,Low,Medium,85920.65,24,2025-02-25
CUST04566,Melissa Owen,Individual,,Educator,US,False,Low,Medium,6419.42,13,2024-12-27
CUST04567,"Guerra, Johnson and Moody",Business,Healthcare Services,,US,False,Low,Low,20330.9,16,2024-04-14
CUST04568,Stephanie Carroll,Individual,,Self-Employed,US,False,Low,Medium,6659.26,12,2024-01-02
CUST04569,Mullins-Chung,Business,Professional Services (Legal/Accounting),,KR,False,Low,Medium,92539.41,24,2022-12-02
CUST04570,Martha Lucas,Individual,,Student,US,False,Low,Low,1515.26,8,2025-10-05
CUST04571,Dustin Owens,Individual,,Self-Employed,FR,False,Low,Low,1772.35,4,2023-03-22
CUST04572,Elizabeth Skinner MD,Individual,,Business Owner,GB,False,Low,Low,1397.3,6,2023-07-24
CUST04573,"Bauer, Davenport and Valentine",Business,Education Services,,SG,False,Low,Low,33160.64,12,2023-01-03
CUST04574,Justin Blackburn,Individual,,Healthcare Worker,MX,False,Medium,Low,1544.99,5,2025-03-17
CUST04575,Christopher Walton,Individual,,Self-Employed,US,False,Low,Low,2952.75,4,2022-12-22
CUST04576,Casey Mcknight,Individual,,Salaried Employee,US,False,Low,Medium,8148.44,11,2023-08-10
CUST04577,Alan Rivera,Individual,,Government Employee,US,False,Low,High,16450.68,31,2022-07-14
CUST04578,Harris Inc,Business,Technology / SaaS,,US,False,Low,Low,12510.06,7,2023-07-28
CUST04579,Craig Ortiz,Individual,,Healthcare Worker,GB,False,Low,High,31217.53,25,2025-05-15
CUST04580,Michael Santiago,Individual,,Student,LB,False,Low,Medium,7565.66,12,2025-04-04
CUST04581,Diaz-Cabrera,Business,Healthcare Services,,AU,False,Low,Low,15278.57,6,2025-05-04
CUST04582,Brenda Mendoza,Individual,,Retired,US,False,Low,Medium,6219.73,11,2024-07-28
CUST04583,Wright-Goodman,Business,Professional Services (Legal/Accounting),,PK,False,Low,Medium,57662.2,31,2023-02-04
CUST04584,May-Clark,Business,Manufacturing,,NL,False,Medium,Medium,63405.32,17,2022-04-14
CUST04585,Kent Ltd,Business,Real Estate Agency,,SG,False,Low,High,313289.74,57,2023-10-25
CUST04586,Carolyn Johnson,Individual,,Salaried Employee,US,False,Low,Low,1720.36,4,2023-12-03
CUST04587,Tiffany Anderson,Individual,,Healthcare Worker,BR,False,Low,Low,1274.21,6,2022-09-12
CUST04588,"Phillips, Jones and Stanton",Business,Precious Metals Dealer,,US,False,Low,Low,41644.48,6,2021-10-03
CUST04589,Gibson and Sons,Business,Real Estate Agency,,US,False,Medium,Medium,69152.41,29,2023-01-03
CUST04590,Brandi Williams,Individual,,Healthcare Worker,ES,False,Low,Low,1480.6,7,2024-10-16
CUST04591,Robert Bowen,Individual,,Retired,BR,False,Low,Low,1360.39,5,2023-10-27
CUST04592,Kimberly Blair,Individual,,Self-Employed,CH,False,Low,Low,1132.5,7,2022-06-25
CUST04593,Karen Fields,Individual,,Government Employee,BR,False,Low,Medium,3877.17,14,2025-10-30
CUST04594,David Rodriguez,Individual,,Self-Employed,US,False,Medium,Low,1121.34,5,2023-03-05
CUST04595,Williams-Ward,Business,Real Estate Agency,,ES,False,Low,Medium,47817.77,17,2023-07-21
CUST04596,Tami Moore,Individual,,Government Employee,US,False,Low,Low,1556.27,3,2025-08-10
CUST04597,"Hernandez, Wagner and Velazquez",Business,Consulting Services,,US,False,Low,Low,8422.13,10,2023-02-23
CUST04598,Stewart Inc,Business,Money Service Business,,ES,False,Medium,Medium,511234.05,36,2024-07-15
CUST04599,Peter Campbell,Individual,,Freelancer / Gig Worker,DE,False,Low,Low,1302.14,3,2023-10-14
CUST04600,Misty Hernandez,Individual,,Salaried Employee,US,False,Low,Low,2072.53,4,2023-09-21
CUST04601,Mr. Jerry Hammond,Individual,,Student,US,False,Low,Low,1351.22,4,2022-04-08
CUST04602,Garcia Inc,Business,Money Service Business,,DE,False,Low,Medium,160336.48,21,2022-05-08
CUST04603,Barbara Ellis,Individual,,Self-Employed,IR,False,High,Medium,4976.75,11,2025-12-26
CUST04604,Young LLC,Business,Casino / Gaming,,HK,False,Medium,High,903729.35,51,2025-02-26
CUST04605,"Mendez, Caldwell and Macdonald",Business,Construction,,US,False,Low,Medium,60763.13,15,2022-03-31
CUST04606,Anthony Holloway,Individual,,Self-Employed,US,False,Low,Low,1197.24,5,2024-02-05
CUST04607,Rebecca Cantu,Individual,,Educator,IN,False,Low,Medium,7279.06,18,2022-11-26
CUST04608,Kevin Harvey,Individual,,Freelancer / Gig Worker,US,False,Low,Low,2299.32,6,2023-10-05
CUST04609,Cassandra Flores,Individual,,Salaried Employee,TR,False,Medium,Low,1381.98,4,2022-07-19
CUST04610,Christopher Thomas MD,Individual,,Educator,US,False,Low,Low,2084.85,5,2024-11-30
CUST04611,Danielle Grant,Individual,,Government Employee,US,False,Low,Low,1733.83,6,2023-03-01
CUST04612,Smith LLC,Business,Casino / Gaming,,PH,False,High,High,543162.95,33,2022-11-21
CUST04613,Rodriguez and Sons,Business,Education Services,,US,False,Low,Medium,107871.26,25,2024-10-27
CUST04614,Melinda Green,Individual,,Freelancer / Gig Worker,US,False,Low,Low,1948.76,3,2024-11-14
CUST04615,Stout Ltd,Business,Cryptocurrency Exchange,,US,False,Medium,Low,51732.57,10,2021-08-18
CUST04616,Rose Harris,Individual,,Educator,US,False,Low,Medium,3373.98,20,2024-01-31
CUST04617,Turner-Wiley,Business,Real Estate Agency,,US,False,Low,High,176859.44,59,2021-10-10
CUST04618,Ryan Porter,Individual,,Retired,IN,False,Medium,Low,2273.85,6,2024-06-06
CUST04619,John Brock,Individual,,Business Owner,US,False,Low,High,36495.95,23,2021-09-15
CUST04620,Austin-Gray,Business,Cash-Intensive Retail (Restaurant),,SE,False,Low,Low,29878.93,14,2025-12-07
CUST04621,Andrea Miranda,Individual,,Educator,IT,False,Low,Low,1942.32,4,2024-04-13
CUST04622,French Group,Business,Manufacturing,,JP,False,Medium,Medium,51525.14,18,2025-11-04
CUST04623,Hanson-Mckee,Business,Professional Services (Legal/Accounting),,BR,False,Low,High,239835.21,55,2024-12-30
CUST04624,Matthew Moore,Individual,,Self-Employed,SY,False,Medium,Low,1347.48,5,2024-04-23
CUST04625,Derrick Chavez,Individual,,Student,IT,False,Low,Low,522.62,10,2025-11-08
CUST04626,Flores-Jackson,Business,Money Service Business,,US,False,Medium,Low,59840.03,10,2024-09-01
CUST04627,Alicia Miller,Individual,,Government Employee,US,False,Low,Medium,6749.22,16,2025-01-05
CUST04628,Bradley Pacheco,Individual,,Educator,US,False,Low,High,18319.4,24,2022-10-03
CUST04629,Jacob Hardy,Individual,,Educator,KR,False,Low,Low,1764.77,6,2022-12-16
CUST04630,Watkins Inc,Business,Healthcare Services,,US,False,Low,Medium,65658.36,29,2022-03-23
CUST04631,Glass-Friedman,Business,Consulting Services,,US,False,Low,Medium,28882.48,18,2025-02-09
CUST04632,Christian Stewart,Individual,,Business Owner,KR,False,Low,Medium,7498.78,18,2025-01-14
CUST04633,David Barnett,Individual,,Retired,US,False,Low,Low,2111.43,9,2022-12-05
CUST04634,Carrie Dean,Individual,,Self-Employed,PH,False,Low,High,15147.09,17,2024-02-21
CUST04635,"Gallagher, White and Reynolds",Business,Education Services,,PK,False,Medium,Medium,64547.44,21,2022-04-07
CUST04636,David Robertson,Individual,,Student,IN,False,Low,Low,1679.69,5,2024-07-04
CUST04637,Lee Ltd,Business,Healthcare Services,,DE,False,Low,High,477644.15,48,2022-07-12
CUST04638,Joshua York,Individual,,Student,US,False,Low,Low,1385.04,8,2021-12-27
CUST04639,Joseph Rosales,Individual,,Government Employee,US,False,Low,Medium,11084.15,24,2022-12-14
CUST04640,Fuentes Inc,Business,Charity / NPO,,MX,False,Medium,Medium,273412.55,27,2023-02-14
CUST04641,Anna Poole,Individual,,Educator,GB,False,Low,Low,1394.6,7,2022-04-07
CUST04642,Edward Bates,Individual,,Self-Employed,IN,False,Low,Medium,5204.15,16,2022-07-29
CUST04643,"Watson, Hernandez and Graham",Business,Cryptocurrency Exchange,,US,False,Low,High,443483.92,45,2025-03-02
CUST04644,Wendy Evans,Individual,,Government Employee,ZA,False,Low,Medium,5881.73,19,2021-09-09
CUST04645,Gallagher Inc,Business,Healthcare Services,,US,False,Low,Medium,144880.5,16,2024-05-25
CUST04646,Hawkins-Brown,Business,Manufacturing,,MX,False,Low,High,342099.66,67,2024-03-31
CUST04647,Brady-Hood,Business,Cryptocurrency Exchange,,FR,False,Medium,Medium,196419.22,24,2021-08-16
CUST04648,James Hudson,Individual,,Business Owner,US,False,Low,Medium,3634.96,13,2025-11-22
CUST04649,Kathleen Little,Individual,,Retired,US,False,Low,High,44035.72,29,2025-09-14
CUST04650,Erik Murphy,Individual,,Salaried Employee,UA,False,Medium,Medium,13499.67,15,2024-11-30
CUST04651,"Morales, Bautista and Ross",Business,Casino / Gaming,,US,False,Low,High,733395.13,46,2024-04-05
CUST04652,Barbara Graham,Individual,,Educator,US,False,Low,Low,2131.01,5,2022-09-19
CUST04653,Matthew Rodriguez,Individual,,Retired,ES,False,Low,Low,1857.88,4,2022-10-25
CUST04654,Jessica Thomas,Individual,,Student,IR,False,Medium,Low,1558.29,6,2022-04-04
CUST04655,White LLC,Business,Construction,,IT,False,Low,Low,9476.45,5,2022-02-28
CUST04656,Mitchell PLC,Business,Education Services,,US,False,Low,High,203196.43,58,2023-10-08
CUST04657,Rebecca Rodriguez,Individual,,Freelancer / Gig Worker,US,False,Low,Medium,4029.48,13,2025-09-30
CUST04658,"Stark, Carroll and Atkins",Business,Real Estate Agency,,US,False,Low,Medium,64793.33,23,2022-07-27
CUST04659,Scott Griffin,Individual,,Freelancer / Gig Worker,US,False,Low,Low,1164.07,8,2025-01-27
CUST04660,Linda Austin,Individual,,Educator,ZA,False,Low,High,10589.41,39,2026-02-05
CUST04661,Pearson PLC,Business,Import/Export Trading,,GB,False,Low,Low,37564.3,13,2023-04-24
CUST04662,Joshua Brown,Individual,,Salaried Employee,KP,False,Medium,Medium,6835.25,12,2025-04-17
CUST04663,Alex Watts,Individual,,Retired,UA,False,Medium,Medium,6996.15,11,2023-01-18
CUST04664,"Smith, Smith and Mayer",Business,Construction,,RU,False,Medium,Medium,89704.53,27,2022-12-28
CUST04665,Cheryl Foster,Individual,,Healthcare Worker,RU,False,Medium,Medium,4691.02,12,2022-06-09
CUST04666,Mark Nguyen,Individual,,Government Employee,CA,False,Low,Low,1013.6,7,2023-02-22
CUST04667,Sanchez-Moreno,Business,Professional Services (Legal/Accounting),,UA,False,Low,High,265487.85,86,2023-08-13
CUST04668,April Kelly,Individual,,Business Owner,MX,False,Low,Medium,6645.7,12,2022-12-29
CUST04669,Kirby-Gilbert,Business,Charity / NPO,,MX,False,Medium,Medium,232924.63,17,2022-02-24
CUST04670,Hayes PLC,Business,Precious Metals Dealer,,JP,False,Low,High,737622.96,67,2025-04-17
CUST04671,Carson Group,Business,Cash-Intensive Retail (Car Wash),,SE,False,Medium,Medium,138642.57,27,2023-09-11
CUST04672,Cassandra Peters,Individual,,Healthcare Worker,MX,False,High,Low,1202.06,6,2023-05-18
CUST04673,"Lynch, Cruz and Clarke",Business,Consulting Services,,US,False,Low,Medium,85719.85,28,2023-05-09
CUST04674,John Mccullough,Individual,,Freelancer / Gig Worker,FR,False,Low,Low,1571.99,12,2022-04-29
CUST04675,"Rogers, Wilson and Welch",Business,Import/Export Trading,,KR,False,Medium,Medium,254639.75,56,2025-01-15
CUST04676,Sanders Inc,Business,Technology / SaaS,,ZA,False,Low,High,178878.79,88,2023-09-22
CUST04677,Arnold-Sanford,Business,Manufacturing,,US,False,Medium,Medium,56540.21,19,2022-07-17
CUST04678,Benjamin Moore,Individual,,Retired,CH,False,Low,Low,1353.56,3,2025-12-02
CUST04679,Harris and Sons,Business,Cryptocurrency Exchange,,US,False,Medium,High,644812.91,64,2022-11-30
CUST04680,Joshua Romero,Individual,,Student,US,False,Low,High,10171.32,53,2023-07-10
CUST04681,Hurst-Murray,Business,Cryptocurrency Exchange,,CH,False,Medium,High,321155.45,103,2022-02-26
CUST04682,"Woods, Erickson and Duran",Business,Cash-Intensive Retail (Convenience Store),,LB,False,High,Low,56384.28,9,2021-10-14
CUST04683,Cisneros-Olson,Business,Precious Metals Dealer,,NG,False,High,Medium,186216.49,28,2024-11-24
CUST04684,Curtis Group,Business,Consulting Services,,NL,False,Low,Low,8209.51,10,2024-10-07
CUST04685,Carol Walters,Individual,,Salaried Employee,US,False,Low,Low,1591.88,6,2026-01-23
CUST04686,Matthew Adams,Individual,,Student,AF,False,High,Medium,3260.5,19,2022-04-04
CUST04687,Julie Wallace,Individual,,Freelancer / Gig Worker,US,False,Low,Low,2525.16,6,2025-02-07
CUST04688,Thomas Neal,Individual,,Business Owner,US,False,Low,Medium,7234.34,23,2024-08-12
CUST04689,Jennifer Castaneda,Individual,,Government Employee,IN,False,Low,Low,686.65,6,2023-09-20
CUST04690,Elizabeth Guerrero,Individual,,Student,US,False,Low,High,22643.76,38,2023-02-18
CUST04691,"Lowe, Ewing and Short",Business,Consulting Services,,DE,False,Low,Medium,98620.41,37,2022-11-25
CUST04692,"Myers, Richardson and Ashley",Business,Healthcare Services,,SG,False,Medium,Low,10400.78,10,2025-01-05
CUST04693,"Cruz, Jackson and Kane",Business,Casino / Gaming,,AF,False,High,Low,35113.82,9,2022-06-02
CUST04694,Jerome Parker,Individual,,Educator,SG,False,Low,Low,1146.68,5,2025-12-06
CUST04695,"Cunningham, Farley and Cooper",Business,Cash-Intensive Retail (Restaurant),,US,False,Low,Medium,237217.2,24,2023-07-09
CUST04696,"Nelson, Graham and Fields",Business,Precious Metals Dealer,,US,False,Medium,Low,28394.18,9,2025-05-25
CUST04697,"Evans, Taylor and Hensley",Business,Cash-Intensive Retail (Convenience Store),,KR,False,Medium,Low,31577.34,9,2021-10-22
CUST04698,Adams-Alvarez,Business,Precious Metals Dealer,,ES,False,Low,Medium,121810.01,19,2025-02-14
CUST04699,Garza-Shea,Business,Education Services,,US,False,Low,Low,16336.41,9,2022-02-25
CUST04700,Andrews-Sanders,Business,Cash-Intensive Retail (Car Wash),,US,False,Medium,Low,28296.6,7,2021-10-20
CUST04701,"Smith, Casey and Ellis",Business,Manufacturing,,US,False,Low,High,232039.35,53,2025-11-08
CUST04702,Harold Williamson,Individual,,Freelancer / Gig Worker,MM,False,Medium,Low,1186.04,4,2024-01-14
CUST04703,Bernard Hicks,Individual,,Self-Employed,KR,False,Low,Low,1206.0,5,2025-11-27
CUST04704,Rodriguez-Murray,Business,Real Estate Agency,,US,False,Low,Low,20510.9,6,2024-01-28
CUST04705,Stone-Soto,Business,Precious Metals Dealer,,US,False,Low,Medium,198943.59,25,2023-05-16
CUST04706,Kevin Stokes,Individual,,Healthcare Worker,ZA,False,Low,Low,1611.6,4,2022-07-11
CUST04707,Carter-Silva,Business,Cryptocurrency Exchange,,JP,False,Medium,Low,40808.02,6,2021-11-08
CUST04708,Eugene Sparks,Individual,,Student,GB,False,Low,Low,2792.4,7,2023-01-13
CUST04709,Kayla Foster,Individual,,Student,HK,False,Low,Low,1665.17,5,2021-09-13
CUST04710,Christopher Houston,Individual,,Freelancer / Gig Worker,SE,False,Low,Low,1296.5,4,2021-11-19
CUST04711,Charles Ellis,Individual,,Educator,SS,False,High,Low,2225.25,5,2024-12-28
CUST04712,Juan Winters,Individual,,Healthcare Worker,NG,False,High,Medium,6171.97,18,2021-10-09
CUST04713,"White, Nichols and King",Business,Cash-Intensive Retail (Convenience Store),,AU,False,Medium,Medium,177781.17,27,2026-01-15
CUST04714,Daniel Hawkins,Individual,,Self-Employed,KR,False,Low,Low,2180.39,4,2023-03-27
CUST04715,"Ballard, Rivera and Torres",Business,Precious Metals Dealer,,ES,False,Medium,Low,71757.29,7,2023-08-20
CUST04716,"Larson, Wells and Whitaker",Business,Technology / SaaS,,IN,False,Medium,Medium,65468.01,33,2022-07-09
CUST04717,Jennifer Glenn,Individual,,Student,US,False,Low,Low,2944.5,7,2021-09-28
CUST04718,Schaefer Group,Business,Charity / NPO,,AE,False,High,High,868692.02,32,2024-10-08
CUST04719,Williams and Sons,Business,Import/Export Trading,,SG,False,Medium,High,792754.44,82,2022-01-03
CUST04720,Michelle Wolf,Individual,,Government Employee,US,False,Low,High,12614.33,25,2025-01-18
CUST04721,Stephen Osborne,Individual,,Self-Employed,CA,False,Medium,Low,1737.88,4,2024-08-23
CUST04722,Alicia Donaldson,Individual,,Educator,US,False,Low,Medium,7062.29,10,2024-08-28
CUST04723,Brent Green,Individual,,Healthcare Worker,US,False,Low,High,6044.55,43,2023-04-01
CUST04724,Irwin-Ortega,Business,Cash-Intensive Retail (Car Wash),,ES,False,Low,Medium,232272.32,33,2024-02-14
CUST04725,Keith Shaw,Individual,,Government Employee,BR,False,Low,Low,1568.29,5,2025-09-12
CUST04726,Susan Valdez,Individual,,Retired,SE,False,Low,High,20606.73,31,2025-08-19
CUST04727,Shawn Lara,Individual,,Healthcare Worker,TR,False,Medium,High,22054.11,32,2021-11-19
CUST04728,Paul Patterson,Individual,,Student,SE,False,Low,Medium,5337.66,11,2022-08-30
CUST04729,Hall LLC,Business,Technology / SaaS,,SY,False,High,Medium,51314.9,28,2024-03-12
CUST04730,Anderson-Larson,Business,Manufacturing,,US,False,Low,Medium,20260.98,32,2021-12-26
CUST04731,Donald Cooper,Individual,,Freelancer / Gig Worker,MX,False,Low,Medium,12835.02,9,2025-03-16
CUST04732,"Barrera, Morales and Rangel",Business,Construction,,IN,False,Low,High,303205.47,46,2023-01-08
CUST04733,Andrew Thomas,Individual,,Business Owner,HK,False,Low,Low,2057.16,5,2022-09-09
CUST04734,Thomas Carr,Individual,,Healthcare Worker,US,False,Low,Low,1991.63,7,2025-04-30
CUST04735,Taylor-Randolph,Business,Consulting Services,,KR,False,Low,Medium,34609.7,35,2023-02-18
CUST04736,Mcmillan and Sons,Business,Retail - E-commerce,,US,False,Medium,High,299528.53,48,2022-09-06
CUST04737,"Smith, Young and Frederick",Business,Education Services,,BR,False,Low,Medium,81165.78,32,2024-02-16
CUST04738,Allen Porter,Individual,,Government Employee,NG,False,Medium,Medium,4817.44,23,2025-09-14
CUST04739,Torres-Roberts,Business,Consulting Services,,US,False,Low,Medium,52626.15,20,2024-05-21
CUST04740,Daniel Kim,Individual,,Student,US,False,Medium,Low,1866.8,7,2023-01-26
CUST04741,Roger Hall,Individual,,Business Owner,ES,False,Low,Medium,2405.09,11,2023-07-14
CUST04742,John Miller,Individual,,Student,IN,False,Low,Low,1049.54,4,2022-10-14
CUST04743,Cook-Bailey,Business,Cash-Intensive Retail (Convenience Store),,US,False,Medium,High,526795.54,48,2022-06-25
CUST04744,Ronald Lam,Individual,,Student,KP,False,Medium,Medium,8877.31,17,2022-02-05
CUST04745,David Anderson,Individual,,Salaried Employee,US,False,Low,Medium,6104.54,16,2023-03-11
CUST04746,Arias Inc,Business,Money Service Business,,SE,False,High,Medium,158424.43,33,2025-08-20
CUST04747,Richard Thomas,Individual,,Business Owner,IN,False,Low,Medium,7763.23,14,2025-07-23
CUST04748,Moore-Barton,Business,Cash-Intensive Retail (Restaurant),,US,False,High,Medium,103433.92,19,2023-09-18
CUST04749,"Reed, Morris and Leonard",Business,Professional Services (Legal/Accounting),,US,False,Low,Low,17026.48,5,2024-05-18
CUST04750,Kevin Torres,Individual,,Educator,PH,False,Low,Medium,6885.08,16,2024-07-24
CUST04751,Marquez LLC,Business,Technology / SaaS,,SE,False,Low,Low,17928.89,8,2022-06-25
CUST04752,William Murphy,Individual,,Healthcare Worker,US,False,Low,Low,1675.87,6,2024-10-01
CUST04753,Joan Brown,Individual,,Salaried Employee,ES,False,Low,High,20807.14,25,2022-01-23
CUST04754,Mallory Cox,Individual,,Retired,US,False,Low,Medium,5230.4,24,2022-05-29
CUST04755,West-Parker,Business,Cash-Intensive Retail (Car Wash),,JP,False,Medium,Medium,194829.42,29,2025-08-18
CUST04756,Jacob Lewis,Individual,,Self-Employed,NG,False,Medium,Low,2147.16,4,2022-10-26
CUST04757,Gonzales-Rice,Business,Cryptocurrency Exchange,,DE,False,Low,Low,62503.1,14,2024-02-19
CUST04758,Richard Murray,Individual,,Freelancer / Gig Worker,JP,False,Low,Low,978.72,8,2024-08-25
CUST04759,Michaela Whitney,Individual,,Healthcare Worker,RU,False,Medium,Medium,6902.58,23,2025-07-11
CUST04760,Green PLC,Business,Charity / NPO,,US,False,Medium,High,637074.9,50,2023-05-07
CUST04761,David Dixon,Individual,,Healthcare Worker,NL,False,Low,Medium,8281.99,13,2021-11-16
CUST04762,Calvin Robinson,Individual,,Retired,SG,False,Low,Low,1876.86,7,2022-04-29
CUST04763,Barker and Sons,Business,Retail - E-commerce,,UA,False,Low,Medium,64366.64,29,2026-01-19
CUST04764,Veronica Simmons,Individual,,Self-Employed,US,False,Low,High,17197.57,37,2021-12-08
CUST04765,Katie Preston,Individual,,Self-Employed,US,False,Low,Medium,6795.48,13,2022-03-14
CUST04766,Christopher Daniels,Individual,,Business Owner,US,False,Low,Medium,3904.6,11,2023-04-15
CUST04767,Ronald Graham,Individual,,Government Employee,RU,False,Medium,Medium,3643.19,14,2024-04-21
CUST04768,"Brown, White and Wallace",Business,Consulting Services,,KP,False,High,Low,13744.7,8,2024-03-20
CUST04769,Murphy-Guerrero,Business,Real Estate Agency,,US,False,Low,Medium,61449.15,15,2024-05-27
CUST04770,Karen Shaffer,Individual,,Student,SG,False,Low,Medium,5897.67,10,2025-12-21
CUST04771,Jose Boyer,Individual,,Student,TR,False,Medium,Low,2087.02,4,2024-08-24
CUST04772,John Carter,Individual,,Freelancer / Gig Worker,CA,False,Low,Low,1300.38,5,2024-11-11
CUST04773,Nicholas Ramos MD,Individual,,Educator,HK,False,Low,High,16841.62,25,2023-01-01
CUST04774,"Lamb, Chapman and Brown",Business,Consulting Services,,BR,False,Low,High,224768.44,80,2024-04-04
CUST04775,Robert Taylor,Individual,,Freelancer / Gig Worker,US,False,Low,Medium,5480.43,16,2023-10-21
CUST04776,Soto-Jordan,Business,Cash-Intensive Retail (Car Wash),,US,False,Medium,Medium,92661.96,21,2024-07-09
CUST04777,Kevin Willis,Individual,,Educator,US,False,Low,Low,840.9,5,2021-11-12
CUST04778,"Johnson, Williams and Larson",Business,Manufacturing,,US,True,Medium,Low,13352.88,11,2024-07-06
CUST04779,Kenneth Schmidt,Individual,,Government Employee,KR,False,Low,Medium,4194.92,13,2023-08-10
CUST04780,"Fletcher, Martin and Padilla",Business,Manufacturing,,CA,False,Medium,Low,19366.45,12,2025-02-06
CUST04781,Donna Roberts,Individual,,Self-Employed,US,False,Low,Low,2554.96,5,2024-02-15
CUST04782,Hill-Pace,Business,Cryptocurrency Exchange,,US,True,High,Low,33782.69,11,2026-01-05
CUST04783,Harvey-Crosby,Business,Technology / SaaS,,US,False,Low,High,322248.08,38,2025-07-06
CUST04784,"Wood, Jackson and Bartlett",Business,Import/Export Trading,,KR,False,Medium,High,603035.94,70,2024-10-09
CUST04785,Stacy Murphy,Individual,,Salaried Employee,AU,False,Low,Medium,9942.76,11,2024-07-31
CUST04786,Beth Holmes,Individual,,Student,US,False,Low,Low,1381.51,8,2022-07-25
CUST04787,"Williams, Thomas and Alexander",Business,Import/Export Trading,,FR,False,Medium,High,505229.73,41,2025-07-21
CUST04788,"Ryan, Guerrero and Bates",Business,Money Service Business,,US,False,Medium,Low,54934.31,6,2022-03-31
CUST04789,Evans PLC,Business,Cash-Intensive Retail (Restaurant),,PA,False,High,High,505435.17,57,2023-03-19
CUST04790,"Franklin, Heath and Roach",Business,Cash-Intensive Retail (Restaurant),,US,False,Medium,High,538698.18,49,2025-07-19
CUST04791,Garrett Carpenter,Individual,,Government Employee,NL,False,Medium,High,22488.85,30,2024-02-29
CUST04792,Deborah Murphy,Individual,,Student,PK,False,Medium,Low,2831.4,7,2022-06-17
CUST04793,Rebecca Harris,Individual,,Salaried Employee,US,False,Low,High,18036.1,36,2025-11-03
CUST04794,Mills Group,Business,Cash-Intensive Retail (Restaurant),,US,False,Medium,Medium,134117.22,26,2026-01-26
CUST04795,Miller Ltd,Business,Healthcare Services,,AF,False,High,Medium,148381.78,30,2023-06-21
CUST04796,Christine Shaw,Individual,,Government Employee,NG,False,Medium,Medium,6907.28,15,2025-04-24
CUST04797,"Wilson, Miller and Sanchez",Business,Cryptocurrency Exchange,,US,False,Medium,High,1186326.83,56,2025-10-19
CUST04798,"Miller, Landry and Rogers",Business,Import/Export Trading,,PH,False,High,High,1284893.28,81,2021-09-18
CUST04799,Alison Norton,Individual,,Salaried Employee,UA,False,Low,Low,2927.87,6,2023-01-14
CUST04800,Jill Ray,Individual,,Freelancer / Gig Worker,US,False,Low,High,12553.33,32,2024-10-07
CUST04801,Hernandez-Hensley,Business,Technology / SaaS,,US,False,Low,High,184121.45,71,2025-03-20
CUST04802,Connie Mccormick,Individual,,Student,BR,False,Low,Low,1181.75,3,2022-05-18
CUST04803,Mary Garner,Individual,,Retired,US,False,Medium,Low,1988.88,8,2021-10-17
CUST04804,"Marshall, Curry and Mack",Business,Consulting Services,,UA,False,Medium,Medium,52042.33,22,2024-04-29
CUST04805,Michael Smith,Individual,,Educator,SE,False,Low,Medium,5696.05,15,2022-08-26
CUST04806,Johnston PLC,Business,Cash-Intensive Retail (Restaurant),,KR,False,Low,Low,32666.57,7,2022-04-18
CUST04807,Tyler Patel,Individual,,Salaried Employee,BR,False,High,Low,1917.89,4,2025-08-26
CUST04808,Taylor-Cline,Business,Consulting Services,,MX,False,Low,Low,18234.09,18,2024-08-04
CUST04809,Nathaniel Williams,Individual,,Self-Employed,DE,False,Low,Low,1058.57,8,2022-02-13
CUST04810,Erin Nichols,Individual,,Healthcare Worker,US,False,Low,Low,1316.98,9,2022-06-23
CUST04811,Michelle Williams,Individual,,Self-Employed,US,False,Low,Low,1676.53,4,2024-05-28
CUST04812,Chad Lewis,Individual,,Salaried Employee,CH,False,Low,Low,1362.12,8,2025-07-16
CUST04813,Morales LLC,Business,Consulting Services,,US,False,Low,Medium,36075.61,23,2025-11-02
CUST04814,Gray Group,Business,Cash-Intensive Retail (Restaurant),,UA,False,Low,Low,30334.01,10,2022-10-22
CUST04815,Miller-Vaughn,Business,Manufacturing,,JP,False,Low,High,336695.21,44,2025-12-14
CUST04816,Jennifer Sanchez,Individual,,Salaried Employee,SG,False,Low,Low,1186.7,4,2024-08-15
CUST04817,Luke Bush,Individual,,Healthcare Worker,IT,False,Low,Low,1570.35,6,2024-06-16
CUST04818,Vanessa Bray,Individual,,Freelancer / Gig Worker,US,False,Low,Medium,6911.15,10,2025-04-11
CUST04819,Richardson LLC,Business,Technology / SaaS,,LY,False,High,Low,6902.11,8,2025-06-13
CUST04820,Angelica Cook,Individual,,Self-Employed,US,False,Low,Medium,6600.78,13,2024-11-24
CUST04821,Cynthia Freeman,Individual,,Freelancer / Gig Worker,AU,False,Low,High,12297.8,24,2023-03-14
CUST04822,Reed-Wiley,Business,Consulting Services,,US,False,Medium,Medium,54665.16,33,2022-06-24
CUST04823,Roberts-Long,Business,Money Service Business,,UA,False,High,High,401678.48,33,2021-12-24
CUST04824,Sara Bartlett,Individual,,Business Owner,US,False,Low,Low,2366.13,6,2025-08-18
CUST04825,White-Johnson,Business,Money Service Business,,US,False,Medium,Medium,181643.71,22,2022-12-19
CUST04826,Jennifer Cannon,Individual,,Freelancer / Gig Worker,US,False,Low,Medium,5899.15,13,2024-11-01
CUST04827,Smith-Sloan,Business,Money Service Business,,UA,False,High,High,502796.65,49,2024-02-16
CUST04828,Boyd Group,Business,Import/Export Trading,,YE,False,High,Medium,104660.66,14,2023-10-14
CUST04829,Jones-Bush,Business,Cryptocurrency Exchange,,JP,False,Medium,High,783350.37,58,2025-02-14
CUST04830,Johnson Inc,Business,Education Services,,CA,False,Low,Medium,52486.53,25,2025-07-18
CUST04831,Erica Snow,Individual,,Retired,US,False,Low,Low,1283.6,5,2024-06-19
CUST04832,Sabrina Ellison,Individual,,Self-Employed,NG,False,Low,Medium,4913.75,11,2025-02-06
CUST04833,Williams-Brooks,Business,Professional Services (Legal/Accounting),,US,False,Low,Low,16717.32,13,2022-09-04
CUST04834,Lopez PLC,Business,Cash-Intensive Retail (Car Wash),,IT,False,Low,Medium,266646.41,16,2021-08-17
CUST04835,Henry and Sons,Business,Technology / SaaS,,US,False,Low,Medium,55527.7,22,2021-09-08
CUST04836,Thomas-Barnes,Business,Charity / NPO,,US,False,Low,Low,57086.01,9,2025-03-17
CUST04837,Scott Brennan,Individual,,Business Owner,US,False,Low,Medium,8697.86,17,2023-11-10
CUST04838,Megan Chavez,Individual,,Healthcare Worker,US,False,Low,High,20911.85,40,2026-02-12
CUST04839,Crystal Stewart,Individual,,Self-Employed,US,False,Low,Medium,5997.25,9,2023-06-01
CUST04840,Laura Andrews,Individual,,Healthcare Worker,PK,False,Medium,High,35671.62,21,2021-12-31
CUST04841,James Neal,Individual,,Retired,NL,False,Low,Medium,6279.07,12,2021-08-25
CUST04842,Carrie Herrera,Individual,,Student,ZA,False,Medium,Low,2711.28,9,2023-12-26
CUST04843,"Hicks, Hubbard and Pitts",Business,Manufacturing,,US,False,Low,Low,14998.99,8,2024-08-07
CUST04844,Michael Guerra,Individual,,Retired,PA,False,Low,High,19904.33,13,2024-05-31
CUST04845,"Goodman, Chavez and Singleton",Business,Money Service Business,,US,False,Low,Low,52703.37,12,2022-09-01
CUST04846,Stephen Smith,Individual,,Educator,US,False,Low,Low,1406.96,5,2025-03-25
CUST04847,Toni Galloway,Individual,,Healthcare Worker,PH,False,Low,Low,1763.39,5,2022-07-08
CUST04848,Combs-Hoover,Business,Consulting Services,,US,False,Low,Low,21807.29,19,2021-12-01
CUST04849,Travis Garza,Individual,,Healthcare Worker,TR,False,Medium,Low,4509.83,3,2026-01-24
CUST04850,Katie Harris,Individual,,Self-Employed,US,False,Low,Medium,5374.92,9,2025-08-12
CUST04851,Pearson-Howard,Business,Precious Metals Dealer,,SG,False,Low,Low,17171.34,12,2025-12-21
CUST04852,Oconnor and Sons,Business,Education Services,,US,False,Low,Medium,74616.0,23,2025-01-22
CUST04853,Juarez-Cole,Business,Cash-Intensive Retail (Restaurant),,US,False,High,Medium,240608.83,21,2023-10-03
CUST04854,Mitchell Jacobs,Individual,,Educator,PH,False,Medium,Low,1034.99,7,2022-07-30
CUST04855,Hannah Hunt,Individual,,Healthcare Worker,IT,False,Medium,High,21164.91,23,2025-03-08
CUST04856,Lopez and Sons,Business,Retail - E-commerce,,CA,False,Low,Medium,40022.31,21,2024-12-26
CUST04857,Bailey and Sons,Business,Consulting Services,,US,False,Low,High,165084.73,40,2021-12-14
CUST04858,Andrea Boone,Individual,,Self-Employed,US,False,Low,Low,2511.17,4,2023-08-06
CUST04859,Carr Ltd,Business,Precious Metals Dealer,,AE,False,Medium,Medium,186817.22,27,2024-08-24
CUST04860,Cesar Adams,Individual,,Salaried Employee,US,False,Low,Low,1154.74,5,2023-12-30
CUST04861,Anthony Vaughn,Individual,,Business Owner,LB,False,High,Low,1750.89,5,2023-12-07
CUST04862,Cunningham and Sons,Business,Cash-Intensive Retail (Convenience Store),,US,False,Low,Medium,350836.77,17,2023-12-03
CUST04863,Cuevas-Allen,Business,Healthcare Services,,ZA,False,Low,Medium,24832.13,23,2022-04-04
CUST04864,Howell Ltd,Business,Precious Metals Dealer,,LB,False,High,Medium,201212.1,23,2024-04-01
CUST04865,Mark Thomas,Individual,,Retired,PK,False,Low,Low,1008.43,6,2023-12-22
CUST04866,Julie Matthews,Individual,,Retired,CA,False,Low,Low,2056.1,9,2025-08-27
CUST04867,Garner LLC,Business,Retail - E-commerce,,US,False,Low,High,295375.25,40,2025-01-29
CUST04868,Christopher Miller,Individual,,Freelancer / Gig Worker,US,False,Medium,Low,1658.97,4,2025-11-02
CUST04869,Leon-Lopez,Business,Cash-Intensive Retail (Convenience Store),,ES,False,Medium,Medium,217788.43,27,2021-09-26
CUST04870,Collier-Benson,Business,Cash-Intensive Retail (Convenience Store),,BR,False,Medium,Medium,200385.46,18,2023-06-09
CUST04871,Brett Ferguson,Individual,,Educator,US,False,Low,Low,1509.37,5,2022-01-21
CUST04872,Lee Group,Business,Cryptocurrency Exchange,,CA,False,High,Low,44093.34,7,2026-02-02
CUST04873,Garcia-James,Business,Construction,,US,False,Low,Medium,74669.67,39,2022-01-17
CUST04874,Smith-Payne,Business,Precious Metals Dealer,,FR,False,Low,Medium,277803.9,43,2025-06-07
CUST04875,Carolyn Villa,Individual,,Business Owner,US,False,Low,Low,1196.01,6,2022-11-27
CUST04876,Amanda Rogers,Individual,,Educator,SG,False,Medium,Medium,2825.14,13,2023-08-18
CUST04877,Barry-Gutierrez,Business,Retail - E-commerce,,SE,False,Low,Medium,73387.22,18,2022-10-09
CUST04878,Duncan and Sons,Business,Casino / Gaming,,SY,False,Medium,Low,46449.05,7,2025-02-05
CUST04879,"Silva, Smith and Marshall",Business,Casino / Gaming,,US,False,Medium,High,491317.12,78,2024-04-12
CUST04880,Brown Group,Business,Manufacturing,,RU,False,Medium,High,159225.11,62,2023-09-09
CUST04881,Cook PLC,Business,Education Services,,TR,False,Medium,Low,8474.41,10,2021-09-21
CUST04882,Joel Gilbert,Individual,,Business Owner,MM,False,Medium,Medium,6974.69,12,2022-05-18
CUST04883,Richard Pena,Individual,,Retired,US,False,Low,Low,978.09,4,2023-01-29
CUST04884,Brian Fernandez,Individual,,Self-Employed,LB,False,Medium,Low,3114.54,5,2024-11-08
CUST04885,"Williams, Hicks and Wilkerson",Business,Money Service Business,,US,False,Medium,Medium,229555.43,23,2024-12-07
CUST04886,Thomas-Wilson,Business,Technology / SaaS,,US,False,Medium,Medium,50071.11,33,2023-10-11
CUST04887,Berg-Mckinney,Business,Casino / Gaming,,NG,False,Medium,High,646107.46,53,2023-12-29
CUST04888,"Russell, Rodriguez and Crawford",Business,Technology / SaaS,,US,False,Low,Low,10949.92,12,2023-01-15
CUST04889,"Morton, Brandt and Wells",Business,Construction,,FR,False,Low,Low,22469.35,10,2021-09-02
CUST04890,Eric Russell,Individual,,Salaried Employee,RU,False,Medium,Low,1588.67,5,2022-11-06
CUST04891,Malone LLC,Business,Manufacturing,,AE,False,Medium,Medium,78959.03,28,2022-09-27
CUST04892,Ward Inc,Business,Consulting Services,,NG,False,Medium,Medium,63134.41,26,2024-12-30
CUST04893,Thomas and Sons,Business,Precious Metals Dealer,,PH,False,High,Medium,215449.01,24,2023-06-11
CUST04894,"Nelson, Miller and Best",Business,Import/Export Trading,,US,False,Medium,Low,77848.52,9,2021-10-05
CUST04895,Elizabeth Morrow,Individual,,Student,US,False,Low,Medium,5392.27,16,2025-08-27
CUST04896,Bennett Inc,Business,Real Estate Agency,,US,False,Low,Low,12232.63,9,2023-05-22
CUST04897,Jennifer Garrett,Individual,,Healthcare Worker,US,True,Low,Low,1669.83,4,2024-04-21
CUST04898,Walker and Sons,Business,Education Services,,ES,False,Low,Medium,59447.1,35,2025-08-14
CUST04899,Miller-Owens,Business,Import/Export Trading,,US,False,Medium,Medium,198066.17,15,2024-03-03
CUST04900,Allison Arellano,Individual,,Student,US,False,Low,Medium,6199.74,20,2022-10-04
CUST04901,Gregory Holt,Individual,,Salaried Employee,NL,False,Low,High,19611.17,26,2024-08-07
CUST04902,Reyes and Sons,Business,Consulting Services,,LB,False,Medium,Low,7984.38,6,2022-07-08
CUST04903,Andrews Inc,Business,Cash-Intensive Retail (Convenience Store),,TR,False,Medium,Low,32004.91,8,2024-05-03
CUST04904,"Perkins, Skinner and Jackson",Business,Money Service Business,,JP,False,High,Low,62757.88,10,2025-04-10
CUST04905,Jennifer Todd,Individual,,Government Employee,US,False,Medium,Low,1756.36,4,2024-01-18
CUST04906,Rebekah Dyer,Individual,,Business Owner,US,False,Low,Medium,8279.44,11,2023-10-16
CUST04907,Jeffrey Koch,Individual,,Salaried Employee,JP,False,Medium,Low,808.47,5,2025-12-26
CUST04908,"Fisher, Lewis and Gray",Business,Retail - E-commerce,,US,False,Low,High,451639.18,98,2022-02-12
CUST04909,Kathryn Adams,Individual,,Healthcare Worker,SY,False,High,Low,1875.9,20,2025-07-01
CUST04910,Johnson-Curry,Business,Money Service Business,,KR,False,Medium,High,977343.05,57,2025-05-06
CUST04911,Kristin Davis,Individual,,Healthcare Worker,US,False,Low,Low,2099.66,5,2022-07-20
CUST04912,Katherine Harvey,Individual,,Retired,US,False,Low,Low,1701.1,5,2022-09-23
CUST04913,Kim Inc,Business,Cash-Intensive Retail (Convenience Store),,US,False,Medium,Low,43338.3,9,2022-01-17
CUST04914,Omar Gallagher,Individual,,Business Owner,US,False,Low,Low,866.23,8,2023-05-02
CUST04915,Victor Garrett,Individual,,Self-Employed,US,False,Low,High,22046.05,26,2023-04-19
CUST04916,Veronica Ramirez,Individual,,Self-Employed,US,False,Low,Low,1354.0,6,2023-11-27
CUST04917,Debra Blackburn,Individual,,Freelancer / Gig Worker,CA,False,Low,High,27944.23,23,2021-12-13
CUST04918,Autumn Andrews,Individual,,Salaried Employee,RU,False,Medium,Low,1867.11,6,2026-02-08
CUST04919,Donald Lopez,Individual,,Government Employee,US,False,Low,Low,2086.44,3,2021-09-13
CUST04920,Jones and Sons,Business,Education Services,,BR,False,Low,Low,16475.15,8,2023-04-25
CUST04921,"Acosta, Parks and Newton",Business,Charity / NPO,,US,False,Low,Medium,196051.33,31,2021-09-28
CUST04922,Gary Johns,Individual,,Student,US,False,Low,High,29669.02,30,2023-06-21
CUST04923,Alex Dunn,Individual,,Healthcare Worker,BR,False,Low,High,31778.44,14,2024-10-27
CUST04924,Eddie Klein,Individual,,Educator,BR,False,Medium,Low,1567.09,6,2025-01-18
CUST04925,Kirk Salazar,Individual,,Self-Employed,HK,False,Low,Medium,5433.75,13,2021-08-24
CUST04926,Laura Osborne,Individual,,Freelancer / Gig Worker,HK,False,Low,Low,1768.47,5,2022-05-20
CUST04927,Bryan Yates,Individual,,Salaried Employee,SG,False,Medium,Low,946.28,5,2021-10-24
CUST04928,Savannah Davis,Individual,,Educator,US,False,Medium,Low,1259.3,4,2022-11-30
CUST04929,Taylor Group,Business,Healthcare Services,,US,False,Medium,Low,7229.5,6,2023-05-02
CUST04930,Natalie Perkins,Individual,,Retired,GB,False,Low,Low,2222.43,4,2025-07-12
CUST04931,"Moran, Williams and Smith",Business,Education Services,,US,False,Low,High,152434.54,54,2024-06-25
CUST04932,Daniels-Kirby,Business,Real Estate Agency,,US,False,Low,Low,20736.82,7,2022-04-26
CUST04933,Sharon Kelley,Individual,,Government Employee,US,False,Low,Low,1451.02,3,2025-09-13
CUST04934,Mrs. Amanda Johnson DDS,Individual,,Healthcare Worker,SG,False,Low,Medium,3730.45,13,2025-12-31
CUST04935,Sutton-Wright,Business,Consulting Services,,DE,False,Medium,Medium,81350.88,23,2022-08-17
CUST04936,Sharp and Sons,Business,Consulting Services,,VE,False,High,High,380711.72,65,2025-05-29
CUST04937,Noble PLC,Business,Precious Metals Dealer,,NL,False,High,Low,57052.41,12,2022-05-05
CUST04938,Matthew Peters,Individual,,Healthcare Worker,FR,False,Low,Low,1358.35,8,2024-10-04
CUST04939,"Green, Mason and Malone",Business,Cash-Intensive Retail (Car Wash),,KR,False,Medium,Medium,171951.01,47,2024-03-31
CUST04940,Albert Fields,Individual,,Government Employee,US,False,High,Medium,5069.26,12,2021-09-20
CUST04941,Dalton Farmer,Individual,,Freelancer / Gig Worker,US,False,Medium,Medium,6806.11,15,2023-12-24
CUST04942,Jenkins-Griffin,Business,Consulting Services,,US,False,Low,Low,21123.56,14,2024-10-22
CUST04943,"Lawson, Wright and Perkins",Business,Import/Export Trading,,US,False,Medium,Medium,212431.56,27,2023-12-11
CUST04944,Reynolds-Hernandez,Business,Money Service Business,,US,False,Medium,High,1083389.68,53,2022-01-27
CUST04945,Joshua Adams,Individual,,Healthcare Worker,US,False,Low,Medium,6673.09,10,2021-10-02
CUST04946,Mccarthy PLC,Business,Precious Metals Dealer,,US,False,Medium,Low,39620.48,9,2022-05-25
CUST04947,"Hunter, Knapp and Delgado",Business,Cryptocurrency Exchange,,US,False,Low,Medium,299828.52,18,2025-12-25
CUST04948,Thomas Roberts,Individual,,Self-Employed,US,False,Low,Medium,5272.91,34,2021-08-17
CUST04949,Steven Taylor,Individual,,Salaried Employee,MX,False,Low,Medium,5169.48,13,2024-07-26
CUST04950,"Eaton, Crawford and Barker",Business,Healthcare Services,,US,False,Low,Low,19240.33,13,2022-10-10
CUST04951,Richard Howard,Individual,,Educator,NL,False,Medium,High,22946.98,18,2023-04-04
CUST04952,Christopher Arias,Individual,,Salaried Employee,KR,False,Medium,Low,2364.8,5,2024-07-19
CUST04953,Alicia Phillips MD,Individual,,Government Employee,KH,False,Medium,Low,1549.99,5,2022-06-04
CUST04954,Kristin Taylor DDS,Individual,,Student,US,False,Low,Low,1707.68,5,2022-07-13
CUST04955,"Wilson, Barnes and Jones",Business,Healthcare Services,,US,False,Low,Low,8131.53,7,2023-02-13
CUST04956,Vanessa Reed,Individual,,Business Owner,IT,False,Low,Low,1290.76,4,2021-10-08
CUST04957,Sean Sanders,Individual,,Salaried Employee,FR,False,Low,Low,1409.07,6,2021-11-20
CUST04958,Kyle Robinson,Individual,,Healthcare Worker,US,False,Low,Low,1816.02,5,2023-11-13
CUST04959,Ortiz-Brown,Business,Cash-Intensive Retail (Car Wash),,CH,False,Low,Low,74322.35,7,2022-09-15
CUST04960,Kelly Ellis,Individual,,Student,US,False,Low,Medium,8289.98,17,2021-11-14
CUST04961,Cummings Ltd,Business,Cash-Intensive Retail (Car Wash),,DE,False,Medium,Low,90437.47,9,2023-02-11
CUST04962,Stuart Bradley,Individual,,Healthcare Worker,ZA,False,Low,Low,1291.11,6,2025-04-02
CUST04963,Bell and Sons,Business,Construction,,PH,False,Medium,Medium,95131.2,20,2021-11-13
CUST04964,"Conway, Potts and Espinoza",Business,Healthcare Services,,DE,False,Low,Medium,79901.44,18,2021-09-18
CUST04965,Moss-Graham,Business,Professional Services (Legal/Accounting),,US,False,Low,Low,9548.12,6,2024-05-20
CUST04966,Robert Vance,Individual,,Self-Employed,HK,False,Low,Low,925.31,4,2023-10-26
CUST04967,Nicholas Arellano,Individual,,Freelancer / Gig Worker,AU,False,Medium,Medium,4747.81,10,2024-03-20
CUST04968,"Thompson, Thomas and Gonzales",Business,Retail - E-commerce,,US,False,Low,Medium,57274.44,18,2023-06-24
CUST04969,Elizabeth Bryan,Individual,,Retired,MX,False,Low,Medium,3763.52,25,2021-10-31
CUST04970,Howell LLC,Business,Manufacturing,,FR,False,Low,Medium,27414.8,22,2023-08-19
CUST04971,Diaz Ltd,Business,Money Service Business,,CA,False,Medium,Medium,320114.7,17,2023-05-12
CUST04972,Ellen Bruce,Individual,,Retired,US,False,Low,Low,1606.82,5,2023-10-29
CUST04973,Bailey Group,Business,Construction,,SG,False,Low,Low,10974.76,9,2022-04-29
CUST04974,Jason Jackson DVM,Individual,,Educator,JP,False,Low,Medium,4358.52,14,2022-06-25
CUST04975,"Shelton, Mckenzie and Barnett",Business,Manufacturing,,US,False,Low,Medium,38590.22,31,2023-03-06
CUST04976,Chavez-Smith,Business,Construction,,BR,False,Low,Low,17029.19,10,2024-12-13
CUST04977,Padilla-Hughes,Business,Retail - E-commerce,,FR,False,Low,High,261398.54,58,2024-08-08
CUST04978,Rachel Cisneros,Individual,,Educator,MX,False,Low,Low,2337.46,12,2022-09-21
CUST04979,Terrell-Huber,Business,Retail - E-commerce,,SG,False,Low,Low,12387.16,4,2025-05-18
CUST04980,Jennifer Gardner,Individual,,Student,CU,False,Medium,Low,1473.06,4,2025-12-17
CUST04981,Debra Hanson,Individual,,Self-Employed,HK,False,Low,Medium,10570.37,18,2025-08-23
CUST04982,Bobby Moore,Individual,,Healthcare Worker,AF,False,High,Medium,6059.44,17,2022-02-16
CUST04983,"Clark, Smith and Gutierrez",Business,Import/Export Trading,,ZA,False,Low,Medium,194707.47,20,2022-07-18
CUST04984,"Turner, Cunningham and Holder",Business,Cash-Intensive Retail (Convenience Store),,US,False,Medium,Medium,157497.83,28,2022-11-09
CUST04985,Young LLC,Business,Precious Metals Dealer,,MX,False,Medium,Medium,234313.84,34,2023-05-26
CUST04986,Eric Barnes,Individual,,Freelancer / Gig Worker,US,False,Low,Medium,8274.41,17,2024-11-01
CUST04987,"Hernandez, Rodriguez and Miller",Business,Precious Metals Dealer,,US,False,Medium,Medium,154844.2,25,2025-04-19
CUST04988,Jacobs-Potter,Business,Charity / NPO,,MX,False,Medium,Low,92991.94,8,2023-01-04
CUST04989,Kenneth Jackson,Individual,,Government Employee,RU,False,Medium,High,22941.42,16,2025-01-06
CUST04990,Destiny Campbell,Individual,,Educator,US,False,Low,Low,1329.57,12,2022-05-14
CUST04991,Garcia Ltd,Business,Cryptocurrency Exchange,,SG,False,Medium,Medium,393068.53,16,2025-10-23
CUST04992,Kimberly Miller,Individual,,Educator,US,False,Low,Low,1938.2,6,2022-11-12
CUST04993,Wright-Vincent,Business,Cryptocurrency Exchange,,US,False,Medium,Low,71916.62,12,2025-04-07
CUST04994,Darin Byrd,Individual,,Freelancer / Gig Worker,HK,False,Low,Medium,4170.29,16,2024-01-24
CUST04995,"Baxter, Shaw and White",Business,Professional Services (Legal/Accounting),,GB,False,Low,Medium,78126.99,25,2022-03-03
CUST04996,Destiny Solis,Individual,,Self-Employed,US,False,Low,High,16741.06,34,2021-10-25
CUST04997,Jennifer Cline MD,Individual,,Salaried Employee,JP,False,Low,Low,1466.85,5,2022-06-15
CUST04998,Kaiser and Sons,Business,Casino / Gaming,,ES,False,Medium,Medium,177121.58,21,2022-05-24
CUST04999,Shawn Collins,Individual,,Educator,SG,False,Low,Low,1559.15,10,2023-12-28
CUST05000,Nicholas Wright,Individual,,Freelancer / Gig Worker,TR,False,Medium,Low,2991.28,3,2021-11-13
